year,iso3_o,iso3_d,iso_o,iso_d,flow,gdp_o,gdp_d,pop_o,pop_d,distw,comlang_off,contig,wto_o,wto_d,gatt_o,gatt_d,wto_joint,EU_joint,EAEU_joint
2015,ARM,AZE,ARM,AZE,3243.987,10529182.72,53074370.56,2916.9500000000003,9649.341,380,0,1,1,0,0,0,0,0,0
2016,ARM,AZE,ARM,AZE,2445.5660000000003,10547331.072,37847715.84,2924.8160000000003,9762.274,380,0,1,1,0,0,0,0,0,0
2017,ARM,AZE,ARM,AZE,3940.416,11527458.566,40865558.912,2944.789,9854.033,380,0,1,1,0,0,0,0,0,0
2018,ARM,AZE,ARM,AZE,3569.703,12457941.907,47112941.176,2951.741,9939.771,380,0,1,1,0,0,0,0,0,0
2019,ARM,AZE,ARM,AZE,3037.922,13619291.361,48174235.294,2957.728,10024.283,380,0,1,1,0,0,0,0,0,0
2020,ARM,AZE,ARM,AZE,1570.694,12641209.802,42693000,2963.234,10093.121,381,0,1,1,0,0,0,0,0,0
1997,ARM,BLR,ARM,BLR,1054.243,1639492.48,14128412.672,3137.652,10117,1946,0,0,0,0,0,0,0,0,0
1998,ARM,BLR,ARM,BLR,1689.384,1893726.464,15222014.976,3112.958,10069,1946,0,0,0,0,0,0,0,0,0
1999,ARM,BLR,ARM,BLR,2158.192,1845482.24,12138485.76,3093.82,10035,1946,0,0,0,0,0,0,0,0,0
2000,ARM,BLR,ARM,BLR,1633.5,1911563.648,12736856.064,3076.098,10005,1949,0,0,0,0,0,0,0,0,0
2001,ARM,BLR,ARM,BLR,1692.4,2118467.968,12354820.096,3059.96,9928,1949,0,0,0,0,0,0,0,0,0
2002,ARM,BLR,ARM,BLR,2108.4,2376335.104,14594925.568,3047.002,9865,1949,0,0,0,0,0,0,0,0,0
2003,ARM,BLR,ARM,BLR,2282.8,2807060.992,17825435.648000002,3036.032,9797,1949,0,0,1,0,0,0,0,0,0
2004,ARM,BLR,ARM,BLR,2061.1,3576615.168,23141586.944,3025.652,9730,1949,0,0,1,0,0,0,0,0,0
2005,ARM,BLR,ARM,BLR,2496.711,4900436.992000001,30210091.008,3014.917,9663,1950,0,0,1,0,0,0,0,0,0
2006,ARM,BLR,ARM,BLR,4119.8,6384457.728,36961918.976,3002.911,9604,1950,0,0,1,0,0,0,0,0,0
2007,ARM,BLR,ARM,BLR,3472,9206301.696,45275713.536,2989.882,9560,1950,0,0,1,0,0,0,0,0,0
2008,ARM,BLR,ARM,BLR,4580.4000000000005,11662041.088,60763484.16,2977.4880000000003,9528,1950,0,0,1,0,0,0,0,0,0
2009,ARM,BLR,ARM,BLR,5094.8,8647937.024,49208655.872,2968.154,9507,1950,0,0,1,0,0,0,0,0,0
2010,ARM,BLR,ARM,BLR,5114.2,9260286.976,55220932.608,2963.496,9490,1951,0,0,1,0,0,0,0,0,0
2011,ARM,BLR,ARM,BLR,5768.726000000001,10142343.168,59734593.536,2964.12,9473,1951,0,0,1,0,0,0,0,0,0
2012,ARM,BLR,ARM,BLR,6681.1,9958217.728,63615447.04,2969.081,9464,1951,0,0,1,0,0,0,0,0,0
2013,ARM,BLR,ARM,BLR,8556.082,10432169.984,71709515.77600001,2976.5660000000003,9466,1951,0,0,1,0,0,0,0,0,0
2014,ARM,BLR,ARM,BLR,9023.982,11609512.96,78813052.928,2906.2200000000003,9474.511,1951,0,0,1,0,0,0,0,0,0
2015,ARM,BLR,ARM,BLR,5819.1,10529182.72,56454774.784,2916.9500000000003,9489.616,1951,0,0,1,0,0,0,0,0,1
2016,ARM,BLR,ARM,BLR,13112.17,10547331.072,47433441.28,2924.8160000000003,9507.12,1951,0,0,1,0,0,0,0,0,1
2017,ARM,BLR,ARM,BLR,7125.5,11527458.566,54726595.249,2944.789,9458.989,1951,0,0,1,0,0,0,0,0,1
2018,ARM,BLR,ARM,BLR,11738.39,12457941.907,60031262.269,2951.741,9438.785,1951,0,0,1,0,0,0,0,0,1
2019,ARM,BLR,ARM,BLR,18203.8,13619291.361,64409647.194,2957.728,9419.758,1951,0,0,1,0,0,0,0,0,1
2020,ARM,BLR,ARM,BLR,22782.5,12641209.802,61489588.895,2963.234,9379.952,1951,0,0,1,0,0,0,0,0,1
1995,ARM,EST,ARM,EST,6.393,1468317.312,4362191.36,3223.173,1436.634,2549,0,0,0,0,0,0,0,0,0
1996,ARM,EST,ARM,EST,121.36,1596968.96,4739181.568,3173.425,1415.594,2549,0,0,0,0,0,0,0,0,0
1997,ARM,EST,ARM,EST,65.994,1639492.48,5059146.752,3137.652,1399.535,2549,0,0,0,0,0,0,0,0,0
1998,ARM,EST,ARM,EST,4.831,1893726.464,5608007.1680000005,3112.958,1386.156,2549,0,0,0,0,0,0,0,0,0
1999,ARM,EST,ARM,EST,177.036,1845482.24,5715278.848,3093.82,1380.62,2549,0,0,0,1,0,0,0,0,0
2000,ARM,EST,ARM,EST,159.138,1911563.648,5685561.3440000005,3076.098,1396.985,2549,0,0,0,1,0,0,0,0,0
2001,ARM,EST,ARM,EST,62.623000000000005,2118467.968,6233506.3040000005,3059.96,1388.115,2549,0,0,0,1,0,0,0,0,0
2002,ARM,EST,ARM,EST,183.836,2376335.104,7308609.024,3047.002,1379.35,2549,0,0,0,1,0,0,0,0,0
2003,ARM,EST,ARM,EST,121.601,2807060.992,9822143.488,3036.032,1370.72,2549,0,0,1,1,0,0,1,0,0
2004,ARM,EST,ARM,EST,155.787,3576615.168,12057639.936,3025.652,1362.55,2549,0,0,1,1,0,0,1,0,0
2005,ARM,EST,ARM,EST,92.536,4900436.992000001,14003096.576,3014.917,1354.775,2549,0,0,1,1,0,0,1,0,0
2006,ARM,EST,ARM,EST,1026.3,6384457.728,16958045.184,3002.911,1346.81,2549,0,0,1,1,0,0,1,0,0
2007,ARM,EST,ARM,EST,464.971,9206301.696,22228670.464,2989.882,1340.68,2549,0,0,1,1,0,0,1,0,0
2008,ARM,EST,ARM,EST,1110.888,11662041.088,24185794.56,2977.4880000000003,1337.09,2549,0,0,1,1,0,0,1,0,0
2009,ARM,EST,ARM,EST,230.918,8647937.024,19640621.056,2968.154,1334.515,2549,0,0,1,1,0,0,1,0,0
2010,ARM,EST,ARM,EST,593.451,9260286.976,19479013.376,2963.496,1331.475,2549,0,0,1,1,0,0,1,0,0
2011,ARM,EST,ARM,EST,276.46500000000003,10142343.168,22803433.472,2964.12,1327.439,2549,0,0,1,1,0,0,1,0,0
2012,ARM,EST,ARM,EST,516.689,9958217.728,22660753.408,2969.081,1325.016,2549,0,0,1,1,0,0,1,0,0
2013,ARM,EST,ARM,EST,491.36,10432169.984,24880265.216,2976.5660000000003,1324.612,2549,0,0,1,1,0,0,1,0,0
2014,ARM,EST,ARM,EST,448.116,11609512.96,26213941.248,2906.2200000000003,1314.545,2549,0,0,1,1,0,0,1,0,0
2015,ARM,EST,ARM,EST,718.335,10529182.72,22460471.296,2916.9500000000003,1315.407,2549,0,0,1,1,0,0,1,0,0
2016,ARM,EST,ARM,EST,706.041,10547331.072,23136741.376,2924.8160000000003,1316.481,2549,0,0,1,1,0,0,1,0,0
2017,ARM,EST,ARM,EST,636.964,11527458.566,26924385.103,2944.789,1317.384,2549,0,0,1,1,0,0,1,0,0
2018,ARM,EST,ARM,EST,584.856,12457941.907,30489500.905,2951.741,1321.977,2549,0,0,1,1,0,0,1,0,0
2019,ARM,EST,ARM,EST,765.863,13619291.361,31045591.753,2957.728,1326.855,2549,0,0,1,1,0,0,1,0,0
2020,ARM,EST,ARM,EST,927.087,12641209.802,30650285.472,2963.234,1329.479,2549,0,0,1,1,0,0,1,0,0
1996,ARM,GEO,ARM,GEO,17210.649,1596968.96,3094915.5840000003,3173.425,4616.1,170,0,1,0,0,0,0,0,0,0
1997,ARM,GEO,ARM,GEO,21791.635,1639492.48,3510540.8000000003,3137.652,4531.6,170,0,1,0,0,0,0,0,0,0
1998,ARM,GEO,ARM,GEO,10051.884,1893726.464,3613500.16,3112.958,4487.3,170,0,1,0,0,0,0,0,0,0
1999,ARM,GEO,ARM,GEO,11834.551,1845482.24,2800024.32,3093.82,4452.5,170,0,1,0,0,0,0,0,0,0
2000,ARM,GEO,ARM,GEO,15839.176,1911563.648,3057453.568,3076.098,4418.3,170,0,1,0,1,0,0,0,0,0
2001,ARM,GEO,ARM,GEO,11894.25,2118467.968,3219487.744,3059.96,4386.4000000000005,170,0,1,0,1,0,0,0,0,0
2002,ARM,GEO,ARM,GEO,10262.922,2376335.104,3395778.56,3047.002,4357,170,0,1,0,1,0,0,0,0,0
2003,ARM,GEO,ARM,GEO,12176.679,2807060.992,3991374.592,3036.032,4328.9,170,0,1,1,1,0,0,1,0,0
2004,ARM,GEO,ARM,GEO,26042.415,3576615.168,5125274.112,3025.652,4318.3,170,0,1,1,1,0,0,1,0,0
2005,ARM,GEO,ARM,GEO,39359.556,4900436.992000001,6411147.264,3014.917,4361.4,170,0,1,1,1,0,0,1,0,0
2006,ARM,GEO,ARM,GEO,47497.868,6384457.728,7761900.032000001,3002.911,4398,170,0,1,1,1,0,0,1,0,0
2007,ARM,GEO,ARM,GEO,69094.557,9206301.696,10172260.352,2989.882,4388.4000000000005,170,0,1,1,1,0,0,1,0,0
2008,ARM,GEO,ARM,GEO,76982.58,11662041.088,12799337.472,2977.4880000000003,4383.8,170,0,1,1,1,0,0,1,0,0
2009,ARM,GEO,ARM,GEO,48444.112,8647937.024,10766836.736,2968.154,4410.9000000000005,170,0,1,1,1,0,0,1,0,0
2010,ARM,GEO,ARM,GEO,48211.992,9260286.976,11638537.216,2963.496,4452.8,170,0,1,1,1,0,0,1,0,0
2011,ARM,GEO,ARM,GEO,55031.136,10142343.168,14434620.416,2964.12,4483.35,170,0,1,1,1,0,0,1,0,0
2012,ARM,GEO,ARM,GEO,78045.601,9958217.728,15846474.752,2969.081,4490.7,170,0,1,1,1,0,0,1,0,0
2013,ARM,GEO,ARM,GEO,180963.928,10432169.984,16140047.36,2976.5660000000003,4476.9000000000005,170,0,1,1,1,0,0,1,0,0
2014,ARM,GEO,ARM,GEO,205062.994,11609512.96,16509305.856,2906.2200000000003,3727,170,0,1,1,1,0,0,1,0,0
2015,ARM,GEO,ARM,GEO,175051.645,10529182.72,13993546.752,2916.9500000000003,3717.1,170,0,1,1,1,0,0,1,0,0
2016,ARM,GEO,ARM,GEO,216831.574,10547331.072,14332879.872,2924.8160000000003,3719.3,170,0,1,1,1,0,0,1,0,0
2017,ARM,GEO,ARM,GEO,281335.089,11527458.566,16242916.916,2944.789,3728.004,170,0,1,1,1,0,0,1,0,0
2018,ARM,GEO,ARM,GEO,335374.654,12457941.907,17596922.47,2951.741,3726.549,170,0,1,1,1,0,0,1,0,0
2019,ARM,GEO,ARM,GEO,267678.05700000003,13619291.361,17470436.259,2957.728,3720.161,170,0,1,1,1,0,0,1,0,0
2020,ARM,GEO,ARM,GEO,422400.677,12641209.802,15842922.533,2963.234,3722.716,170,0,1,1,1,0,0,1,0,0
1995,ARM,KAZ,ARM,KAZ,2591.09,1468317.312,20374306.816,3223.173,15815.626,2455,0,0,0,0,0,0,0,0,0
1996,ARM,KAZ,ARM,KAZ,409.893,1596968.96,21035358.208,3173.425,15577.894,2455,0,0,0,0,0,0,0,0,0
1997,ARM,KAZ,ARM,KAZ,1824.592,1639492.48,22165932.032,3137.652,15333.703,2455,0,0,0,0,0,0,0,0,0
1998,ARM,KAZ,ARM,KAZ,494.494,1893726.464,22135244.8,3112.958,15071.3,2455,0,0,0,0,0,0,0,0,0
1999,ARM,KAZ,ARM,KAZ,516.318,1845482.24,16870816.768,3093.82,14928.426,2455,0,0,0,0,0,0,0,0,0
2000,ARM,KAZ,ARM,KAZ,1261.481,1911563.648,18291990.528,3076.098,14883.626,2444,0,0,0,0,0,0,0,0,0
2001,ARM,KAZ,ARM,KAZ,1115.465,2118467.968,22152689.664,3059.96,14858.335,2444,0,0,0,0,0,0,0,0,0
2002,ARM,KAZ,ARM,KAZ,786.1220000000001,2376335.104,24636598.272,3047.002,14858.948,2444,0,0,0,0,0,0,0,0,0
2003,ARM,KAZ,ARM,KAZ,1017.994,2807060.992,30833692.672,3036.032,14909.018,2444,0,0,1,0,0,0,0,0,0
2004,ARM,KAZ,ARM,KAZ,1744.536,3576615.168,43151646.72,3025.652,15012.985,2444,0,0,1,0,0,0,0,0,0
2005,ARM,KAZ,ARM,KAZ,2507.802,4900436.992000001,57123672.064,3014.917,15147.029,2425,0,0,1,0,0,0,0,0,0
2006,ARM,KAZ,ARM,KAZ,3918.206,6384457.728,81003864.064,3002.911,15308.084,2425,0,0,1,0,0,0,0,0,0
2007,ARM,KAZ,ARM,KAZ,7022.615,9206301.696,104849883.136,2989.882,15484.192,2425,0,0,1,0,0,0,0,0,0
2008,ARM,KAZ,ARM,KAZ,4057.812,11662041.088,133441609.728,2977.4880000000003,15674,2425,0,0,1,0,0,0,0,0,0
2009,ARM,KAZ,ARM,KAZ,2414.847,8647937.024,115308658.688,2968.154,16092.701,2425,0,0,1,0,0,0,0,0,0
2010,ARM,KAZ,ARM,KAZ,3212.189,9260286.976,148047347.712,2963.496,16321.581,2414,0,0,1,0,0,0,0,0,0
2011,ARM,KAZ,ARM,KAZ,4396.969,10142343.168,188048965.632,2964.12,16556.601,2414,0,0,1,0,0,0,0,0,0
2012,ARM,KAZ,ARM,KAZ,3957.81,9958217.728,203517198.336,2969.081,16791.426,2414,0,0,1,0,0,0,0,0,0
2013,ARM,KAZ,ARM,KAZ,7262.659000000001,10432169.984,231876280.32,2976.5660000000003,17037.508,2414,0,0,1,0,0,0,0,0,0
2014,ARM,KAZ,ARM,KAZ,7806.756,11609512.96,221415571.456,2906.2200000000003,17289.225,2414,0,0,1,0,0,0,0,0,0
2015,ARM,KAZ,ARM,KAZ,4857.682,10529182.72,184388435.968,2916.9500000000003,17544.127,2404,0,0,1,1,0,0,1,0,1
2016,ARM,KAZ,ARM,KAZ,5267.416,10547331.072,133657083.904,2924.8160000000003,17797.031,2404,0,0,1,1,0,0,1,0,1
2017,ARM,KAZ,ARM,KAZ,5033.287,11527458.566,166805800.59600002,2944.789,18037.777,2404,0,0,1,1,0,0,1,0,1
2018,ARM,KAZ,ARM,KAZ,9777.788,12457941.907,179339994.859,2951.741,18276.451,2404,0,0,1,1,0,0,1,0,1
2019,ARM,KAZ,ARM,KAZ,7025.798,13619291.361,181667190.076,2957.728,18513.674,2404,0,0,1,1,0,0,1,0,1
2020,ARM,KAZ,ARM,KAZ,7701.933,12641209.802,171082379.533,2963.234,18755.667,2396,0,0,1,1,0,0,1,0,1
1995,ARM,KGZ,ARM,KGZ,601.099,1468317.312,1661018.496,3223.173,4560.4000000000005,2514,0,0,0,0,0,0,0,0,0
1997,ARM,KGZ,ARM,KGZ,33.901,1639492.48,1767864.064,3137.652,4696.4000000000005,2514,0,0,0,0,0,0,0,0,0
1998,ARM,KGZ,ARM,KGZ,364.589,1893726.464,1645963.776,3112.958,4769,2514,0,0,0,1,0,0,0,0,0
1999,ARM,KGZ,ARM,KGZ,43.848,1845482.24,1249062.016,3093.82,4840.4000000000005,2514,0,0,0,1,0,0,0,0,0
2000,ARM,KGZ,ARM,KGZ,15.278,1911563.648,1369691.904,3076.098,4898.4000000000005,2514,0,0,0,1,0,0,0,0,0
2001,ARM,KGZ,ARM,KGZ,129.338,2118467.968,1525113.472,3059.96,4945.1,2514,0,0,0,1,0,0,0,0,0
2002,ARM,KGZ,ARM,KGZ,447.495,2376335.104,1605640.576,3047.002,4990.7,2514,0,0,0,1,0,0,0,0,0
2003,ARM,KGZ,ARM,KGZ,112.492,2807060.992,1919012.736,3036.032,5043.3,2514,0,0,1,1,0,0,1,0,0
2004,ARM,KGZ,ARM,KGZ,17.946,3576615.168,2211535.36,3025.652,5104.7,2514,0,0,1,1,0,0,1,0,0
2005,ARM,KGZ,ARM,KGZ,39.919,4900436.992000001,2459876.096,3014.917,5162.6,2514,0,0,1,1,0,0,1,0,0
2006,ARM,KGZ,ARM,KGZ,140.58,6384457.728,2834168.832,3002.911,5218.4000000000005,2514,0,0,1,1,0,0,1,0,0
2007,ARM,KGZ,ARM,KGZ,152.788,9206301.696,3802566.144,2989.882,5268.4000000000005,2514,0,0,1,1,0,0,1,0,0
2008,ARM,KGZ,ARM,KGZ,217.37,11662041.088,5139957.76,2977.4880000000003,5318.7,2514,0,0,1,1,0,0,1,0,0
2009,ARM,KGZ,ARM,KGZ,191.985,8647937.024,4690062.336,2968.154,5383.3,2514,0,0,1,1,0,0,1,0,0
2010,ARM,KGZ,ARM,KGZ,2379.919,9260286.976,4794357.76,2963.496,5447.9000000000005,2514,0,0,1,1,0,0,1,0,0
2011,ARM,KGZ,ARM,KGZ,401.555,10142343.168,6197766.144,2964.12,5514.6,2514,0,0,1,1,0,0,1,0,0
2012,ARM,KGZ,ARM,KGZ,272.647,9958217.728,6605139.968,2969.081,5607.2,2514,0,0,1,1,0,0,1,0,0
2013,ARM,KGZ,ARM,KGZ,979.213,10432169.984,7226303.488,2976.5660000000003,5719.5,2514,0,0,1,1,0,0,1,0,0
2014,ARM,KGZ,ARM,KGZ,313.991,11609512.96,7468096.512,2906.2200000000003,5835.5,2514,0,0,1,1,0,0,1,0,0
2015,ARM,KGZ,ARM,KGZ,349.786,10529182.72,6678178.3040000005,2916.9500000000003,5956.9000000000005,2514,0,0,1,1,0,0,1,0,1
2016,ARM,KGZ,ARM,KGZ,1132.145,10547331.072,6551287.808,2924.8160000000003,6082.7,2514,0,0,1,1,0,0,1,0,1
2017,ARM,KGZ,ARM,KGZ,1806.175,11527458.566,7702934.8,2944.789,6198.2,2514,0,0,1,1,0,0,1,0,1
2018,ARM,KGZ,ARM,KGZ,970.527,12457941.907,8271108.638,2951.741,6322.8,2514,0,0,1,1,0,0,1,0,1
2019,ARM,KGZ,ARM,KGZ,3152.1330000000003,13619291.361,8871026.074000001,2957.728,6456.2,2514,0,0,1,1,0,0,1,0,1
2020,ARM,KGZ,ARM,KGZ,2081.836,12641209.802,7780874.537,2963.234,6579.9000000000005,2514,0,0,1,1,0,0,1,0,1
1992,ARM,LTU,ARM,LTU,1985.999,1272577.536,8562311.168,3449.4970000000003,3700.114,2155,0,0,0,0,0,0,0,0,0
1994,ARM,LTU,ARM,LTU,34.95,1315158.656,6958637.056,3289.943,3657.144,2155,0,0,0,0,0,0,0,0,0
1995,ARM,LTU,ARM,LTU,70.09700000000001,1468317.312,7904896,3223.173,3629.102,2155,0,0,0,0,0,0,0,0,0
1996,ARM,LTU,ARM,LTU,15.197,1596968.96,8426599.936,3173.425,3601.6130000000003,2155,0,0,0,0,0,0,0,0,0
1997,ARM,LTU,ARM,LTU,305.884,1639492.48,10128700.416,3137.652,3575.137,2155,0,0,0,0,0,0,0,0,0
1998,ARM,LTU,ARM,LTU,172.589,1893726.464,11254049.792,3112.958,3549.331,2155,0,0,0,0,0,0,0,0,0
1999,ARM,LTU,ARM,LTU,83.474,1845482.24,10971374.592,3093.82,3524.2380000000003,2155,0,0,0,0,0,0,0,0,0
2000,ARM,LTU,ARM,LTU,1882.576,1911563.648,11434200.064,3076.098,3499.536,2155,0,0,0,0,0,0,0,0,0
2001,ARM,LTU,ARM,LTU,2259.959,2118467.968,12159224.832,3059.96,3470.818,2155,0,0,0,1,0,0,0,0,0
2002,ARM,LTU,ARM,LTU,613.467,2376335.104,14163949.568,3047.002,3443.067,2155,0,0,0,1,0,0,0,0,0
2003,ARM,LTU,ARM,LTU,135.288,2807060.992,18608709.632,3036.032,3415.213,2155,0,0,1,1,0,0,1,0,0
2004,ARM,LTU,ARM,LTU,127.234,3576615.168,22659295.232,3025.652,3377.0750000000003,2155,0,0,1,1,0,0,1,0,0
2005,ARM,LTU,ARM,LTU,187.812,4900436.992000001,26085306.368,3014.917,3322.528,2155,0,0,1,1,0,0,1,0,0
2006,ARM,LTU,ARM,LTU,44.974,6384457.728,30246361.088,3002.911,3269.909,2155,0,0,1,1,0,0,1,0,0
2007,ARM,LTU,ARM,LTU,182.358,9206301.696,39325986.816,2989.882,3231.294,2155,0,0,1,1,0,0,1,0,0
2008,ARM,LTU,ARM,LTU,412.077,11662041.088,47438364.672,2977.4880000000003,3198.231,2155,0,0,1,1,0,0,1,0,0
2009,ARM,LTU,ARM,LTU,403.548,8647937.024,37050081.28,2968.154,3162.916,2155,0,0,1,1,0,0,1,0,0
2010,ARM,LTU,ARM,LTU,722.607,9260286.976,36709511.168,2963.496,3097.282,2155,0,0,1,1,0,0,1,0,0
2011,ARM,LTU,ARM,LTU,958.663,10142343.168,43083067.392,2964.12,3028.115,2155,0,0,1,1,0,0,1,0,0
2012,ARM,LTU,ARM,LTU,1921.783,9958217.728,42343559.168,2969.081,2987.773,2155,0,0,1,1,0,0,1,0,0
2013,ARM,LTU,ARM,LTU,1521.453,10432169.984,45931966.464,2976.5660000000003,2956.121,2155,0,0,1,1,0,0,1,0,0
2014,ARM,LTU,ARM,LTU,2762.718,11609512.96,48545251.328,2906.2200000000003,2932.367,2155,0,0,1,1,0,0,1,0,0
2015,ARM,LTU,ARM,LTU,2243.775,10529182.72,41402023.936,2916.9500000000003,2904.91,2155,0,0,1,1,0,0,1,0,0
2016,ARM,LTU,ARM,LTU,2511.755,10547331.072,42738876.416,2924.8160000000003,2872.298,2155,0,0,1,1,0,0,1,0,0
2017,ARM,LTU,ARM,LTU,1969.396,11527458.566,47758736.932,2944.789,2828.403,2155,0,0,1,1,0,0,1,0,0
2018,ARM,LTU,ARM,LTU,3452.034,12457941.907,53750911.866,2951.741,2801.543,2155,0,0,1,1,0,0,1,0,0
2019,ARM,LTU,ARM,LTU,11181.825,13619291.361,54697379.017000005,2957.728,2794.137,2155,0,0,1,1,0,0,1,0,0
2020,ARM,LTU,ARM,LTU,9766.17,12641209.802,56546957.475,2963.234,2794.885,2155,0,0,1,1,0,0,1,0,0
1994,ARM,LVA,ARM,LVA,12.126,1315158.656,5060854.784,3289.943,2520.742,2377,0,0,0,0,0,0,0,0,0
1995,ARM,LVA,ARM,LVA,11.193,1468317.312,5235719.68,3223.173,2485.056,2377,0,0,0,0,0,0,0,0,0
1996,ARM,LVA,ARM,LVA,158.436,1596968.96,5585292.8,3173.425,2457.222,2377,0,0,0,0,0,0,0,0,0
1997,ARM,LVA,ARM,LVA,212.001,1639492.48,6133234.176,3137.652,2432.851,2377,0,0,0,0,0,0,0,0,0
1998,ARM,LVA,ARM,LVA,588.149,1893726.464,6616957.44,3112.958,2410.019,2377,0,0,0,0,0,0,0,0,0
1999,ARM,LVA,ARM,LVA,311.26800000000003,1845482.24,7288524.288,3093.82,2390.482,2377,0,0,0,1,0,0,0,0,0
2000,ARM,LVA,ARM,LVA,338.009,1911563.648,7833068.544,3076.098,2367.55,2377,0,0,0,1,0,0,0,0,0
2001,ARM,LVA,ARM,LVA,366.404,2118467.968,8313047.552,3059.96,2337.17,2377,0,0,0,1,0,0,0,0,0
2002,ARM,LVA,ARM,LVA,655.825,2376335.104,9314784.256,3047.002,2310.173,2377,0,0,0,1,0,0,0,0,0
2003,ARM,LVA,ARM,LVA,686.498,2807060.992,11186452.48,3036.032,2287.955,2377,0,0,1,1,0,0,1,0,0
2004,ARM,LVA,ARM,LVA,949.733,3576615.168,13761569.792,3025.652,2263.122,2377,0,0,1,1,0,0,1,0,0
2005,ARM,LVA,ARM,LVA,1827.463,4900436.992000001,16041840.64,3014.917,2238.799,2377,0,0,1,1,0,0,1,0,0
2006,ARM,LVA,ARM,LVA,1361.311,6384457.728,19935045.632,3002.911,2218.357,2377,0,0,1,1,0,0,1,0,0
2007,ARM,LVA,ARM,LVA,1271.887,9206301.696,28765687.808,2989.882,2200.3250000000003,2377,0,0,1,1,0,0,1,0,0
2008,ARM,LVA,ARM,LVA,1145.823,11662041.088,33669367.808,2977.4880000000003,2177.322,2377,0,0,1,1,0,0,1,0,0
2009,ARM,LVA,ARM,LVA,887.399,8647937.024,25875781.632,2968.154,2141.669,2377,0,0,1,1,0,0,1,0,0
2010,ARM,LVA,ARM,LVA,1494.399,9260286.976,24009680.896,2963.496,2097.555,2377,0,0,1,1,0,0,1,0,0
2011,ARM,LVA,ARM,LVA,1099.618,10142343.168,28480337.92,2964.12,2059.709,2377,0,0,1,1,0,0,1,0,0
2012,ARM,LVA,ARM,LVA,2190.997,9958217.728,28372578.304,2969.081,2034.319,2377,0,0,1,1,0,0,1,0,0
2013,ARM,LVA,ARM,LVA,2638.149,10432169.984,30956691.456,2976.5660000000003,2013.385,2377,0,0,1,1,0,0,1,0,0
2014,ARM,LVA,ARM,LVA,3768.568,11609512.96,31352250.368,2906.2200000000003,1993.782,2377,0,0,1,1,0,0,1,0,0
2015,ARM,LVA,ARM,LVA,1930.087,10529182.72,27026036.736,2916.9500000000003,1977.527,2377,0,0,1,1,0,0,1,0,0
2016,ARM,LVA,ARM,LVA,1740.76,10547331.072,27677390.848,2924.8160000000003,1960.424,2377,0,0,1,1,0,0,1,0,0
2017,ARM,LVA,ARM,LVA,2902.611,11527458.566,30483806.018,2944.789,1942.248,2377,0,0,1,1,0,0,1,0,0
2018,ARM,LVA,ARM,LVA,3385.177,12457941.907,34429023.435,2951.741,1927.174,2377,0,0,1,1,0,0,1,0,0
2019,ARM,LVA,ARM,LVA,4391.954,13619291.361,34308783.825,2957.728,1913.822,2377,0,0,1,1,0,0,1,0,0
2020,ARM,LVA,ARM,LVA,3688.083,12641209.802,33645460.617,2963.234,1900.449,2377,0,0,1,1,0,0,1,0,0
1994,ARM,MDA,ARM,MDA,63.793,1315158.656,1702314.368,3289.943,3694,1470,0,0,0,0,0,0,0,0,0
1995,ARM,MDA,ARM,MDA,46.652,1468317.312,1752995.328,3223.173,3675.099,1470,0,0,0,0,0,0,0,0,0
1996,ARM,MDA,ARM,MDA,69.348,1596968.96,1695130.496,3173.425,3667.748,1470,0,0,0,0,0,0,0,0,0
1997,ARM,MDA,ARM,MDA,137.954,1639492.48,1930071.424,3137.652,3654.208,1470,0,0,0,0,0,0,0,0,0
1998,ARM,MDA,ARM,MDA,21.407,1893726.464,1639497.216,3112.958,3652.732,1470,0,0,0,0,0,0,0,0,0
1999,ARM,MDA,ARM,MDA,206.95,1845482.24,1170785.024,3093.82,3647.001,1470,0,0,0,0,0,0,0,0,0
2000,ARM,MDA,ARM,MDA,142.411,1911563.648,1288420.224,3076.098,3639.592,1470,0,0,0,0,0,0,0,0,0
2001,ARM,MDA,ARM,MDA,182.237,2118467.968,1480656.896,3059.96,3631.462,1470,0,0,0,1,0,0,0,0,0
2002,ARM,MDA,ARM,MDA,144.764,2376335.104,1661818.112,3047.002,3623.062,1470,0,0,0,1,0,0,0,0,0
2003,ARM,MDA,ARM,MDA,283.922,2807060.992,1980901.504,3036.032,3612.874,1470,0,0,1,1,0,0,1,0,0
2004,ARM,MDA,ARM,MDA,216.25,3576615.168,2598231.552,3025.652,3603.945,1470,0,0,1,1,0,0,1,0,0
2005,ARM,MDA,ARM,MDA,737.001,4900436.992000001,2988172.544,3014.917,3595.187,1470,0,0,1,1,0,0,1,0,0
2006,ARM,MDA,ARM,MDA,836.644,6384457.728,3408454.144,3002.911,3585.2090000000003,1470,0,0,1,1,0,0,1,0,0
2007,ARM,MDA,ARM,MDA,2465.196,9206301.696,4402496,2989.882,3576.91,1470,0,0,1,1,0,0,1,0,0
2008,ARM,MDA,ARM,MDA,1640.61,11662041.088,6054806.016,2977.4880000000003,3570.108,1470,0,0,1,1,0,0,1,0,0
2009,ARM,MDA,ARM,MDA,1302.225,8647937.024,5439421.9520000005,2968.154,3565.6040000000003,1470,0,0,1,1,0,0,1,0,0
2010,ARM,MDA,ARM,MDA,965.742,9260286.976,5811603.968,2963.496,3562.045,1470,0,0,1,1,0,0,1,0,0
2011,ARM,MDA,ARM,MDA,415.475,10142343.168,7016162.816000001,2964.12,3559.986,1470,0,0,1,1,0,0,1,0,0
2012,ARM,MDA,ARM,MDA,710.063,9958217.728,7284686.336,2969.081,3559.519,1470,0,0,1,1,0,0,1,0,0
2013,ARM,MDA,ARM,MDA,492.252,10432169.984,7969618.944,2976.5660000000003,3559,1470,0,0,1,1,0,0,1,0,0
2014,ARM,MDA,ARM,MDA,514.589,11609512.96,7983270.912,2906.2200000000003,3556.397,1470,0,0,1,1,0,0,1,0,0
2015,ARM,MDA,ARM,MDA,586.7760000000001,10529182.72,6512899.584,2916.9500000000003,3554.108,1470,0,0,1,1,0,0,1,0,0
2016,ARM,MDA,ARM,MDA,380.103,10547331.072,6749515.776000001,2924.8160000000003,3552,1470,0,0,1,1,0,0,1,0,0
2017,ARM,MDA,ARM,MDA,647.738,11527458.566,9669741.744,2944.789,2755.158,1470,0,0,1,1,0,0,1,0,0
2018,ARM,MDA,ARM,MDA,1410.081,12457941.907,11457443.185,2951.741,2708.214,1470,0,0,1,1,0,0,1,0,0
2019,ARM,MDA,ARM,MDA,2343.556,13619291.361,11971345.003,2957.728,2664.974,1470,0,0,1,1,0,0,1,0,0
2020,ARM,MDA,ARM,MDA,1003.268,12641209.802,11859730.544,2963.234,2620.495,1470,0,0,1,1,0,0,1,0,0
1996,ARM,RUS,ARM,RUS,38478.203,1596968.96,391721385.984,3173.425,148160.126,1701,0,0,0,0,0,0,0,0,0
1997,ARM,RUS,ARM,RUS,59658.757,1639492.48,404926529.536,3137.652,147915.375,1701,0,0,0,0,0,0,0,0,0
1998,ARM,RUS,ARM,RUS,39245.281,1893726.464,270953119.744,3112.958,147670.776,1701,0,0,0,0,0,0,0,0,0
1999,ARM,RUS,ARM,RUS,33819.607,1845482.24,195905765.376,3093.82,147214.783,1701,0,0,0,0,0,0,0,0,0
2000,ARM,RUS,ARM,RUS,43811.137,1911563.648,259708502.016,3076.098,146596.863,1690,0,0,0,0,0,0,0,0,0
2001,ARM,RUS,ARM,RUS,57697.812,2118467.968,306602672.128,3059.96,145976.471,1690,0,0,0,0,0,0,0,0,0
2002,ARM,RUS,ARM,RUS,61597.201,2376335.104,345110446.08,3047.002,145408.035,1690,0,0,0,0,0,0,0,0,0
2003,ARM,RUS,ARM,RUS,91059.608,2807060.992,430347780.096,3036.032,144667.465,1690,0,0,1,0,0,0,0,0,0
2004,ARM,RUS,ARM,RUS,75270.731,3576615.168,591016689.664,3025.652,143821.213,1690,0,0,1,0,0,0,0,0,0
2005,ARM,RUS,ARM,RUS,115843.004,4900436.992000001,764000927.744,3014.917,143113.892,1682,0,0,1,0,0,0,0,0,0
2006,ARM,RUS,ARM,RUS,114863.112,6384457.728,989930520.576,3002.911,142487.259,1682,0,0,1,0,0,0,0,0,0
2007,ARM,RUS,ARM,RUS,196059.976,9206301.696,1299705233.408,2989.882,142114.899,1682,0,0,1,0,0,0,0,0,0
2008,ARM,RUS,ARM,RUS,214277.661,11662041.088,1660844376.064,2977.4880000000003,141956.40600000002,1682,0,0,1,0,0,0,0,0,0
2009,ARM,RUS,ARM,RUS,111065.327,8647937.024,1222643679.232,2968.154,141909.241,1682,0,0,1,0,0,0,0,0,0
2010,ARM,RUS,ARM,RUS,159906.527,9260286.976,1524916158.464,2963.496,142385.529,1677,0,0,1,0,0,0,0,0,0
2011,ARM,RUS,ARM,RUS,220810.35,10142343.168,1904792961.024,2964.12,142956.467,1677,0,0,1,0,0,0,0,0,0
2012,ARM,RUS,ARM,RUS,300710.539,9958217.728,2017470971.904,2969.081,143177.994,1677,0,0,1,1,0,0,1,0,0
2013,ARM,RUS,ARM,RUS,352394.592,10432169.984,2096777003.008,2976.5660000000003,143499.863,1677,0,0,1,1,0,0,1,0,0
2014,ARM,RUS,ARM,RUS,314171.473,11609512.96,2063662317.568,2906.2200000000003,143819.672,1677,0,0,1,1,0,0,1,0,0
2015,ARM,RUS,ARM,RUS,225870.677,10529182.72,1365865267.2,2916.9500000000003,144096.863,1679,0,0,1,1,0,0,1,0,1
2016,ARM,RUS,ARM,RUS,397617.879,10547331.072,1283162374.144,2924.8160000000003,144342.392,1679,0,0,1,1,0,0,1,0,1
2017,ARM,RUS,ARM,RUS,540514.457,11527458.566,1574199387.071,2944.789,144496.73500000002,1679,0,0,1,1,0,0,1,0,1
2018,ARM,RUS,ARM,RUS,641864.227,12457941.907,1657329646.184,2951.741,144477.859,1679,0,0,1,1,0,0,1,0,1
2019,ARM,RUS,ARM,RUS,767669.868,13619291.361,1693113904.263,2957.728,144406.265,1679,0,0,1,1,0,0,1,0,1
2020,ARM,RUS,ARM,RUS,658361.06,12641209.802,1488321875.49,2963.234,144073.135,1682,0,0,1,1,0,0,1,0,1
1997,ARM,TJK,ARM,TJK,40.794,1639492.48,921843.136,3137.652,5937.177,2093,0,0,0,0,0,0,0,0,0
2000,ARM,TJK,ARM,TJK,1,1911563.648,860550.272,3076.098,6186.152,2093,0,0,0,0,0,0,0,0,0
2001,ARM,TJK,ARM,TJK,241.77,2118467.968,1080774.016,3059.96,6289.34,2093,0,0,0,0,0,0,0,0,0
2002,ARM,TJK,ARM,TJK,128,2376335.104,1221113.856,3047.002,6404.118,2093,0,0,0,0,0,0,0,0,0
2005,ARM,TJK,ARM,TJK,4.53,4900436.992000001,2312319.488,3014.917,6805.655,2093,0,0,1,0,0,0,0,0,0
2006,ARM,TJK,ARM,TJK,242.091,6384457.728,2830236.16,3002.911,6954.522,2093,0,0,1,0,0,0,0,0,0
2007,ARM,TJK,ARM,TJK,60.223,9206301.696,3719497.472,2989.882,7111.0250000000005,2093,0,0,1,0,0,0,0,0,0
2008,ARM,TJK,ARM,TJK,23.42,11662041.088,5161336.32,2977.4880000000003,7275.252,2093,0,0,1,0,0,0,0,0,0
2009,ARM,TJK,ARM,TJK,252.785,8647937.024,4979482.112,2968.154,7447.396,2093,0,0,1,0,0,0,0,0,0
2010,ARM,TJK,ARM,TJK,213.274,9260286.976,5642178.5600000005,2963.496,7627.326,2093,0,0,1,0,0,0,0,0,0
2011,ARM,TJK,ARM,TJK,624.062,10142343.168,6522732.032000001,2964.12,7814.85,2093,0,0,1,0,0,0,0,0,0
2012,ARM,TJK,ARM,TJK,484.484,9958217.728,7633049.600000001,2969.081,8008.99,2093,0,0,1,0,0,0,0,0,0
2013,ARM,TJK,ARM,TJK,1346.202,10432169.984,8508103.68,2976.5660000000003,8207.834,2093,0,0,1,1,0,0,1,0,0
2014,ARM,TJK,ARM,TJK,622.366,11609512.96,9236308.992,2906.2200000000003,8362.745,2093,0,0,1,1,0,0,1,0,0
2015,ARM,TJK,ARM,TJK,386.72,10529182.72,7853450.24,2916.9500000000003,8548.651,2093,0,0,1,1,0,0,1,0,0
2016,ARM,TJK,ARM,TJK,788.748,10547331.072,6951656.96,2924.8160000000003,8734.951000000001,2093,0,0,1,1,0,0,1,0,0
2017,ARM,TJK,ARM,TJK,959.818,11527458.566,7536439.875,2944.789,8880.27,2093,0,0,1,1,0,0,1,0,0
2018,ARM,TJK,ARM,TJK,1794.549,12457941.907,7765014.424000001,2951.741,9100.847,2093,0,0,1,1,0,0,1,0,0
2019,ARM,TJK,ARM,TJK,1713.584,13619291.361,8300784.857,2957.728,9321.023,2093,0,0,1,1,0,0,1,0,0
2020,ARM,TJK,ARM,TJK,621.592,12641209.802,8133996.648,2963.234,9537.642,2093,0,0,1,1,0,0,1,0,0
1997,ARM,TKM,ARM,TKM,22949.449,1639492.48,2450084.864,3137.652,4335.991,1224,0,0,0,0,0,0,0,0,0
1998,ARM,TKM,ARM,TKM,34583.032,1893726.464,2605688.064,3112.958,4395.293,1224,0,0,0,0,0,0,0,0,0
1999,ARM,TKM,ARM,TKM,7448.216,1845482.24,2450686.72,3093.82,4449.427,1224,0,0,0,0,0,0,0,0,0
2000,ARM,TKM,ARM,TKM,19782.587,1911563.648,2904662.528,3076.098,4501.419,1224,0,0,0,0,0,0,0,0,0
2001,ARM,TKM,ARM,TKM,807.658,2118467.968,3534771.968,3059.96,4551.762,1224,0,0,0,0,0,0,0,0,0
2002,ARM,TKM,ARM,TKM,2684.44,2376335.104,4462028.8,3047.002,4600.171,1224,0,0,0,0,0,0,0,0,0
2003,ARM,TKM,ARM,TKM,3466.77,2807060.992,5977440.768,3036.032,4648.037,1224,0,0,1,0,0,0,0,0,0
2004,ARM,TKM,ARM,TKM,423.428,3576615.168,6838350.848,3025.652,4696.876,1224,0,0,1,0,0,0,0,0,0
2005,ARM,TKM,ARM,TKM,777.525,4900436.992000001,8104355.84,3014.917,4747.839,1224,0,0,1,0,0,0,0,0,0
2006,ARM,TKM,ARM,TKM,1661.597,6384457.728,10277598.208,3002.911,4801.595,1224,0,0,1,0,0,0,0,0,0
2007,ARM,TKM,ARM,TKM,2047.591,9206301.696,12664165.376,2989.882,4858.236,1224,0,0,1,0,0,0,0,0,0
2008,ARM,TKM,ARM,TKM,4220.546,11662041.088,19271522.304,2977.4880000000003,4917.543,1224,0,0,1,0,0,0,0,0,0
2009,ARM,TKM,ARM,TKM,2744.456,8647937.024,20214386.688,2968.154,4978.962,1224,0,0,1,0,0,0,0,0,0
2010,ARM,TKM,ARM,TKM,8338.594000000001,9260286.976,22148069.376,2963.496,5041.995,1224,0,0,1,0,0,0,0,0,0
2011,ARM,TKM,ARM,TKM,4544.088,10142343.168,29233334.272,2964.12,5106.668,1224,0,0,1,0,0,0,0,0,0
2012,ARM,TKM,ARM,TKM,13455.286,9958217.728,35164209.152,2969.081,5172.9310000000005,1224,0,0,1,0,0,0,0,0,0
2013,ARM,TKM,ARM,TKM,18272.107,10432169.984,41850875.904,2976.5660000000003,5240.072,1224,0,0,1,0,0,0,0,0,0
2014,ARM,TKM,ARM,TKM,13163.902,11609512.96,43524210.688,2906.2200000000003,5466.241,1224,0,0,1,0,0,0,0,0,0
2015,ARM,TKM,ARM,TKM,17013.895,10529182.72,35799629.824,2916.9500000000003,5565.284000000001,1224,0,0,1,0,0,0,0,0,0
2016,ARM,TKM,ARM,TKM,4796.481,10547331.072,36179886.08,2924.8160000000003,5662.544,1224,0,0,1,0,0,0,0,0,0
2017,ARM,TKM,ARM,TKM,5611.805,11527458.566,37926285.714,2944.789,5757.667,1224,0,0,1,0,0,0,0,0,0
2018,ARM,TKM,ARM,TKM,3060.951,12457941.907,40765428.571,2951.741,5850.902,1224,0,0,1,0,0,0,0,0,0
2019,ARM,TKM,ARM,TKM,5106.897,13619291.361,45231428.571,2957.728,5942.094,1224,0,0,1,0,0,0,0,0,0
1996,ARM,UKR,ARM,UKR,3993.717,1596968.96,44558077.952,3173.425,51057.19,1255,0,0,0,0,0,0,0,0,0
1997,ARM,UKR,ARM,UKR,6077.005,1639492.48,50150400,3137.652,50594.105,1255,0,0,0,0,0,0,0,0,0
1998,ARM,UKR,ARM,UKR,4522.566,1893726.464,41883242.496,3112.958,50143.94,1255,0,0,0,0,0,0,0,0,0
1999,ARM,UKR,ARM,UKR,2092.5080000000003,1845482.24,31580639.232,3093.82,49673.351,1255,0,0,0,0,0,0,0,0,0
2000,ARM,UKR,ARM,UKR,3422.39,1911563.648,31261528.064,3076.098,49175.846,1257,0,0,0,0,0,0,0,0,0
2001,ARM,UKR,ARM,UKR,10898.466,2118467.968,38009344,3059.96,48683.865,1257,0,0,0,0,0,0,0,0,0
2002,ARM,UKR,ARM,UKR,7994.004,2376335.104,42392895.488,3047.002,48202.499,1257,0,0,0,0,0,0,0,0,0
2003,ARM,UKR,ARM,UKR,6687.861,2807060.992,50132955.136,3036.032,47812.95,1257,0,0,1,0,0,0,0,0,0
2004,ARM,UKR,ARM,UKR,10393.55,3576615.168,64883060.736,3025.652,47451.599,1257,0,0,1,0,0,0,0,0,0
2005,ARM,UKR,ARM,UKR,13620.516,4900436.992000001,86142017.536,3014.917,47105.148,1261,0,0,1,0,0,0,0,0,0
2006,ARM,UKR,ARM,UKR,22352.032,6384457.728,107753070.592,3002.911,46787.75,1261,0,0,1,0,0,0,0,0,0
2007,ARM,UKR,ARM,UKR,46152.035,9206301.696,142719008.768,2989.882,46509.35,1261,0,0,1,0,0,0,0,0,0
2008,ARM,UKR,ARM,UKR,25454.66,11662041.088,179992412.16,2977.4880000000003,46258.202,1261,0,0,1,1,0,0,1,0,0
2009,ARM,UKR,ARM,UKR,28217.023,8647937.024,117227765.76,2968.154,46053.299,1261,0,0,1,1,0,0,1,0,0
2010,ARM,UKR,ARM,UKR,17946.081000000002,9260286.976,136419303.424,2963.496,45870.701,1266,0,0,1,1,0,0,1,0,0
2011,ARM,UKR,ARM,UKR,18486.969,10142343.168,163421732.864,2964.12,45706.1,1266,0,0,1,1,0,0,1,0,0
2012,ARM,UKR,ARM,UKR,22948.647,9958217.728,176603430.912,2969.081,45593.3,1266,0,0,1,1,0,0,1,0,0
2013,ARM,UKR,ARM,UKR,19696.335,10432169.984,177430609.92000002,2976.5660000000003,45489.601,1266,0,0,1,1,0,0,1,0,0
2014,ARM,UKR,ARM,UKR,13276.274,11609512.96,133503410.176,2906.2200000000003,45271.946,1266,0,0,1,1,0,0,1,0,0
2015,ARM,UKR,ARM,UKR,7376.655,10529182.72,91030962.176,2916.9500000000003,45154.03,1270,0,0,1,1,0,0,1,0,0
2016,ARM,UKR,ARM,UKR,8216.102,10547331.072,93270482.944,2924.8160000000003,45004.646,1270,0,0,1,1,0,0,1,0,0
2017,ARM,UKR,ARM,UKR,10852.472,11527458.566,112090530.369,2944.789,44831.135,1270,0,0,1,1,0,0,1,0,0
2018,ARM,UKR,ARM,UKR,21083.378,12457941.907,130891049.797,2951.741,44622.517,1270,0,0,1,1,0,0,1,0,0
2019,ARM,UKR,ARM,UKR,24571.282,13619291.361,153882982.016,2957.728,44386.204,1270,0,0,1,1,0,0,1,0,0
2020,ARM,UKR,ARM,UKR,26371.224,12641209.802,156617861.449,2963.234,44132.05,1273,0,0,1,1,0,0,1,0,0
1997,ARM,UZB,ARM,UZB,118.131,1639492.48,14744603.648,3137.652,23667,2033,0,0,0,0,0,0,0,0,0
1999,ARM,UZB,ARM,UZB,240.83,1845482.24,17078465.536000002,3093.82,24311.649,2033,0,0,0,0,0,0,0,0,0
2000,ARM,UZB,ARM,UZB,128.37,1911563.648,13760374.784,3076.098,24650.4,2031,0,0,0,0,0,0,0,0,0
2001,ARM,UZB,ARM,UZB,56.647,2118467.968,11401351.168,3059.96,24964.451,2031,0,0,0,0,0,0,0,0,0
2002,ARM,UZB,ARM,UZB,221.08,2376335.104,9687951.36,3047.002,25271.851,2031,0,0,0,0,0,0,0,0,0
2003,ARM,UZB,ARM,UZB,498.715,2807060.992,10128112.64,3036.032,25567.65,2031,0,0,1,0,0,0,0,0,0
2004,ARM,UZB,ARM,UZB,839.299,3576615.168,12030023.68,3025.652,25864.349,2031,0,0,1,0,0,0,0,0,0
2005,ARM,UZB,ARM,UZB,360.653,4900436.992000001,14307510.272,3014.917,26167,2026,0,0,1,0,0,0,0,0,0
2006,ARM,UZB,ARM,UZB,1107.062,6384457.728,17030896.64,3002.911,26488.251,2026,0,0,1,0,0,0,0,0,0
2007,ARM,UZB,ARM,UZB,1492.674,9206301.696,22311393.28,2989.882,26868,2026,0,0,1,0,0,0,0,0,0
2008,ARM,UZB,ARM,UZB,3083.394,11662041.088,27934031.872,2977.4880000000003,27302.799,2026,0,0,1,0,0,0,0,0,0
2009,ARM,UZB,ARM,UZB,1609.261,8647937.024,32816828.416,2968.154,27767.401,2026,0,0,1,0,0,0,0,0,0
2010,ARM,UZB,ARM,UZB,1934.821,9260286.976,39332769.792,2963.496,28562.401,2020,0,0,1,0,0,0,0,0,0
2011,ARM,UZB,ARM,UZB,1620.375,10142343.168,45324320.768,2964.12,29339.399,2020,0,0,1,0,0,0,0,0,0
2012,ARM,UZB,ARM,UZB,1742.298,9958217.728,51183443.968,2969.081,29774.5,2020,0,0,1,0,0,0,0,0,0
2013,ARM,UZB,ARM,UZB,2152.963,10432169.984,56795656.192,2976.5660000000003,30241.1,2020,0,0,1,0,0,0,0,0,0
2014,ARM,UZB,ARM,UZB,2535.484,11609512.96,63067078.656,2906.2200000000003,30757.7,2020,0,0,1,0,0,0,0,0,0
2015,ARM,UZB,ARM,UZB,2534.46,10529182.72,66903805.952,2916.9500000000003,31298.901,2015,0,0,1,0,0,0,0,0,0
2016,ARM,UZB,ARM,UZB,1809.602,10547331.072,67220336.64,2924.8160000000003,31848.2,2015,0,0,1,0,0,0,0,0,0
2017,ARM,UZB,ARM,UZB,2283.781,11527458.566,62081323.299,2944.789,32388.599,2015,0,0,1,0,0,0,0,0,0
2018,ARM,UZB,ARM,UZB,2471.058,12457941.907,52633143.808,2951.741,32956.1,2015,0,0,1,0,0,0,0,0,0
2019,ARM,UZB,ARM,UZB,2679.012,13619291.361,59907674.027,2957.728,33580.349,2015,0,0,1,0,0,0,0,0,0
2020,ARM,UZB,ARM,UZB,2964.445,12641209.802,59894305.353,2963.234,34232.052,2010,0,0,1,0,0,0,0,0,0
2015,AZE,ARM,AZE,ARM,478.463,53074370.56,10529182.72,9649.341,2916.9500000000003,380,0,1,0,1,0,0,0,0,0
2016,AZE,ARM,AZE,ARM,2188.925,37847715.84,10547331.072,9762.274,2924.8160000000003,380,0,1,0,1,0,0,0,0,0
2017,AZE,ARM,AZE,ARM,2884.463,40865558.912,11527458.566,9854.033,2944.789,380,0,1,0,1,0,0,0,0,0
2018,AZE,ARM,AZE,ARM,4346.743,47112941.176,12457941.907,9939.771,2951.741,380,0,1,0,1,0,0,0,0,0
2019,AZE,ARM,AZE,ARM,6841.151,48174235.294,13619291.361,10024.283,2957.728,380,0,1,0,1,0,0,0,0,0
2020,AZE,ARM,AZE,ARM,9703.045,42693000,12641209.802,10093.121,2963.234,381,0,1,0,1,0,0,0,0,0
1996,AZE,BLR,AZE,BLR,3311.482,3176749.568,14756861.952,7763,10160,2174,0,0,0,0,0,0,0,0,0
1997,AZE,BLR,AZE,BLR,3607.051,3962710.272,14128412.672,7838.25,10117,2174,0,0,0,0,0,0,0,0,0
1998,AZE,BLR,AZE,BLR,5765.486,4446396.416,15222014.976,7913,10069,2174,0,0,0,0,0,0,0,0,0
1999,AZE,BLR,AZE,BLR,7025.787,4581222.4,12138485.76,7982.75,10035,2174,0,0,0,0,0,0,0,0,0
2000,AZE,BLR,AZE,BLR,6735.2,5272616.96,12736856.064,8048.6,10005,2176,0,0,0,0,0,0,0,0,0
2001,AZE,BLR,AZE,BLR,3495.4,5707618.3040000005,12354820.096,8111.2,9928,2176,0,0,0,0,0,0,0,0,0
2002,AZE,BLR,AZE,BLR,2221.9,6236024.832,14594925.568,8171.95,9865,2176,0,0,0,0,0,0,0,0,0
2003,AZE,BLR,AZE,BLR,1720.4,7275766.272,17825435.648000002,8234.1,9797,2176,0,0,0,0,0,0,0,0,0
2004,AZE,BLR,AZE,BLR,1214.8,8680511.488,23141586.944,8306.5,9730,2176,0,0,0,0,0,0,0,0,0
2005,AZE,BLR,AZE,BLR,1952.1,13245421.568,30210091.008,8391.85,9663,2178,0,0,0,0,0,0,0,0,0
2006,AZE,BLR,AZE,BLR,2721.6,20982269.952,36961918.976,8484.55,9604,2178,0,0,0,0,0,0,0,0,0
2007,AZE,BLR,AZE,BLR,3261.6,33050343.424,45275713.536,8581.3,9560,2178,0,0,0,0,0,0,0,0,0
2008,AZE,BLR,AZE,BLR,6226.5,48852484.096,60763484.16,8763.4,9528,2178,0,0,0,0,0,0,0,0,0
2009,AZE,BLR,AZE,BLR,5170.545,44291489.792,49208655.872,8947.243,9507,2178,0,0,0,0,0,0,0,0,0
2010,AZE,BLR,AZE,BLR,7210.455,52902703.104,55220932.608,9054.332,9490,2181,0,0,0,0,0,0,0,0,0
2011,AZE,BLR,AZE,BLR,825790.3,65951625.216,59734593.536,9173.082,9473,2181,0,0,0,0,0,0,0,0,0
2012,AZE,BLR,AZE,BLR,12212.6,68730904.576,63615447.04,9295.784,9464,2181,0,0,0,0,0,0,0,0,0
2013,AZE,BLR,AZE,BLR,14696.577,73560481.792,71709515.77600001,9416.598,9466,2181,0,0,0,0,0,0,0,0,0
2014,AZE,BLR,AZE,BLR,18399.1,75244167.168,78813052.928,9535.079,9474.511,2181,0,0,0,0,0,0,0,0,0
2015,AZE,BLR,AZE,BLR,10044.075,53074370.56,56454774.784,9649.341,9489.616,2182,0,0,0,0,0,0,0,0,0
2016,AZE,BLR,AZE,BLR,48235.491,37847715.84,47433441.28,9762.274,9507.12,2182,0,0,0,0,0,0,0,0,0
2017,AZE,BLR,AZE,BLR,17486.291,40865558.912,54726595.249,9854.033,9458.989,2182,0,0,0,0,0,0,0,0,0
2018,AZE,BLR,AZE,BLR,22902.826,47112941.176,60031262.269,9939.771,9438.785,2182,0,0,0,0,0,0,0,0,0
2019,AZE,BLR,AZE,BLR,21103.891,48174235.294,64409647.194,10024.283,9419.758,2182,0,0,0,0,0,0,0,0,0
2020,AZE,BLR,AZE,BLR,256924.7,42693000,61489588.895,10093.121,9379.952,2183,0,0,0,0,0,0,0,0,0
1995,AZE,EST,AZE,EST,439.357,3052467.456,4362191.36,7685,1436.634,2723,0,0,0,0,0,0,0,0,0
1996,AZE,EST,AZE,EST,544.8050000000001,3176749.568,4739181.568,7763,1415.594,2723,0,0,0,0,0,0,0,0,0
1997,AZE,EST,AZE,EST,1836.793,3962710.272,5059146.752,7838.25,1399.535,2723,0,0,0,0,0,0,0,0,0
1998,AZE,EST,AZE,EST,196.939,4446396.416,5608007.1680000005,7913,1386.156,2723,0,0,0,0,0,0,0,0,0
1999,AZE,EST,AZE,EST,424.178,4581222.4,5715278.848,7982.75,1380.62,2723,0,0,0,1,0,0,0,0,0
2000,AZE,EST,AZE,EST,706.913,5272616.96,5685561.3440000005,8048.6,1396.985,2723,0,0,0,1,0,0,0,0,0
2001,AZE,EST,AZE,EST,773.256,5707618.3040000005,6233506.3040000005,8111.2,1388.115,2723,0,0,0,1,0,0,0,0,0
2002,AZE,EST,AZE,EST,289.379,6236024.832,7308609.024,8171.95,1379.35,2723,0,0,0,1,0,0,0,0,0
2003,AZE,EST,AZE,EST,201.311,7275766.272,9822143.488,8234.1,1370.72,2723,0,0,0,1,0,0,0,0,0
2004,AZE,EST,AZE,EST,215.175,8680511.488,12057639.936,8306.5,1362.55,2723,0,0,0,1,0,0,0,0,0
2005,AZE,EST,AZE,EST,1462.91,13245421.568,14003096.576,8391.85,1354.775,2724,0,0,0,1,0,0,0,0,0
2006,AZE,EST,AZE,EST,6031.6500000000005,20982269.952,16958045.184,8484.55,1346.81,2724,0,0,0,1,0,0,0,0,0
2007,AZE,EST,AZE,EST,538.235,33050343.424,22228670.464,8581.3,1340.68,2724,0,0,0,1,0,0,0,0,0
2008,AZE,EST,AZE,EST,863.4060000000001,48852484.096,24185794.56,8763.4,1337.09,2724,0,0,0,1,0,0,0,0,0
2009,AZE,EST,AZE,EST,635.29,44291489.792,19640621.056,8947.243,1334.515,2724,0,0,0,1,0,0,0,0,0
2010,AZE,EST,AZE,EST,461.505,52902703.104,19479013.376,9054.332,1331.475,2725,0,0,0,1,0,0,0,0,0
2011,AZE,EST,AZE,EST,1266.809,65951625.216,22803433.472,9173.082,1327.439,2725,0,0,0,1,0,0,0,0,0
2012,AZE,EST,AZE,EST,983.911,68730904.576,22660753.408,9295.784,1325.016,2725,0,0,0,1,0,0,0,0,0
2013,AZE,EST,AZE,EST,1051.747,73560481.792,24880265.216,9416.598,1324.612,2725,0,0,0,1,0,0,0,0,0
2014,AZE,EST,AZE,EST,257.532,75244167.168,26213941.248,9535.079,1314.545,2725,0,0,0,1,0,0,0,0,0
2015,AZE,EST,AZE,EST,282.024,53074370.56,22460471.296,9649.341,1315.407,2725,0,0,0,1,0,0,0,0,0
2016,AZE,EST,AZE,EST,794.974,37847715.84,23136741.376,9762.274,1316.481,2725,0,0,0,1,0,0,0,0,0
2017,AZE,EST,AZE,EST,1359.104,40865558.912,26924385.103,9854.033,1317.384,2725,0,0,0,1,0,0,0,0,0
2018,AZE,EST,AZE,EST,1546.1,47112941.176,30489500.905,9939.771,1321.977,2725,0,0,0,1,0,0,0,0,0
2019,AZE,EST,AZE,EST,2295.06,48174235.294,31045591.753,10024.283,1326.855,2725,0,0,0,1,0,0,0,0,0
2020,AZE,EST,AZE,EST,1920.627,42693000,30650285.472,10093.121,1329.479,2726,0,0,0,1,0,0,0,0,0
1996,AZE,GEO,AZE,GEO,91557.554,3176749.568,3094915.5840000003,7763,4616.1,371,0,1,0,0,0,0,0,0,0
1997,AZE,GEO,AZE,GEO,133483.888,3962710.272,3510540.8000000003,7838.25,4531.6,371,0,1,0,0,0,0,0,0,0
1998,AZE,GEO,AZE,GEO,76914.054,4446396.416,3613500.16,7913,4487.3,371,0,1,0,0,0,0,0,0,0
1999,AZE,GEO,AZE,GEO,71713.66500000001,4581222.4,2800024.32,7982.75,4452.5,371,0,1,0,0,0,0,0,0,0
2000,AZE,GEO,AZE,GEO,74639.84300000001,5272616.96,3057453.568,8048.6,4418.3,371,0,1,0,1,0,0,0,0,0
2001,AZE,GEO,AZE,GEO,103235.625,5707618.3040000005,3219487.744,8111.2,4386.4000000000005,371,0,1,0,1,0,0,0,0,0
2002,AZE,GEO,AZE,GEO,80828.141,6236024.832,3395778.56,8171.95,4357,371,0,1,0,1,0,0,0,0,0
2003,AZE,GEO,AZE,GEO,111460.104,7275766.272,3991374.592,8234.1,4328.9,371,0,1,0,1,0,0,0,0,0
2004,AZE,GEO,AZE,GEO,188850.744,8680511.488,5125274.112,8306.5,4318.3,371,0,1,0,1,0,0,0,0,0
2005,AZE,GEO,AZE,GEO,233342.856,13245421.568,6411147.264,8391.85,4361.4,372,0,1,0,1,0,0,0,0,0
2006,AZE,GEO,AZE,GEO,318488.525,20982269.952,7761900.032000001,8484.55,4398,372,0,1,0,1,0,0,0,0,0
2007,AZE,GEO,AZE,GEO,381939.212,33050343.424,10172260.352,8581.3,4388.4000000000005,372,0,1,0,1,0,0,0,0,0
2008,AZE,GEO,AZE,GEO,607644.34,48852484.096,12799337.472,8763.4,4383.8,372,0,1,0,1,0,0,0,0,0
2009,AZE,GEO,AZE,GEO,395007.643,44291489.792,10766836.736,8947.243,4410.9000000000005,372,0,1,0,1,0,0,0,0,0
2010,AZE,GEO,AZE,GEO,410969.437,52902703.104,11638537.216,9054.332,4452.8,375,0,1,0,1,0,0,0,0,0
2011,AZE,GEO,AZE,GEO,535309.009,65951625.216,14434620.416,9173.082,4483.35,375,0,1,0,1,0,0,0,0,0
2012,AZE,GEO,AZE,GEO,570725.586,68730904.576,15846474.752,9295.784,4490.7,375,0,1,0,1,0,0,0,0,0
2013,AZE,GEO,AZE,GEO,519307.945,73560481.792,16140047.36,9416.598,4476.9000000000005,375,0,1,0,1,0,0,0,0,0
2014,AZE,GEO,AZE,GEO,529549.115,75244167.168,16509305.856,9535.079,3727,375,0,1,0,1,0,0,0,0,0
2015,AZE,GEO,AZE,GEO,538638.33,53074370.56,13993546.752,9649.341,3717.1,377,0,1,0,1,0,0,0,0,0
2016,AZE,GEO,AZE,GEO,492566.683,37847715.84,14332879.872,9762.274,3719.3,377,0,1,0,1,0,0,0,0,0
2017,AZE,GEO,AZE,GEO,567110.782,40865558.912,16242916.916,9854.033,3728.004,377,0,1,0,1,0,0,0,0,0
2018,AZE,GEO,AZE,GEO,592761.803,47112941.176,17596922.47,9939.771,3726.549,377,0,1,0,1,0,0,0,0,0
2019,AZE,GEO,AZE,GEO,586904.061,48174235.294,17470436.259,10024.283,3720.161,377,0,1,0,1,0,0,0,0,0
2020,AZE,GEO,AZE,GEO,513206.986,42693000,15842922.533,10093.121,3722.716,378,0,1,0,1,0,0,0,0,0
1995,AZE,KAZ,AZE,KAZ,25240.852,3052467.456,20374306.816,7685,15815.626,2077,0,1,0,0,0,0,0,0,0
1996,AZE,KAZ,AZE,KAZ,22547.672,3176749.568,21035358.208,7763,15577.894,2077,0,1,0,0,0,0,0,0,0
1997,AZE,KAZ,AZE,KAZ,19377.366,3962710.272,22165932.032,7838.25,15333.703,2077,0,1,0,0,0,0,0,0,0
1998,AZE,KAZ,AZE,KAZ,10604.96,4446396.416,22135244.8,7913,15071.3,2077,0,1,0,0,0,0,0,0,0
1999,AZE,KAZ,AZE,KAZ,4139.068,4581222.4,16870816.768,7982.75,14928.426,2077,0,1,0,0,0,0,0,0,0
2000,AZE,KAZ,AZE,KAZ,9924.1,5272616.96,18291990.528,8048.6,14883.626,2066,0,1,0,0,0,0,0,0,0
2001,AZE,KAZ,AZE,KAZ,10731.6,5707618.3040000005,22152689.664,8111.2,14858.335,2066,0,1,0,0,0,0,0,0,0
2002,AZE,KAZ,AZE,KAZ,15471.8,6236024.832,24636598.272,8171.95,14858.948,2066,0,1,0,0,0,0,0,0,0
2003,AZE,KAZ,AZE,KAZ,13687.8,7275766.272,30833692.672,8234.1,14909.018,2066,0,1,0,0,0,0,0,0,0
2004,AZE,KAZ,AZE,KAZ,16105.002,8680511.488,43151646.72,8306.5,15012.985,2066,0,1,0,0,0,0,0,0,0
2005,AZE,KAZ,AZE,KAZ,21291.876,13245421.568,57123672.064,8391.85,15147.029,2048,0,1,0,0,0,0,0,0,0
2006,AZE,KAZ,AZE,KAZ,105656.048,20982269.952,81003864.064,8484.55,15308.084,2048,0,1,0,0,0,0,0,0,0
2007,AZE,KAZ,AZE,KAZ,127594.262,33050343.424,104849883.136,8581.3,15484.192,2048,0,1,0,0,0,0,0,0,0
2008,AZE,KAZ,AZE,KAZ,290248.536,48852484.096,133441609.728,8763.4,15674,2048,0,1,0,0,0,0,0,0,0
2009,AZE,KAZ,AZE,KAZ,145442.427,44291489.792,115308658.688,8947.243,16092.701,2048,0,1,0,0,0,0,0,0,0
2010,AZE,KAZ,AZE,KAZ,102635.258,52902703.104,148047347.712,9054.332,16321.581,2036,0,1,0,0,0,0,0,0,0
2011,AZE,KAZ,AZE,KAZ,61783.365,65951625.216,188048965.632,9173.082,16556.601,2036,0,1,0,0,0,0,0,0,0
2012,AZE,KAZ,AZE,KAZ,52870.34,68730904.576,203517198.336,9295.784,16791.426,2036,0,1,0,0,0,0,0,0,0
2013,AZE,KAZ,AZE,KAZ,73670.798,73560481.792,231876280.32,9416.598,17037.508,2036,0,1,0,0,0,0,0,0,0
2014,AZE,KAZ,AZE,KAZ,32015.52,75244167.168,221415571.456,9535.079,17289.225,2036,0,1,0,0,0,0,0,0,0
2015,AZE,KAZ,AZE,KAZ,17957.841,53074370.56,184388435.968,9649.341,17544.127,2026,0,1,0,1,0,0,0,0,0
2016,AZE,KAZ,AZE,KAZ,30372.009,37847715.84,133657083.904,9762.274,17797.031,2026,0,1,0,1,0,0,0,0,0
2017,AZE,KAZ,AZE,KAZ,34272.501000000004,40865558.912,166805800.59600002,9854.033,18037.777,2026,0,1,0,1,0,0,0,0,0
2018,AZE,KAZ,AZE,KAZ,46599.687,47112941.176,179339994.859,9939.771,18276.451,2026,0,1,0,1,0,0,0,0,0
2019,AZE,KAZ,AZE,KAZ,24022.614,48174235.294,181667190.076,10024.283,18513.674,2026,0,1,0,1,0,0,0,0,0
2020,AZE,KAZ,AZE,KAZ,25919.687,42693000,171082379.533,10093.121,18755.667,2016,0,1,0,1,0,0,0,0,0
1995,AZE,KGZ,AZE,KGZ,3262.987,3052467.456,1661018.496,7685,4560.4000000000005,2102,0,0,0,0,0,0,0,0,0
1996,AZE,KGZ,AZE,KGZ,1382.495,3176749.568,1827570.56,7763,4628.4000000000005,2102,0,0,0,0,0,0,0,0,0
1997,AZE,KGZ,AZE,KGZ,1784.58,3962710.272,1767864.064,7838.25,4696.4000000000005,2102,0,0,0,0,0,0,0,0,0
1998,AZE,KGZ,AZE,KGZ,7203.821,4446396.416,1645963.776,7913,4769,2102,0,0,0,1,0,0,0,0,0
1999,AZE,KGZ,AZE,KGZ,3704.615,4581222.4,1249062.016,7982.75,4840.4000000000005,2102,0,0,0,1,0,0,0,0,0
2000,AZE,KGZ,AZE,KGZ,2350.352,5272616.96,1369691.904,8048.6,4898.4000000000005,2102,0,0,0,1,0,0,0,0,0
2001,AZE,KGZ,AZE,KGZ,436.28,5707618.3040000005,1525113.472,8111.2,4945.1,2102,0,0,0,1,0,0,0,0,0
2002,AZE,KGZ,AZE,KGZ,2374.408,6236024.832,1605640.576,8171.95,4990.7,2102,0,0,0,1,0,0,0,0,0
2003,AZE,KGZ,AZE,KGZ,353.134,7275766.272,1919012.736,8234.1,5043.3,2102,0,0,0,1,0,0,0,0,0
2004,AZE,KGZ,AZE,KGZ,389.828,8680511.488,2211535.36,8306.5,5104.7,2102,0,0,0,1,0,0,0,0,0
2005,AZE,KGZ,AZE,KGZ,1851.146,13245421.568,2459876.096,8391.85,5162.6,2102,0,0,0,1,0,0,0,0,0
2006,AZE,KGZ,AZE,KGZ,7669.766,20982269.952,2834168.832,8484.55,5218.4000000000005,2102,0,0,0,1,0,0,0,0,0
2007,AZE,KGZ,AZE,KGZ,2698.185,33050343.424,3802566.144,8581.3,5268.4000000000005,2102,0,0,0,1,0,0,0,0,0
2008,AZE,KGZ,AZE,KGZ,10482.598,48852484.096,5139957.76,8763.4,5318.7,2102,0,0,0,1,0,0,0,0,0
2009,AZE,KGZ,AZE,KGZ,5156.787,44291489.792,4690062.336,8947.243,5383.3,2102,0,0,0,1,0,0,0,0,0
2010,AZE,KGZ,AZE,KGZ,40541.235,52902703.104,4794357.76,9054.332,5447.9000000000005,2100,0,0,0,1,0,0,0,0,0
2011,AZE,KGZ,AZE,KGZ,21151.314,65951625.216,6197766.144,9173.082,5514.6,2100,0,0,0,1,0,0,0,0,0
2012,AZE,KGZ,AZE,KGZ,26676.851,68730904.576,6605139.968,9295.784,5607.2,2100,0,0,0,1,0,0,0,0,0
2013,AZE,KGZ,AZE,KGZ,12760.941,73560481.792,7226303.488,9416.598,5719.5,2100,0,0,0,1,0,0,0,0,0
2014,AZE,KGZ,AZE,KGZ,25800.149,75244167.168,7468096.512,9535.079,5835.5,2100,0,0,0,1,0,0,0,0,0
2015,AZE,KGZ,AZE,KGZ,6560.9580000000005,53074370.56,6678178.3040000005,9649.341,5956.9000000000005,2099,0,0,0,1,0,0,0,0,0
2016,AZE,KGZ,AZE,KGZ,6557.174,37847715.84,6551287.808,9762.274,6082.7,2099,0,0,0,1,0,0,0,0,0
2017,AZE,KGZ,AZE,KGZ,603.383,40865558.912,7702934.8,9854.033,6198.2,2099,0,0,0,1,0,0,0,0,0
2018,AZE,KGZ,AZE,KGZ,4033.552,47112941.176,8271108.638,9939.771,6322.8,2099,0,0,0,1,0,0,0,0,0
2019,AZE,KGZ,AZE,KGZ,2750.644,48174235.294,8871026.074000001,10024.283,6456.2,2099,0,0,0,1,0,0,0,0,0
2020,AZE,KGZ,AZE,KGZ,1905.034,42693000,7780874.537,10093.121,6579.9000000000005,2099,0,0,0,1,0,0,0,0,0
1992,AZE,LTU,AZE,LTU,7722.63,4991350.272,8562311.168,7382,3700.114,2388,0,0,0,0,0,0,0,0,0
1994,AZE,LTU,AZE,LTU,4512.38,3313739.776,6958637.056,7597,3657.144,2388,0,0,0,0,0,0,0,0,0
1995,AZE,LTU,AZE,LTU,4592.898,3052467.456,7904896,7685,3629.102,2387,0,0,0,0,0,0,0,0,0
1996,AZE,LTU,AZE,LTU,3231.727,3176749.568,8426599.936,7763,3601.6130000000003,2387,0,0,0,0,0,0,0,0,0
1997,AZE,LTU,AZE,LTU,911.597,3962710.272,10128700.416,7838.25,3575.137,2387,0,0,0,0,0,0,0,0,0
1998,AZE,LTU,AZE,LTU,2795.447,4446396.416,11254049.792,7913,3549.331,2387,0,0,0,0,0,0,0,0,0
1999,AZE,LTU,AZE,LTU,2455.628,4581222.4,10971374.592,7982.75,3524.2380000000003,2387,0,0,0,0,0,0,0,0,0
2000,AZE,LTU,AZE,LTU,2446.063,5272616.96,11434200.064,8048.6,3499.536,2387,0,0,0,0,0,0,0,0,0
2001,AZE,LTU,AZE,LTU,2809.631,5707618.3040000005,12159224.832,8111.2,3470.818,2387,0,0,0,1,0,0,0,0,0
2002,AZE,LTU,AZE,LTU,4217.999,6236024.832,14163949.568,8171.95,3443.067,2387,0,0,0,1,0,0,0,0,0
2003,AZE,LTU,AZE,LTU,4871.658,7275766.272,18608709.632,8234.1,3415.213,2387,0,0,0,1,0,0,0,0,0
2004,AZE,LTU,AZE,LTU,7582.331,8680511.488,22659295.232,8306.5,3377.0750000000003,2387,0,0,0,1,0,0,0,0,0
2005,AZE,LTU,AZE,LTU,6918.649,13245421.568,26085306.368,8391.85,3322.528,2387,0,0,0,1,0,0,0,0,0
2006,AZE,LTU,AZE,LTU,4119.987,20982269.952,30246361.088,8484.55,3269.909,2387,0,0,0,1,0,0,0,0,0
2007,AZE,LTU,AZE,LTU,6687.586,33050343.424,39325986.816,8581.3,3231.294,2387,0,0,0,1,0,0,0,0,0
2008,AZE,LTU,AZE,LTU,9968.406,48852484.096,47438364.672,8763.4,3198.231,2387,0,0,0,1,0,0,0,0,0
2009,AZE,LTU,AZE,LTU,5423.527,44291489.792,37050081.28,8947.243,3162.916,2387,0,0,0,1,0,0,0,0,0
2010,AZE,LTU,AZE,LTU,2162.075,52902703.104,36709511.168,9054.332,3097.282,2389,0,0,0,1,0,0,0,0,0
2011,AZE,LTU,AZE,LTU,6689.938,65951625.216,43083067.392,9173.082,3028.115,2389,0,0,0,1,0,0,0,0,0
2012,AZE,LTU,AZE,LTU,3606.574,68730904.576,42343559.168,9295.784,2987.773,2389,0,0,0,1,0,0,0,0,0
2013,AZE,LTU,AZE,LTU,3315.193,73560481.792,45931966.464,9416.598,2956.121,2389,0,0,0,1,0,0,0,0,0
2014,AZE,LTU,AZE,LTU,1327.635,75244167.168,48545251.328,9535.079,2932.367,2389,0,0,0,1,0,0,0,0,0
2015,AZE,LTU,AZE,LTU,34684.289000000004,53074370.56,41402023.936,9649.341,2904.91,2389,0,0,0,1,0,0,0,0,0
2016,AZE,LTU,AZE,LTU,3485.6910000000003,37847715.84,42738876.416,9762.274,2872.298,2389,0,0,0,1,0,0,0,0,0
2017,AZE,LTU,AZE,LTU,2531.247,40865558.912,47758736.932,9854.033,2828.403,2389,0,0,0,1,0,0,0,0,0
2018,AZE,LTU,AZE,LTU,3632.834,47112941.176,53750911.866,9939.771,2801.543,2389,0,0,0,1,0,0,0,0,0
2019,AZE,LTU,AZE,LTU,2826.74,48174235.294,54697379.017000005,10024.283,2794.137,2389,0,0,0,1,0,0,0,0,0
2020,AZE,LTU,AZE,LTU,3020.5080000000003,42693000,56546957.475,10093.121,2794.885,2390,0,0,0,1,0,0,0,0,0
1994,AZE,LVA,AZE,LVA,1129.087,3313739.776,5060854.784,7597,2520.742,2586,0,0,0,0,0,0,0,0,0
1995,AZE,LVA,AZE,LVA,571.541,3052467.456,5235719.68,7685,2485.056,2586,0,0,0,0,0,0,0,0,0
1996,AZE,LVA,AZE,LVA,1126.288,3176749.568,5585292.8,7763,2457.222,2586,0,0,0,0,0,0,0,0,0
1997,AZE,LVA,AZE,LVA,1866.774,3962710.272,6133234.176,7838.25,2432.851,2586,0,0,0,0,0,0,0,0,0
1998,AZE,LVA,AZE,LVA,3034.538,4446396.416,6616957.44,7913,2410.019,2586,0,0,0,0,0,0,0,0,0
1999,AZE,LVA,AZE,LVA,2168.564,4581222.4,7288524.288,7982.75,2390.482,2586,0,0,0,1,0,0,0,0,0
2000,AZE,LVA,AZE,LVA,12592.298,5272616.96,7833068.544,8048.6,2367.55,2586,0,0,0,1,0,0,0,0,0
2001,AZE,LVA,AZE,LVA,2682.424,5707618.3040000005,8313047.552,8111.2,2337.17,2586,0,0,0,1,0,0,0,0,0
2002,AZE,LVA,AZE,LVA,2542.063,6236024.832,9314784.256,8171.95,2310.173,2586,0,0,0,1,0,0,0,0,0
2003,AZE,LVA,AZE,LVA,11116.257,7275766.272,11186452.48,8234.1,2287.955,2586,0,0,0,1,0,0,0,0,0
2004,AZE,LVA,AZE,LVA,11524.256,8680511.488,13761569.792,8306.5,2263.122,2586,0,0,0,1,0,0,0,0,0
2005,AZE,LVA,AZE,LVA,5373.329,13245421.568,16041840.64,8391.85,2238.799,2586,0,0,0,1,0,0,0,0,0
2006,AZE,LVA,AZE,LVA,8378.059,20982269.952,19935045.632,8484.55,2218.357,2586,0,0,0,1,0,0,0,0,0
2007,AZE,LVA,AZE,LVA,3613.554,33050343.424,28765687.808,8581.3,2200.3250000000003,2586,0,0,0,1,0,0,0,0,0
2008,AZE,LVA,AZE,LVA,3974.612,48852484.096,33669367.808,8763.4,2177.322,2586,0,0,0,1,0,0,0,0,0
2009,AZE,LVA,AZE,LVA,3363.168,44291489.792,25875781.632,8947.243,2141.669,2586,0,0,0,1,0,0,0,0,0
2010,AZE,LVA,AZE,LVA,3896.261,52902703.104,24009680.896,9054.332,2097.555,2588,0,0,0,1,0,0,0,0,0
2011,AZE,LVA,AZE,LVA,14013.191,65951625.216,28480337.92,9173.082,2059.709,2588,0,0,0,1,0,0,0,0,0
2012,AZE,LVA,AZE,LVA,5716.171,68730904.576,28372578.304,9295.784,2034.319,2588,0,0,0,1,0,0,0,0,0
2013,AZE,LVA,AZE,LVA,2366.64,73560481.792,30956691.456,9416.598,2013.385,2588,0,0,0,1,0,0,0,0,0
2014,AZE,LVA,AZE,LVA,1255.282,75244167.168,31352250.368,9535.079,1993.782,2588,0,0,0,1,0,0,0,0,0
2015,AZE,LVA,AZE,LVA,800.469,53074370.56,27026036.736,9649.341,1977.527,2588,0,0,0,1,0,0,0,0,0
2016,AZE,LVA,AZE,LVA,1268.695,37847715.84,27677390.848,9762.274,1960.424,2588,0,0,0,1,0,0,0,0,0
2017,AZE,LVA,AZE,LVA,2028.051,40865558.912,30483806.018,9854.033,1942.248,2588,0,0,0,1,0,0,0,0,0
2018,AZE,LVA,AZE,LVA,2510.87,47112941.176,34429023.435,9939.771,1927.174,2588,0,0,0,1,0,0,0,0,0
2019,AZE,LVA,AZE,LVA,855.404,48174235.294,34308783.825,10024.283,1913.822,2588,0,0,0,1,0,0,0,0,0
2020,AZE,LVA,AZE,LVA,873.768,42693000,33645460.617,10093.121,1900.449,2589,0,0,0,1,0,0,0,0,0
1994,AZE,MDA,AZE,MDA,11985.487,3313739.776,1702314.368,7597,3694,1799,0,0,0,0,0,0,0,0,0
1995,AZE,MDA,AZE,MDA,5524.168,3052467.456,1752995.328,7685,3675.099,1799,0,0,0,0,0,0,0,0,0
1996,AZE,MDA,AZE,MDA,4898.9980000000005,3176749.568,1695130.496,7763,3667.748,1799,0,0,0,0,0,0,0,0,0
1997,AZE,MDA,AZE,MDA,1495.988,3962710.272,1930071.424,7838.25,3654.208,1799,0,0,0,0,0,0,0,0,0
1998,AZE,MDA,AZE,MDA,1536.386,4446396.416,1639497.216,7913,3652.732,1799,0,0,0,0,0,0,0,0,0
1999,AZE,MDA,AZE,MDA,255.319,4581222.4,1170785.024,7982.75,3647.001,1799,0,0,0,0,0,0,0,0,0
2000,AZE,MDA,AZE,MDA,21.244,5272616.96,1288420.224,8048.6,3639.592,1799,0,0,0,0,0,0,0,0,0
2001,AZE,MDA,AZE,MDA,69.79,5707618.3040000005,1480656.896,8111.2,3631.462,1799,0,0,0,1,0,0,0,0,0
2002,AZE,MDA,AZE,MDA,160.15,6236024.832,1661818.112,8171.95,3623.062,1799,0,0,0,1,0,0,0,0,0
2003,AZE,MDA,AZE,MDA,140.17600000000002,7275766.272,1980901.504,8234.1,3612.874,1799,0,0,0,1,0,0,0,0,0
2004,AZE,MDA,AZE,MDA,140.763,8680511.488,2598231.552,8306.5,3603.945,1799,0,0,0,1,0,0,0,0,0
2005,AZE,MDA,AZE,MDA,4526.522,13245421.568,2988172.544,8391.85,3595.187,1799,0,0,0,1,0,0,0,0,0
2006,AZE,MDA,AZE,MDA,1840.516,20982269.952,3408454.144,8484.55,3585.2090000000003,1799,0,0,0,1,0,0,0,0,0
2007,AZE,MDA,AZE,MDA,196.189,33050343.424,4402496,8581.3,3576.91,1799,0,0,0,1,0,0,0,0,0
2008,AZE,MDA,AZE,MDA,338.469,48852484.096,6054806.016,8763.4,3570.108,1799,0,0,0,1,0,0,0,0,0
2009,AZE,MDA,AZE,MDA,3745.548,44291489.792,5439421.9520000005,8947.243,3565.6040000000003,1799,0,0,0,1,0,0,0,0,0
2010,AZE,MDA,AZE,MDA,204.347,52902703.104,5811603.968,9054.332,3562.045,1801,0,0,0,1,0,0,0,0,0
2011,AZE,MDA,AZE,MDA,2680.156,65951625.216,7016162.816000001,9173.082,3559.986,1801,0,0,0,1,0,0,0,0,0
2012,AZE,MDA,AZE,MDA,452.946,68730904.576,7284686.336,9295.784,3559.519,1801,0,0,0,1,0,0,0,0,0
2013,AZE,MDA,AZE,MDA,273.782,73560481.792,7969618.944,9416.598,3559,1801,0,0,0,1,0,0,0,0,0
2014,AZE,MDA,AZE,MDA,114.503,75244167.168,7983270.912,9535.079,3556.397,1801,0,0,0,1,0,0,0,0,0
2015,AZE,MDA,AZE,MDA,448.261,53074370.56,6512899.584,9649.341,3554.108,1802,0,0,0,1,0,0,0,0,0
2016,AZE,MDA,AZE,MDA,594.952,37847715.84,6749515.776000001,9762.274,3552,1802,0,0,0,1,0,0,0,0,0
2017,AZE,MDA,AZE,MDA,241.545,40865558.912,9669741.744,9854.033,2755.158,1802,0,0,0,1,0,0,0,0,0
2018,AZE,MDA,AZE,MDA,575.503,47112941.176,11457443.185,9939.771,2708.214,1802,0,0,0,1,0,0,0,0,0
2019,AZE,MDA,AZE,MDA,3100.741,48174235.294,11971345.003,10024.283,2664.974,1802,0,0,0,1,0,0,0,0,0
2020,AZE,MDA,AZE,MDA,4161.326,42693000,11859730.544,10093.121,2620.495,1803,0,0,0,1,0,0,0,0,0
1996,AZE,RUS,AZE,RUS,150210.86800000002,3176749.568,391721385.984,7763,148160.126,1760,0,1,0,0,0,0,0,0,0
1997,AZE,RUS,AZE,RUS,260219.106,3962710.272,404926529.536,7838.25,147915.375,1760,0,1,0,0,0,0,0,0,0
1998,AZE,RUS,AZE,RUS,173183.145,4446396.416,270953119.744,7913,147670.776,1760,0,1,0,0,0,0,0,0,0
1999,AZE,RUS,AZE,RUS,99681.094,4581222.4,195905765.376,7982.75,147214.783,1760,0,1,0,0,0,0,0,0,0
2000,AZE,RUS,AZE,RUS,134036.03,5272616.96,259708502.016,8048.6,146596.863,1749,0,1,0,0,0,0,0,0,0
2001,AZE,RUS,AZE,RUS,77557.901,5707618.3040000005,306602672.128,8111.2,145976.471,1749,0,1,0,0,0,0,0,0,0
2002,AZE,RUS,AZE,RUS,95687.585,6236024.832,345110446.08,8171.95,145408.035,1749,0,1,0,0,0,0,0,0,0
2003,AZE,RUS,AZE,RUS,147821.93600000002,7275766.272,430347780.096,8234.1,144667.465,1749,0,1,0,0,0,0,0,0,0
2004,AZE,RUS,AZE,RUS,209759.883,8680511.488,591016689.664,8306.5,143821.213,1749,0,1,0,0,0,0,0,0,0
2005,AZE,RUS,AZE,RUS,285416.07,13245421.568,764000927.744,8391.85,143113.892,1741,0,1,0,0,0,0,0,0,0
2006,AZE,RUS,AZE,RUS,344259.404,20982269.952,989930520.576,8484.55,142487.259,1741,0,1,0,0,0,0,0,0,0
2007,AZE,RUS,AZE,RUS,527121.4990000001,33050343.424,1299705233.408,8581.3,142114.899,1741,0,1,0,0,0,0,0,0,0
2008,AZE,RUS,AZE,RUS,582871.331,48852484.096,1660844376.064,8763.4,141956.40600000002,1741,0,1,0,0,0,0,0,0,0
2009,AZE,RUS,AZE,RUS,744952.487,44291489.792,1222643679.232,8947.243,141909.241,1741,0,1,0,0,0,0,0,0,0
2010,AZE,RUS,AZE,RUS,773551.784,52902703.104,1524916158.464,9054.332,142385.529,1736,0,1,0,0,0,0,0,0,0
2011,AZE,RUS,AZE,RUS,1187357.168,65951625.216,1904792961.024,9173.082,142956.467,1736,0,1,0,0,0,0,0,0,0
2012,AZE,RUS,AZE,RUS,959838.081,68730904.576,2017470971.904,9295.784,143177.994,1736,0,1,0,1,0,0,0,0,0
2013,AZE,RUS,AZE,RUS,1079062.052,73560481.792,2096777003.008,9416.598,143499.863,1736,0,1,0,1,0,0,0,0,0
2014,AZE,RUS,AZE,RUS,640271.284,75244167.168,2063662317.568,9535.079,143819.672,1736,0,1,0,1,0,0,0,0,0
2015,AZE,RUS,AZE,RUS,440921.946,53074370.56,1365865267.2,9649.341,144096.863,1742,0,1,0,1,0,0,0,0,0
2016,AZE,RUS,AZE,RUS,449287.375,37847715.84,1283162374.144,9762.274,144342.392,1742,0,1,0,1,0,0,0,0,0
2017,AZE,RUS,AZE,RUS,695315.812,40865558.912,1574199387.071,9854.033,144496.73500000002,1742,0,1,0,1,0,0,0,0,0
2018,AZE,RUS,AZE,RUS,773442.395,47112941.176,1657329646.184,9939.771,144477.859,1742,0,1,0,1,0,0,0,0,0
2019,AZE,RUS,AZE,RUS,857447.1460000001,48174235.294,1693113904.263,10024.283,144406.265,1742,0,1,0,1,0,0,0,0,0
2020,AZE,RUS,AZE,RUS,813846.3790000001,42693000,1488321875.49,10093.121,144073.135,1747,0,1,0,1,0,0,0,0,0
1996,AZE,TJK,AZE,TJK,1705.96,3176749.568,1043893.056,7763,5862.347,1670,0,0,0,0,0,0,0,0,0
1997,AZE,TJK,AZE,TJK,3410.0660000000003,3962710.272,921843.136,7838.25,5937.177,1670,0,0,0,0,0,0,0,0,0
1998,AZE,TJK,AZE,TJK,1563.145,4446396.416,1320126.72,7913,6012.933,1670,0,0,0,0,0,0,0,0,0
1999,AZE,TJK,AZE,TJK,10782.316,4581222.4,1086567.424,7982.75,6094.661,1670,0,0,0,0,0,0,0,0,0
2000,AZE,TJK,AZE,TJK,63112,5272616.96,860550.272,8048.6,6186.152,1670,0,0,0,0,0,0,0,0,0
2001,AZE,TJK,AZE,TJK,12112.613,5707618.3040000005,1080774.016,8111.2,6289.34,1670,0,0,0,0,0,0,0,0,0
2002,AZE,TJK,AZE,TJK,27979.158,6236024.832,1221113.856,8171.95,6404.118,1670,0,0,0,0,0,0,0,0,0
2003,AZE,TJK,AZE,TJK,34442.339,7275766.272,1554125.568,8234.1,6529.609,1670,0,0,0,0,0,0,0,0,0
2004,AZE,TJK,AZE,TJK,46487.046,8680511.488,2076148.736,8306.5,6663.929,1670,0,0,0,0,0,0,0,0,0
2005,AZE,TJK,AZE,TJK,78936.974,13245421.568,2312319.488,8391.85,6805.655,1670,0,0,0,0,0,0,0,0,0
2006,AZE,TJK,AZE,TJK,130897.282,20982269.952,2830236.16,8484.55,6954.522,1670,0,0,0,0,0,0,0,0,0
2007,AZE,TJK,AZE,TJK,51564.747,33050343.424,3719497.472,8581.3,7111.0250000000005,1670,0,0,0,0,0,0,0,0,0
2008,AZE,TJK,AZE,TJK,45602.146,48852484.096,5161336.32,8763.4,7275.252,1670,0,0,0,0,0,0,0,0,0
2009,AZE,TJK,AZE,TJK,8094.152,44291489.792,4979482.112,8947.243,7447.396,1670,0,0,0,0,0,0,0,0,0
2010,AZE,TJK,AZE,TJK,8181.095,52902703.104,5642178.5600000005,9054.332,7627.326,1668,0,0,0,0,0,0,0,0,0
2011,AZE,TJK,AZE,TJK,13212.106,65951625.216,6522732.032000001,9173.082,7814.85,1668,0,0,0,0,0,0,0,0,0
2012,AZE,TJK,AZE,TJK,43990.089,68730904.576,7633049.600000001,9295.784,8008.99,1668,0,0,0,0,0,0,0,0,0
2013,AZE,TJK,AZE,TJK,13762.986,73560481.792,8508103.68,9416.598,8207.834,1668,0,0,0,1,0,0,0,0,0
2014,AZE,TJK,AZE,TJK,2636.723,75244167.168,9236308.992,9535.079,8362.745,1668,0,0,0,1,0,0,0,0,0
2015,AZE,TJK,AZE,TJK,6443.8,53074370.56,7853450.24,9649.341,8548.651,1667,0,0,0,1,0,0,0,0,0
2016,AZE,TJK,AZE,TJK,13409.655,37847715.84,6951656.96,9762.274,8734.951000000001,1667,0,0,0,1,0,0,0,0,0
2017,AZE,TJK,AZE,TJK,2785.974,40865558.912,7536439.875,9854.033,8880.27,1667,0,0,0,1,0,0,0,0,0
2018,AZE,TJK,AZE,TJK,6784.433,47112941.176,7765014.424000001,9939.771,9100.847,1667,0,0,0,1,0,0,0,0,0
2019,AZE,TJK,AZE,TJK,5792.945,48174235.294,8300784.857,10024.283,9321.023,1667,0,0,0,1,0,0,0,0,0
2020,AZE,TJK,AZE,TJK,6238.991,42693000,8133996.648,10093.121,9537.642,1666,0,0,0,1,0,0,0,0,0
1996,AZE,TKM,AZE,TKM,34332.477,3176749.568,2379281.664,7763,4267.6900000000005,812,0,1,0,0,0,0,0,0,0
1997,AZE,TKM,AZE,TKM,21501.377,3962710.272,2450084.864,7838.25,4335.991,812,0,1,0,0,0,0,0,0,0
1998,AZE,TKM,AZE,TKM,15168.876,4446396.416,2605688.064,7913,4395.293,812,0,1,0,0,0,0,0,0,0
1999,AZE,TKM,AZE,TKM,18797.501,4581222.4,2450686.72,7982.75,4449.427,812,0,1,0,0,0,0,0,0,0
2000,AZE,TKM,AZE,TKM,36621.505,5272616.96,2904662.528,8048.6,4501.419,813,0,1,0,0,0,0,0,0,0
2001,AZE,TKM,AZE,TKM,12046.607,5707618.3040000005,3534771.968,8111.2,4551.762,813,0,1,0,0,0,0,0,0,0
2002,AZE,TKM,AZE,TKM,8667.082,6236024.832,4462028.8,8171.95,4600.171,813,0,1,0,0,0,0,0,0,0
2003,AZE,TKM,AZE,TKM,5826.66,7275766.272,5977440.768,8234.1,4648.037,813,0,1,0,0,0,0,0,0,0
2004,AZE,TKM,AZE,TKM,143420.662,8680511.488,6838350.848,8306.5,4696.876,813,0,1,0,0,0,0,0,0,0
2005,AZE,TKM,AZE,TKM,273584.064,13245421.568,8104355.84,8391.85,4747.839,812,0,1,0,0,0,0,0,0,0
2006,AZE,TKM,AZE,TKM,9524.951,20982269.952,10277598.208,8484.55,4801.595,812,0,1,0,0,0,0,0,0,0
2007,AZE,TKM,AZE,TKM,13599.686,33050343.424,12664165.376,8581.3,4858.236,812,0,1,0,0,0,0,0,0,0
2008,AZE,TKM,AZE,TKM,21002.16,48852484.096,19271522.304,8763.4,4917.543,812,0,1,0,0,0,0,0,0,0
2009,AZE,TKM,AZE,TKM,37477.457,44291489.792,20214386.688,8947.243,4978.962,812,0,1,0,0,0,0,0,0,0
2010,AZE,TKM,AZE,TKM,200678.047,52902703.104,22148069.376,9054.332,5041.995,811,0,1,0,0,0,0,0,0,0
2011,AZE,TKM,AZE,TKM,43921.583,65951625.216,29233334.272,9173.082,5106.668,811,0,1,0,0,0,0,0,0,0
2012,AZE,TKM,AZE,TKM,58915.585,68730904.576,35164209.152,9295.784,5172.9310000000005,811,0,1,0,0,0,0,0,0,0
2013,AZE,TKM,AZE,TKM,39852.55,73560481.792,41850875.904,9416.598,5240.072,811,0,1,0,0,0,0,0,0,0
2014,AZE,TKM,AZE,TKM,38002.636,75244167.168,43524210.688,9535.079,5466.241,811,0,1,0,0,0,0,0,0,0
2015,AZE,TKM,AZE,TKM,32814.857,53074370.56,35799629.824,9649.341,5565.284000000001,810,0,1,0,0,0,0,0,0,0
2016,AZE,TKM,AZE,TKM,113787.084,37847715.84,36179886.08,9762.274,5662.544,810,0,1,0,0,0,0,0,0,0
2017,AZE,TKM,AZE,TKM,54111.61,40865558.912,37926285.714,9854.033,5757.667,810,0,1,0,0,0,0,0,0,0
2018,AZE,TKM,AZE,TKM,23690.346,47112941.176,40765428.571,9939.771,5850.902,810,0,1,0,0,0,0,0,0,0
2019,AZE,TKM,AZE,TKM,23066.485,48174235.294,45231428.571,10024.283,5942.094,810,0,1,0,0,0,0,0,0,0
1996,AZE,UKR,AZE,UKR,30785.675,3176749.568,44558077.952,7763,51057.19,1522,0,0,0,0,0,0,0,0,0
1997,AZE,UKR,AZE,UKR,46974.497,3962710.272,50150400,7838.25,50594.105,1522,0,0,0,0,0,0,0,0,0
1998,AZE,UKR,AZE,UKR,27671.022,4446396.416,41883242.496,7913,50143.94,1522,0,0,0,0,0,0,0,0,0
1999,AZE,UKR,AZE,UKR,33780.374,4581222.4,31580639.232,7982.75,49673.351,1522,0,0,0,0,0,0,0,0,0
2000,AZE,UKR,AZE,UKR,23844.91,5272616.96,31261528.064,8048.6,49175.846,1524,0,0,0,0,0,0,0,0,0
2001,AZE,UKR,AZE,UKR,8125.12,5707618.3040000005,38009344,8111.2,48683.865,1524,0,0,0,0,0,0,0,0,0
2002,AZE,UKR,AZE,UKR,12981.691,6236024.832,42392895.488,8171.95,48202.499,1524,0,0,0,0,0,0,0,0,0
2003,AZE,UKR,AZE,UKR,21204.228,7275766.272,50132955.136,8234.1,47812.95,1524,0,0,0,0,0,0,0,0,0
2004,AZE,UKR,AZE,UKR,12255.61,8680511.488,64883060.736,8306.5,47451.599,1524,0,0,0,0,0,0,0,0,0
2005,AZE,UKR,AZE,UKR,35794.456,13245421.568,86142017.536,8391.85,47105.148,1529,0,0,0,0,0,0,0,0,0
2006,AZE,UKR,AZE,UKR,41005.703,20982269.952,107753070.592,8484.55,46787.75,1529,0,0,0,0,0,0,0,0,0
2007,AZE,UKR,AZE,UKR,31096.523,33050343.424,142719008.768,8581.3,46509.35,1529,0,0,0,0,0,0,0,0,0
2008,AZE,UKR,AZE,UKR,172126.339,48852484.096,179992412.16,8763.4,46258.202,1529,0,0,0,1,0,0,0,0,0
2009,AZE,UKR,AZE,UKR,282794.635,44291489.792,117227765.76,8947.243,46053.299,1529,0,0,0,1,0,0,0,0,0
2010,AZE,UKR,AZE,UKR,951192.255,52902703.104,136419303.424,9054.332,45870.701,1536,0,0,0,1,0,0,0,0,0
2011,AZE,UKR,AZE,UKR,909325.713,65951625.216,163421732.864,9173.082,45706.1,1536,0,0,0,1,0,0,0,0,0
2012,AZE,UKR,AZE,UKR,86228.384,68730904.576,176603430.912,9295.784,45593.3,1536,0,0,0,1,0,0,0,0,0
2013,AZE,UKR,AZE,UKR,275634.127,73560481.792,177430609.92000002,9416.598,45489.601,1536,0,0,0,1,0,0,0,0,0
2014,AZE,UKR,AZE,UKR,48442.047,75244167.168,133503410.176,9535.079,45271.946,1536,0,0,0,1,0,0,0,0,0
2015,AZE,UKR,AZE,UKR,30288.107,53074370.56,91030962.176,9649.341,45154.03,1541,0,0,0,1,0,0,0,0,0
2016,AZE,UKR,AZE,UKR,44404.492,37847715.84,93270482.944,9762.274,45004.646,1541,0,0,0,1,0,0,0,0,0
2017,AZE,UKR,AZE,UKR,428787.727,40865558.912,112090530.369,9854.033,44831.135,1541,0,0,0,1,0,0,0,0,0
2018,AZE,UKR,AZE,UKR,464668.577,47112941.176,130891049.797,9939.771,44622.517,1541,0,0,0,1,0,0,0,0,0
2019,AZE,UKR,AZE,UKR,379221.862,48174235.294,153882982.016,10024.283,44386.204,1541,0,0,0,1,0,0,0,0,0
2020,AZE,UKR,AZE,UKR,353045.36100000003,42693000,156617861.449,10093.121,44132.05,1546,0,0,0,1,0,0,0,0,0
1996,AZE,UZB,AZE,UZB,5610.697,3176749.568,13948892.16,7763,23225,1600,0,0,0,0,0,0,0,0,0
1997,AZE,UZB,AZE,UZB,4339.3330000000005,3962710.272,14744603.648,7838.25,23667,1600,0,0,0,0,0,0,0,0,0
1998,AZE,UZB,AZE,UZB,1964.103,4446396.416,14988971.008,7913,24051.001,1600,0,0,0,0,0,0,0,0,0
1999,AZE,UZB,AZE,UZB,740.194,4581222.4,17078465.536000002,7982.75,24311.649,1600,0,0,0,0,0,0,0,0,0
2000,AZE,UZB,AZE,UZB,1061.327,5272616.96,13760374.784,8048.6,24650.4,1597,0,0,0,0,0,0,0,0,0
2001,AZE,UZB,AZE,UZB,3107.67,5707618.3040000005,11401351.168,8111.2,24964.451,1597,0,0,0,0,0,0,0,0,0
2002,AZE,UZB,AZE,UZB,3830.275,6236024.832,9687951.36,8171.95,25271.851,1597,0,0,0,0,0,0,0,0,0
2003,AZE,UZB,AZE,UZB,1475.537,7275766.272,10128112.64,8234.1,25567.65,1597,0,0,0,0,0,0,0,0,0
2004,AZE,UZB,AZE,UZB,2806.485,8680511.488,12030023.68,8306.5,25864.349,1597,0,0,0,0,0,0,0,0,0
2005,AZE,UZB,AZE,UZB,2844.273,13245421.568,14307510.272,8391.85,26167,1591,0,0,0,0,0,0,0,0,0
2006,AZE,UZB,AZE,UZB,6858.146,20982269.952,17030896.64,8484.55,26488.251,1591,0,0,0,0,0,0,0,0,0
2007,AZE,UZB,AZE,UZB,4454.687,33050343.424,22311393.28,8581.3,26868,1591,0,0,0,0,0,0,0,0,0
2008,AZE,UZB,AZE,UZB,7454.083,48852484.096,27934031.872,8763.4,27302.799,1591,0,0,0,0,0,0,0,0,0
2009,AZE,UZB,AZE,UZB,5769.339,44291489.792,32816828.416,8947.243,27767.401,1591,0,0,0,0,0,0,0,0,0
2010,AZE,UZB,AZE,UZB,20301.426,52902703.104,39332769.792,9054.332,28562.401,1582,0,0,0,0,0,0,0,0,0
2011,AZE,UZB,AZE,UZB,21881.671,65951625.216,45324320.768,9173.082,29339.399,1582,0,0,0,0,0,0,0,0,0
2012,AZE,UZB,AZE,UZB,11523.425,68730904.576,51183443.968,9295.784,29774.5,1582,0,0,0,0,0,0,0,0,0
2013,AZE,UZB,AZE,UZB,10712.085,73560481.792,56795656.192,9416.598,30241.1,1582,0,0,0,0,0,0,0,0,0
2014,AZE,UZB,AZE,UZB,37900.343,75244167.168,63067078.656,9535.079,30757.7,1582,0,0,0,0,0,0,0,0,0
2015,AZE,UZB,AZE,UZB,10872.76,53074370.56,66903805.952,9649.341,31298.901,1576,0,0,0,0,0,0,0,0,0
2016,AZE,UZB,AZE,UZB,3418.779,37847715.84,67220336.64,9762.274,31848.2,1576,0,0,0,0,0,0,0,0,0
2017,AZE,UZB,AZE,UZB,3959.34,40865558.912,62081323.299,9854.033,32388.599,1576,0,0,0,0,0,0,0,0,0
2018,AZE,UZB,AZE,UZB,9351.124,47112941.176,52633143.808,9939.771,32956.1,1576,0,0,0,0,0,0,0,0,0
2019,AZE,UZB,AZE,UZB,28870.494,48174235.294,59907674.027,10024.283,33580.349,1576,0,0,0,0,0,0,0,0,0
2020,AZE,UZB,AZE,UZB,28692.133,42693000,59894305.353,10093.121,34232.052,1569,0,0,0,0,0,0,0,0,0
1997,BLR,ARM,BLR,ARM,1420.651,14128412.672,1639492.48,10117,3137.652,1946,0,0,0,0,0,0,0,0,0
1998,BLR,ARM,BLR,ARM,1430.182,15222014.976,1893726.464,10069,3112.958,1946,0,0,0,0,0,0,0,0,0
1999,BLR,ARM,BLR,ARM,721.089,12138485.76,1845482.24,10035,3093.82,1946,0,0,0,0,0,0,0,0,0
2000,BLR,ARM,BLR,ARM,698.9,12736856.064,1911563.648,10005,3076.098,1949,0,0,0,0,0,0,0,0,0
2001,BLR,ARM,BLR,ARM,1226.8,12354820.096,2118467.968,9928,3059.96,1949,0,0,0,0,0,0,0,0,0
2002,BLR,ARM,BLR,ARM,2930.5,14594925.568,2376335.104,9865,3047.002,1949,0,0,0,0,0,0,0,0,0
2003,BLR,ARM,BLR,ARM,7345.4,17825435.648000002,2807060.992,9797,3036.032,1949,0,0,0,1,0,0,0,0,0
2004,BLR,ARM,BLR,ARM,8759.4,23141586.944,3576615.168,9730,3025.652,1949,0,0,0,1,0,0,0,0,0
2005,BLR,ARM,BLR,ARM,12847.9,30210091.008,4900436.992000001,9663,3014.917,1950,0,0,0,1,0,0,0,0,0
2006,BLR,ARM,BLR,ARM,19514.7,36961918.976,6384457.728,9604,3002.911,1950,0,0,0,1,0,0,0,0,0
2007,BLR,ARM,BLR,ARM,23547.934,45275713.536,9206301.696,9560,2989.882,1950,0,0,0,1,0,0,0,0,0
2008,BLR,ARM,BLR,ARM,28312.113,60763484.16,11662041.088,9528,2977.4880000000003,1950,0,0,0,1,0,0,0,0,0
2009,BLR,ARM,BLR,ARM,24601.723,49208655.872,8647937.024,9507,2968.154,1950,0,0,0,1,0,0,0,0,0
2010,BLR,ARM,BLR,ARM,42111.4,55220932.608,9260286.976,9490,2963.496,1951,0,0,0,1,0,0,0,0,0
2011,BLR,ARM,BLR,ARM,29524.095,59734593.536,10142343.168,9473,2964.12,1951,0,0,0,1,0,0,0,0,0
2012,BLR,ARM,BLR,ARM,33565.165,63615447.04,9958217.728,9464,2969.081,1951,0,0,0,1,0,0,0,0,0
2013,BLR,ARM,BLR,ARM,40843.775,71709515.77600001,10432169.984,9466,2976.5660000000003,1951,0,0,0,1,0,0,0,0,0
2014,BLR,ARM,BLR,ARM,31022.95,78813052.928,11609512.96,9474.511,2906.2200000000003,1951,0,0,0,1,0,0,0,0,0
2015,BLR,ARM,BLR,ARM,33783.644,56454774.784,10529182.72,9489.616,2916.9500000000003,1951,0,0,0,1,0,0,0,0,1
2016,BLR,ARM,BLR,ARM,23203.356,47433441.28,10547331.072,9507.12,2924.8160000000003,1951,0,0,0,1,0,0,0,0,1
2017,BLR,ARM,BLR,ARM,37638.685,54726595.249,11527458.566,9458.989,2944.789,1951,0,0,0,1,0,0,0,0,1
2018,BLR,ARM,BLR,ARM,38570.439,60031262.269,12457941.907,9438.785,2951.741,1951,0,0,0,1,0,0,0,0,1
2019,BLR,ARM,BLR,ARM,52624.8,64409647.194,13619291.361,9419.758,2957.728,1951,0,0,0,1,0,0,0,0,1
2020,BLR,ARM,BLR,ARM,58592.096,61489588.895,12641209.802,9379.952,2963.234,1951,0,0,0,1,0,0,0,0,1
1996,BLR,AZE,BLR,AZE,4950.631,14756861.952,3176749.568,10160,7763,2174,0,0,0,0,0,0,0,0,0
1997,BLR,AZE,BLR,AZE,7209.156,14128412.672,3962710.272,10117,7838.25,2174,0,0,0,0,0,0,0,0,0
1998,BLR,AZE,BLR,AZE,14803.407,15222014.976,4446396.416,10069,7913,2174,0,0,0,0,0,0,0,0,0
1999,BLR,AZE,BLR,AZE,9071.936,12138485.76,4581222.4,10035,7982.75,2174,0,0,0,0,0,0,0,0,0
2000,BLR,AZE,BLR,AZE,7058.851000000001,12736856.064,5272616.96,10005,8048.6,2176,0,0,0,0,0,0,0,0,0
2001,BLR,AZE,BLR,AZE,4989,12354820.096,5707618.3040000005,9928,8111.2,2176,0,0,0,0,0,0,0,0,0
2002,BLR,AZE,BLR,AZE,4476.1,14594925.568,6236024.832,9865,8171.95,2176,0,0,0,0,0,0,0,0,0
2003,BLR,AZE,BLR,AZE,8733.5,17825435.648000002,7275766.272,9797,8234.1,2176,0,0,0,0,0,0,0,0,0
2004,BLR,AZE,BLR,AZE,14917.9,23141586.944,8680511.488,9730,8306.5,2176,0,0,0,0,0,0,0,0,0
2005,BLR,AZE,BLR,AZE,28037.5,30210091.008,13245421.568,9663,8391.85,2178,0,0,0,0,0,0,0,0,0
2006,BLR,AZE,BLR,AZE,34457.9,36961918.976,20982269.952,9604,8484.55,2178,0,0,0,0,0,0,0,0,0
2007,BLR,AZE,BLR,AZE,86427.3,45275713.536,33050343.424,9560,8581.3,2178,0,0,0,0,0,0,0,0,0
2008,BLR,AZE,BLR,AZE,105428.4,60763484.16,48852484.096,9528,8763.4,2178,0,0,0,0,0,0,0,0,0
2009,BLR,AZE,BLR,AZE,136757.545,49208655.872,44291489.792,9507,8947.243,2178,0,0,0,0,0,0,0,0,0
2010,BLR,AZE,BLR,AZE,140155.30000000002,55220932.608,52902703.104,9490,9054.332,2181,0,0,0,0,0,0,0,0,0
2011,BLR,AZE,BLR,AZE,138558.2,59734593.536,65951625.216,9473,9173.082,2181,0,0,0,0,0,0,0,0,0
2012,BLR,AZE,BLR,AZE,139167.9,63615447.04,68730904.576,9464,9295.784,2181,0,0,0,0,0,0,0,0,0
2013,BLR,AZE,BLR,AZE,164105.7,71709515.77600001,73560481.792,9466,9416.598,2181,0,0,0,0,0,0,0,0,0
2014,BLR,AZE,BLR,AZE,186605.5,78813052.928,75244167.168,9474.511,9535.079,2181,0,0,0,0,0,0,0,0,0
2015,BLR,AZE,BLR,AZE,137846.8,56454774.784,53074370.56,9489.616,9649.341,2182,0,0,0,0,0,0,0,0,0
2016,BLR,AZE,BLR,AZE,106559,47433441.28,37847715.84,9507.12,9762.274,2182,0,0,0,0,0,0,0,0,0
2017,BLR,AZE,BLR,AZE,130214.245,54726595.249,40865558.912,9458.989,9854.033,2182,0,0,0,0,0,0,0,0,0
2018,BLR,AZE,BLR,AZE,227737,60031262.269,47112941.176,9438.785,9939.771,2182,0,0,0,0,0,0,0,0,0
2019,BLR,AZE,BLR,AZE,206065.911,64409647.194,48174235.294,9419.758,10024.283,2182,0,0,0,0,0,0,0,0,0
2020,BLR,AZE,BLR,AZE,148221.772,61489588.895,42693000,9379.952,10093.121,2183,0,0,0,0,0,0,0,0,0
1995,BLR,EST,BLR,EST,15713.396,13972637.696,4362191.36,10194,1436.634,676,0,0,0,0,0,0,0,0,0
1996,BLR,EST,BLR,EST,14002.76,14756861.952,4739181.568,10160,1415.594,676,0,0,0,0,0,0,0,0,0
1997,BLR,EST,BLR,EST,17011.011,14128412.672,5059146.752,10117,1399.535,676,0,0,0,0,0,0,0,0,0
1998,BLR,EST,BLR,EST,17412.369,15222014.976,5608007.1680000005,10069,1386.156,676,0,0,0,0,0,0,0,0,0
1999,BLR,EST,BLR,EST,57491.456,12138485.76,5715278.848,10035,1380.62,676,0,0,0,1,0,0,0,0,0
2000,BLR,EST,BLR,EST,147358.6,12736856.064,5685561.3440000005,10005,1396.985,676,0,0,0,1,0,0,0,0,0
2001,BLR,EST,BLR,EST,129206.2,12354820.096,6233506.3040000005,9928,1388.115,676,0,0,0,1,0,0,0,0,0
2002,BLR,EST,BLR,EST,63352.8,14594925.568,7308609.024,9865,1379.35,676,0,0,0,1,0,0,0,0,0
2003,BLR,EST,BLR,EST,110165.565,17825435.648000002,9822143.488,9797,1370.72,676,0,0,0,1,0,0,0,0,0
2004,BLR,EST,BLR,EST,152906.307,23141586.944,12057639.936,9730,1362.55,676,0,0,0,1,0,0,0,0,0
2005,BLR,EST,BLR,EST,166047.999,30210091.008,14003096.576,9663,1354.775,676,0,0,0,1,0,0,0,0,0
2006,BLR,EST,BLR,EST,251624.566,36961918.976,16958045.184,9604,1346.81,676,0,0,0,1,0,0,0,0,0
2007,BLR,EST,BLR,EST,347876.017,45275713.536,22228670.464,9560,1340.68,676,0,0,0,1,0,0,0,0,0
2008,BLR,EST,BLR,EST,654328.904,60763484.16,24185794.56,9528,1337.09,676,0,0,0,1,0,0,0,0,0
2009,BLR,EST,BLR,EST,247383.749,49208655.872,19640621.056,9507,1334.515,676,0,0,0,1,0,0,0,0,0
2010,BLR,EST,BLR,EST,204789.4,55220932.608,19479013.376,9490,1331.475,675,0,0,0,1,0,0,0,0,0
2011,BLR,EST,BLR,EST,577784.4,59734593.536,22803433.472,9473,1327.439,675,0,0,0,1,0,0,0,0,0
2012,BLR,EST,BLR,EST,485861.2,63615447.04,22660753.408,9464,1325.016,675,0,0,0,1,0,0,0,0,0
2013,BLR,EST,BLR,EST,166201.048,71709515.77600001,24880265.216,9466,1324.612,675,0,0,0,1,0,0,0,0,0
2014,BLR,EST,BLR,EST,103569.314,78813052.928,26213941.248,9474.511,1314.545,675,0,0,0,1,0,0,0,0,0
2015,BLR,EST,BLR,EST,145799.168,56454774.784,22460471.296,9489.616,1315.407,676,0,0,0,1,0,0,0,0,0
2016,BLR,EST,BLR,EST,74659.561,47433441.28,23136741.376,9507.12,1316.481,676,0,0,0,1,0,0,0,0,0
2017,BLR,EST,BLR,EST,130834.777,54726595.249,26924385.103,9458.989,1317.384,676,0,0,0,1,0,0,0,0,0
2018,BLR,EST,BLR,EST,571344.533,60031262.269,30489500.905,9438.785,1321.977,676,0,0,0,1,0,0,0,0,0
2019,BLR,EST,BLR,EST,452874.863,64409647.194,31045591.753,9419.758,1326.855,676,0,0,0,1,0,0,0,0,0
2020,BLR,EST,BLR,EST,295558.919,61489588.895,30650285.472,9379.952,1329.479,676,0,0,0,1,0,0,0,0,0
1996,BLR,GEO,BLR,GEO,2516.072,14756861.952,3094915.5840000003,10160,4616.1,1825,0,0,0,0,0,0,0,0,0
1997,BLR,GEO,BLR,GEO,2758.808,14128412.672,3510540.8000000003,10117,4531.6,1825,0,0,0,0,0,0,0,0,0
1998,BLR,GEO,BLR,GEO,2775.59,15222014.976,3613500.16,10069,4487.3,1825,0,0,0,0,0,0,0,0,0
1999,BLR,GEO,BLR,GEO,1270.477,12138485.76,2800024.32,10035,4452.5,1825,0,0,0,0,0,0,0,0,0
2000,BLR,GEO,BLR,GEO,1527.2,12736856.064,3057453.568,10005,4418.3,1827,0,0,0,1,0,0,0,0,0
2001,BLR,GEO,BLR,GEO,2242.8,12354820.096,3219487.744,9928,4386.4000000000005,1827,0,0,0,1,0,0,0,0,0
2002,BLR,GEO,BLR,GEO,743.4,14594925.568,3395778.56,9865,4357,1827,0,0,0,1,0,0,0,0,0
2003,BLR,GEO,BLR,GEO,1945.216,17825435.648000002,3991374.592,9797,4328.9,1827,0,0,0,1,0,0,0,0,0
2004,BLR,GEO,BLR,GEO,2856.914,23141586.944,5125274.112,9730,4318.3,1827,0,0,0,1,0,0,0,0,0
2005,BLR,GEO,BLR,GEO,6766.205,30210091.008,6411147.264,9663,4361.4,1829,0,0,0,1,0,0,0,0,0
2006,BLR,GEO,BLR,GEO,25669.429,36961918.976,7761900.032000001,9604,4398,1829,0,0,0,1,0,0,0,0,0
2007,BLR,GEO,BLR,GEO,29301.5,45275713.536,10172260.352,9560,4388.4000000000005,1829,0,0,0,1,0,0,0,0,0
2008,BLR,GEO,BLR,GEO,34644.822,60763484.16,12799337.472,9528,4383.8,1829,0,0,0,1,0,0,0,0,0
2009,BLR,GEO,BLR,GEO,27116.888,49208655.872,10766836.736,9507,4410.9000000000005,1829,0,0,0,1,0,0,0,0,0
2010,BLR,GEO,BLR,GEO,42063.8,55220932.608,11638537.216,9490,4452.8,1830,0,0,0,1,0,0,0,0,0
2011,BLR,GEO,BLR,GEO,34262.6,59734593.536,14434620.416,9473,4483.35,1830,0,0,0,1,0,0,0,0,0
2012,BLR,GEO,BLR,GEO,35996.1,63615447.04,15846474.752,9464,4490.7,1830,0,0,0,1,0,0,0,0,0
2013,BLR,GEO,BLR,GEO,21753,71709515.77600001,16140047.36,9466,4476.9000000000005,1830,0,0,0,1,0,0,0,0,0
2014,BLR,GEO,BLR,GEO,23144.7,78813052.928,16509305.856,9474.511,3727,1830,0,0,0,1,0,0,0,0,0
2015,BLR,GEO,BLR,GEO,22350.7,56454774.784,13993546.752,9489.616,3717.1,1830,0,0,0,1,0,0,0,0,0
2016,BLR,GEO,BLR,GEO,57200.845,47433441.28,14332879.872,9507.12,3719.3,1830,0,0,0,1,0,0,0,0,0
2017,BLR,GEO,BLR,GEO,66949.615,54726595.249,16242916.916,9458.989,3728.004,1830,0,0,0,1,0,0,0,0,0
2018,BLR,GEO,BLR,GEO,58700.053,60031262.269,17596922.47,9438.785,3726.549,1830,0,0,0,1,0,0,0,0,0
2019,BLR,GEO,BLR,GEO,50481.29,64409647.194,17470436.259,9419.758,3720.161,1830,0,0,0,1,0,0,0,0,0
2020,BLR,GEO,BLR,GEO,50144.655,61489588.895,15842922.533,9379.952,3722.716,1830,0,0,0,1,0,0,0,0,0
1995,BLR,KAZ,BLR,KAZ,77739.863,13972637.696,20374306.816,10194,15815.626,3247,0,0,0,0,0,0,0,0,0
1996,BLR,KAZ,BLR,KAZ,120459.168,14756861.952,21035358.208,10160,15577.894,3247,0,0,0,0,0,0,0,0,0
1997,BLR,KAZ,BLR,KAZ,58204.189,14128412.672,22165932.032,10117,15333.703,3247,0,0,0,0,0,0,0,0,0
1998,BLR,KAZ,BLR,KAZ,59970.001,15222014.976,22135244.8,10069,15071.3,3247,0,0,0,0,0,0,0,0,0
1999,BLR,KAZ,BLR,KAZ,38263.198,12138485.76,16870816.768,10035,14928.426,3247,0,0,0,0,0,0,0,0,0
2000,BLR,KAZ,BLR,KAZ,39524.5,12736856.064,18291990.528,10005,14883.626,3244,0,0,0,0,0,0,0,0,0
2001,BLR,KAZ,BLR,KAZ,46348.1,12354820.096,22152689.664,9928,14858.335,3244,0,0,0,0,0,0,0,0,0
2002,BLR,KAZ,BLR,KAZ,54802,14594925.568,24636598.272,9865,14858.948,3244,0,0,0,0,0,0,0,0,0
2003,BLR,KAZ,BLR,KAZ,94896.2,17825435.648000002,30833692.672,9797,14909.018,3244,0,0,0,0,0,0,0,0,0
2004,BLR,KAZ,BLR,KAZ,143821.99,23141586.944,43151646.72,9730,15012.985,3244,0,0,0,0,0,0,0,0,0
2005,BLR,KAZ,BLR,KAZ,207994.631,30210091.008,57123672.064,9663,15147.029,3223,0,0,0,0,0,0,0,0,0
2006,BLR,KAZ,BLR,KAZ,284350.548,36961918.976,81003864.064,9604,15308.084,3223,0,0,0,0,0,0,0,0,0
2007,BLR,KAZ,BLR,KAZ,395967.009,45275713.536,104849883.136,9560,15484.192,3223,0,0,0,0,0,0,0,0,0
2008,BLR,KAZ,BLR,KAZ,396202.111,60763484.16,133441609.728,9528,15674,3223,0,0,0,0,0,0,0,0,0
2009,BLR,KAZ,BLR,KAZ,367063.179,49208655.872,115308658.688,9507,16092.701,3223,0,0,0,0,0,0,0,0,0
2010,BLR,KAZ,BLR,KAZ,464778.8,55220932.608,148047347.712,9490,16321.581,3214,0,0,0,0,0,0,0,0,0
2011,BLR,KAZ,BLR,KAZ,668679.2000000001,59734593.536,188048965.632,9473,16556.601,3214,0,0,0,0,0,0,0,0,0
2012,BLR,KAZ,BLR,KAZ,804138,63615447.04,203517198.336,9464,16791.426,3214,0,0,0,0,0,0,0,0,0
2013,BLR,KAZ,BLR,KAZ,862001.4,71709515.77600001,231876280.32,9466,17037.508,3214,0,0,0,0,0,0,0,0,0
2014,BLR,KAZ,BLR,KAZ,875462,78813052.928,221415571.456,9474.511,17289.225,3214,0,0,0,0,0,0,0,0,0
2015,BLR,KAZ,BLR,KAZ,522778.2,56454774.784,184388435.968,9489.616,17544.127,3212,0,0,0,1,0,0,0,0,1
2016,BLR,KAZ,BLR,KAZ,363103.4,47433441.28,133657083.904,9507.12,17797.031,3212,0,0,0,1,0,0,0,0,1
2017,BLR,KAZ,BLR,KAZ,587925,54726595.249,166805800.59600002,9458.989,18037.777,3212,0,0,0,1,0,0,0,0,1
2018,BLR,KAZ,BLR,KAZ,782266,60031262.269,179339994.859,9438.785,18276.451,3212,0,0,0,1,0,0,0,0,1
2019,BLR,KAZ,BLR,KAZ,736799.9,64409647.194,181667190.076,9419.758,18513.674,3212,0,0,0,1,0,0,0,0,1
2020,BLR,KAZ,BLR,KAZ,725823.2000000001,61489588.895,171082379.533,9379.952,18755.667,3209,0,0,0,1,0,0,0,0,1
1995,BLR,KGZ,BLR,KGZ,5033.675,13972637.696,1661018.496,10194,4560.4000000000005,3583,0,0,0,0,0,0,0,0,0
1996,BLR,KGZ,BLR,KGZ,6103.865,14756861.952,1827570.56,10160,4628.4000000000005,3583,0,0,0,0,0,0,0,0,0
1998,BLR,KGZ,BLR,KGZ,9646.632,15222014.976,1645963.776,10069,4769,3583,0,0,0,1,0,0,0,0,0
1999,BLR,KGZ,BLR,KGZ,5547.955,12138485.76,1249062.016,10035,4840.4000000000005,3583,0,0,0,1,0,0,0,0,0
2000,BLR,KGZ,BLR,KGZ,4030.2,12736856.064,1369691.904,10005,4898.4000000000005,3586,0,0,0,1,0,0,0,0,0
2001,BLR,KGZ,BLR,KGZ,7121.2,12354820.096,1525113.472,9928,4945.1,3586,0,0,0,1,0,0,0,0,0
2002,BLR,KGZ,BLR,KGZ,5065.234,14594925.568,1605640.576,9865,4990.7,3586,0,0,0,1,0,0,0,0,0
2003,BLR,KGZ,BLR,KGZ,5888.685,17825435.648000002,1919012.736,9797,5043.3,3586,0,0,0,1,0,0,0,0,0
2004,BLR,KGZ,BLR,KGZ,4210.9580000000005,23141586.944,2211535.36,9730,5104.7,3586,0,0,0,1,0,0,0,0,0
2005,BLR,KGZ,BLR,KGZ,8787.800000000001,30210091.008,2459876.096,9663,5162.6,3588,0,0,0,1,0,0,0,0,0
2006,BLR,KGZ,BLR,KGZ,20029.7,36961918.976,2834168.832,9604,5218.4000000000005,3588,0,0,0,1,0,0,0,0,0
2007,BLR,KGZ,BLR,KGZ,23826.661,45275713.536,3802566.144,9560,5268.4000000000005,3588,0,0,0,1,0,0,0,0,0
2008,BLR,KGZ,BLR,KGZ,42489.293,60763484.16,5139957.76,9528,5318.7,3588,0,0,0,1,0,0,0,0,0
2009,BLR,KGZ,BLR,KGZ,72940.438,49208655.872,4690062.336,9507,5383.3,3588,0,0,0,1,0,0,0,0,0
2010,BLR,KGZ,BLR,KGZ,85459.6,55220932.608,4794357.76,9490,5447.9000000000005,3590,0,0,0,1,0,0,0,0,0
2011,BLR,KGZ,BLR,KGZ,218175.5,59734593.536,6197766.144,9473,5514.6,3590,0,0,0,1,0,0,0,0,0
2012,BLR,KGZ,BLR,KGZ,161251.507,63615447.04,6605139.968,9464,5607.2,3590,0,0,0,1,0,0,0,0,0
2013,BLR,KGZ,BLR,KGZ,116362.603,71709515.77600001,7226303.488,9466,5719.5,3590,0,0,0,1,0,0,0,0,0
2014,BLR,KGZ,BLR,KGZ,91439.152,78813052.928,7468096.512,9474.511,5835.5,3590,0,0,0,1,0,0,0,0,0
2015,BLR,KGZ,BLR,KGZ,55381.2,56454774.784,6678178.3040000005,9489.616,5956.9000000000005,3591,0,0,0,1,0,0,0,0,1
2016,BLR,KGZ,BLR,KGZ,47837.7,47433441.28,6551287.808,9507.12,6082.7,3591,0,0,0,1,0,0,0,0,1
2017,BLR,KGZ,BLR,KGZ,123450.3,54726595.249,7702934.8,9458.989,6198.2,3591,0,0,0,1,0,0,0,0,1
2018,BLR,KGZ,BLR,KGZ,120319.7,60031262.269,8271108.638,9438.785,6322.8,3591,0,0,0,1,0,0,0,0,1
2019,BLR,KGZ,BLR,KGZ,60696.2,64409647.194,8871026.074000001,9419.758,6456.2,3591,0,0,0,1,0,0,0,0,1
2020,BLR,KGZ,BLR,KGZ,60220.4,61489588.895,7780874.537,9379.952,6579.9000000000005,3592,0,0,0,1,0,0,0,0,1
1992,BLR,LTU,BLR,LTU,95363.778,17022180.352,8562311.168,10216,3700.114,219,0,1,0,0,0,0,0,0,0
1994,BLR,LTU,BLR,LTU,97855.411,14931599.36,6958637.056,10227,3657.144,219,0,1,0,0,0,0,0,0,0
1995,BLR,LTU,BLR,LTU,133076.796,13972637.696,7904896,10194,3629.102,218,0,1,0,0,0,0,0,0,0
1996,BLR,LTU,BLR,LTU,108196.266,14756861.952,8426599.936,10160,3601.6130000000003,218,0,1,0,0,0,0,0,0,0
1997,BLR,LTU,BLR,LTU,135966.677,14128412.672,10128700.416,10117,3575.137,218,0,1,0,0,0,0,0,0,0
1998,BLR,LTU,BLR,LTU,157527.582,15222014.976,11254049.792,10069,3549.331,218,0,1,0,0,0,0,0,0,0
1999,BLR,LTU,BLR,LTU,174610.865,12138485.76,10971374.592,10035,3524.2380000000003,218,0,1,0,0,0,0,0,0,0
2000,BLR,LTU,BLR,LTU,348777,12736856.064,11434200.064,10005,3499.536,217,0,1,0,0,0,0,0,0,0
2001,BLR,LTU,BLR,LTU,275803.8,12354820.096,12159224.832,9928,3470.818,217,0,1,0,1,0,0,0,0,0
2002,BLR,LTU,BLR,LTU,256736.1,14594925.568,14163949.568,9865,3443.067,217,0,1,0,1,0,0,0,0,0
2003,BLR,LTU,BLR,LTU,264981.6,17825435.648000002,18608709.632,9797,3415.213,217,0,1,0,1,0,0,0,0,0
2004,BLR,LTU,BLR,LTU,356277,23141586.944,22659295.232,9730,3377.0750000000003,217,0,1,0,1,0,0,0,0,0
2005,BLR,LTU,BLR,LTU,351783.10000000003,30210091.008,26085306.368,9663,3322.528,216,0,1,0,1,0,0,0,0,0
2006,BLR,LTU,BLR,LTU,432701.8,36961918.976,30246361.088,9604,3269.909,216,0,1,0,1,0,0,0,0,0
2007,BLR,LTU,BLR,LTU,564537.4,45275713.536,39325986.816,9560,3231.294,216,0,1,0,1,0,0,0,0,0
2008,BLR,LTU,BLR,LTU,619229,60763484.16,47438364.672,9528,3198.231,216,0,1,0,1,0,0,0,0,0
2009,BLR,LTU,BLR,LTU,362253,49208655.872,37050081.28,9507,3162.916,216,0,1,0,1,0,0,0,0,0
2010,BLR,LTU,BLR,LTU,450505.5,55220932.608,36709511.168,9490,3097.282,215,0,1,0,1,0,0,0,0,0
2011,BLR,LTU,BLR,LTU,857120.5,59734593.536,43083067.392,9473,3028.115,215,0,1,0,1,0,0,0,0,0
2012,BLR,LTU,BLR,LTU,1181147.9,63615447.04,42343559.168,9464,2987.773,215,0,1,0,1,0,0,0,0,0
2013,BLR,LTU,BLR,LTU,1072547.2,71709515.77600001,45931966.464,9466,2956.121,215,0,1,0,1,0,0,0,0,0
2014,BLR,LTU,BLR,LTU,1038121.6,78813052.928,48545251.328,9474.511,2932.367,215,0,1,0,1,0,0,0,0,0
2015,BLR,LTU,BLR,LTU,975723.778,56454774.784,41402023.936,9489.616,2904.91,215,0,1,0,1,0,0,0,0,0
2016,BLR,LTU,BLR,LTU,774286.523,47433441.28,42738876.416,9507.12,2872.298,215,0,1,0,1,0,0,0,0,0
2017,BLR,LTU,BLR,LTU,846585.5,54726595.249,47758736.932,9458.989,2828.403,215,0,1,0,1,0,0,0,0,0
2018,BLR,LTU,BLR,LTU,1152053.3,60031262.269,53750911.866,9438.785,2801.543,215,0,1,0,1,0,0,0,0,0
2019,BLR,LTU,BLR,LTU,1054542.1,64409647.194,54697379.017000005,9419.758,2794.137,215,0,1,0,1,0,0,0,0,0
2020,BLR,LTU,BLR,LTU,1034228,61489588.895,56546957.475,9379.952,2794.885,215,0,1,0,1,0,0,0,0,0
1994,BLR,LVA,BLR,LVA,37880.548,14931599.36,5060854.784,10227,2520.742,448,0,1,0,0,0,0,0,0,0
1995,BLR,LVA,BLR,LVA,57380.961,13972637.696,5235719.68,10194,2485.056,447,0,1,0,0,0,0,0,0,0
1996,BLR,LVA,BLR,LVA,39682.626,14756861.952,5585292.8,10160,2457.222,447,0,1,0,0,0,0,0,0,0
1997,BLR,LVA,BLR,LVA,33481.443,14128412.672,6133234.176,10117,2432.851,447,0,1,0,0,0,0,0,0,0
1998,BLR,LVA,BLR,LVA,171373.332,15222014.976,6616957.44,10069,2410.019,447,0,1,0,0,0,0,0,0,0
1999,BLR,LVA,BLR,LVA,260388.867,12138485.76,7288524.288,10035,2390.482,447,0,1,0,1,0,0,0,0,0
2000,BLR,LVA,BLR,LVA,467311.3,12736856.064,7833068.544,10005,2367.55,446,0,1,0,1,0,0,0,0,0
2001,BLR,LVA,BLR,LVA,492265.9,12354820.096,8313047.552,9928,2337.17,446,0,1,0,1,0,0,0,0,0
2002,BLR,LVA,BLR,LVA,520108.8,14594925.568,9314784.256,9865,2310.173,446,0,1,0,1,0,0,0,0,0
2003,BLR,LVA,BLR,LVA,344349.7,17825435.648000002,11186452.48,9797,2287.955,446,0,1,0,1,0,0,0,0,0
2004,BLR,LVA,BLR,LVA,383752.512,23141586.944,13761569.792,9730,2263.122,446,0,1,0,1,0,0,0,0,0
2005,BLR,LVA,BLR,LVA,561952.795,30210091.008,16041840.64,9663,2238.799,445,0,1,0,1,0,0,0,0,0
2006,BLR,LVA,BLR,LVA,533427.033,36961918.976,19935045.632,9604,2218.357,445,0,1,0,1,0,0,0,0,0
2007,BLR,LVA,BLR,LVA,990235.4,45275713.536,28765687.808,9560,2200.3250000000003,445,0,1,0,1,0,0,0,0,0
2008,BLR,LVA,BLR,LVA,2140992.9,60763484.16,33669367.808,9528,2177.322,445,0,1,0,1,0,0,0,0,0
2009,BLR,LVA,BLR,LVA,1655847.1,49208655.872,25875781.632,9507,2141.669,445,0,1,0,1,0,0,0,0,0
2010,BLR,LVA,BLR,LVA,929525.6,55220932.608,24009680.896,9490,2097.555,444,0,1,0,1,0,0,0,0,0
2011,BLR,LVA,BLR,LVA,3151034.8000000003,59734593.536,28480337.92,9473,2059.709,444,0,1,0,1,0,0,0,0,0
2012,BLR,LVA,BLR,LVA,3269680,63615447.04,28372578.304,9464,2034.319,444,0,1,0,1,0,0,0,0,0
2013,BLR,LVA,BLR,LVA,526567.4,71709515.77600001,30956691.456,9466,2013.385,444,0,1,0,1,0,0,0,0,0
2014,BLR,LVA,BLR,LVA,501494.1,78813052.928,31352250.368,9474.511,1993.782,444,0,1,0,1,0,0,0,0,0
2015,BLR,LVA,BLR,LVA,598115,56454774.784,27026036.736,9489.616,1977.527,444,0,1,0,1,0,0,0,0,0
2016,BLR,LVA,BLR,LVA,269136.4,47433441.28,27677390.848,9507.12,1960.424,444,0,1,0,1,0,0,0,0,0
2017,BLR,LVA,BLR,LVA,349151,54726595.249,30483806.018,9458.989,1942.248,444,0,1,0,1,0,0,0,0,0
2018,BLR,LVA,BLR,LVA,471927.4,60031262.269,34429023.435,9438.785,1927.174,444,0,1,0,1,0,0,0,0,0
2019,BLR,LVA,BLR,LVA,365299.9,64409647.194,34308783.825,9419.758,1913.822,444,0,1,0,1,0,0,0,0,0
2020,BLR,LVA,BLR,LVA,340964.467,61489588.895,33645460.617,9379.952,1900.449,444,0,1,0,1,0,0,0,0,0
1994,BLR,MDA,BLR,MDA,20071.234,14931599.36,1702314.368,10227,3694,754,0,0,0,0,0,0,0,0,0
1995,BLR,MDA,BLR,MDA,50657.061,13972637.696,1752995.328,10194,3675.099,754,0,0,0,0,0,0,0,0,0
1996,BLR,MDA,BLR,MDA,57669.911,14756861.952,1695130.496,10160,3667.748,754,0,0,0,0,0,0,0,0,0
1997,BLR,MDA,BLR,MDA,34160.963,14128412.672,1930071.424,10117,3654.208,754,0,0,0,0,0,0,0,0,0
1998,BLR,MDA,BLR,MDA,60424.379,15222014.976,1639497.216,10069,3652.732,754,0,0,0,0,0,0,0,0,0
1999,BLR,MDA,BLR,MDA,29259.051,12138485.76,1170785.024,10035,3647.001,754,0,0,0,0,0,0,0,0,0
2000,BLR,MDA,BLR,MDA,38408,12736856.064,1288420.224,10005,3639.592,755,0,0,0,0,0,0,0,0,0
2001,BLR,MDA,BLR,MDA,43769.2,12354820.096,1480656.896,9928,3631.462,755,0,0,0,1,0,0,0,0,0
2002,BLR,MDA,BLR,MDA,43203.4,14594925.568,1661818.112,9865,3623.062,755,0,0,0,1,0,0,0,0,0
2003,BLR,MDA,BLR,MDA,55884.7,17825435.648000002,1980901.504,9797,3612.874,755,0,0,0,1,0,0,0,0,0
2004,BLR,MDA,BLR,MDA,73505.1,23141586.944,2598231.552,9730,3603.945,755,0,0,0,1,0,0,0,0,0
2005,BLR,MDA,BLR,MDA,102212.7,30210091.008,2988172.544,9663,3595.187,755,0,0,0,1,0,0,0,0,0
2006,BLR,MDA,BLR,MDA,95682.3,36961918.976,3408454.144,9604,3585.2090000000003,755,0,0,0,1,0,0,0,0,0
2007,BLR,MDA,BLR,MDA,144783.1,45275713.536,4402496,9560,3576.91,755,0,0,0,1,0,0,0,0,0
2008,BLR,MDA,BLR,MDA,241237.3,60763484.16,6054806.016,9528,3570.108,755,0,0,0,1,0,0,0,0,0
2009,BLR,MDA,BLR,MDA,169635.7,49208655.872,5439421.9520000005,9507,3565.6040000000003,755,0,0,0,1,0,0,0,0,0
2010,BLR,MDA,BLR,MDA,165163.6,55220932.608,5811603.968,9490,3562.045,755,0,0,0,1,0,0,0,0,0
2011,BLR,MDA,BLR,MDA,242141.5,59734593.536,7016162.816000001,9473,3559.986,755,0,0,0,1,0,0,0,0,0
2012,BLR,MDA,BLR,MDA,253358.2,63615447.04,7284686.336,9464,3559.519,755,0,0,0,1,0,0,0,0,0
2013,BLR,MDA,BLR,MDA,265132.9,71709515.77600001,7969618.944,9466,3559,755,0,0,0,1,0,0,0,0,0
2014,BLR,MDA,BLR,MDA,260928.5,78813052.928,7983270.912,9474.511,3556.397,755,0,0,0,1,0,0,0,0,0
2015,BLR,MDA,BLR,MDA,119040.2,56454774.784,6512899.584,9489.616,3554.108,755,0,0,0,1,0,0,0,0,0
2016,BLR,MDA,BLR,MDA,114167.3,47433441.28,6749515.776000001,9507.12,3552,755,0,0,0,1,0,0,0,0,0
2017,BLR,MDA,BLR,MDA,129581.6,54726595.249,9669741.744,9458.989,2755.158,755,0,0,0,1,0,0,0,0,0
2018,BLR,MDA,BLR,MDA,140352.1,60031262.269,11457443.185,9438.785,2708.214,755,0,0,0,1,0,0,0,0,0
2019,BLR,MDA,BLR,MDA,137368.1,64409647.194,11971345.003,9419.758,2664.974,755,0,0,0,1,0,0,0,0,0
2020,BLR,MDA,BLR,MDA,125500.5,61489588.895,11859730.544,9379.952,2620.495,754,0,0,0,1,0,0,0,0,0
1996,BLR,RUS,BLR,RUS,2907599.872,14756861.952,391721385.984,10160,148160.126,1019,0,1,0,0,0,0,0,0,0
1997,BLR,RUS,BLR,RUS,3333832.072,14128412.672,404926529.536,10117,147915.375,1019,0,1,0,0,0,0,0,0,0
1998,BLR,RUS,BLR,RUS,4608114.484,15222014.976,270953119.744,10069,147670.776,1019,0,1,0,0,0,0,0,0,0
1999,BLR,RUS,BLR,RUS,3222000,12138485.76,195905765.376,10035,147214.783,1019,0,1,0,0,0,0,0,0,0
2000,BLR,RUS,BLR,RUS,3715667.9,12736856.064,259708502.016,10005,146596.863,1013,0,1,0,0,0,0,0,0,0
2001,BLR,RUS,BLR,RUS,3962698.9,12354820.096,306602672.128,9928,145976.471,1013,0,1,0,0,0,0,0,0,0
2002,BLR,RUS,BLR,RUS,3977107.1,14594925.568,345110446.08,9865,145408.035,1013,0,1,0,0,0,0,0,0,0
2003,BLR,RUS,BLR,RUS,4879858,17825435.648000002,430347780.096,9797,144667.465,1013,0,1,0,0,0,0,0,0,0
2004,BLR,RUS,BLR,RUS,6484977,23141586.944,591016689.664,9730,143821.213,1013,0,1,0,0,0,0,0,0,0
2005,BLR,RUS,BLR,RUS,5715788,30210091.008,764000927.744,9663,143113.892,1009,0,1,0,0,0,0,0,0,0
2006,BLR,RUS,BLR,RUS,6849619,36961918.976,989930520.576,9604,142487.259,1009,0,1,0,0,0,0,0,0,0
2007,BLR,RUS,BLR,RUS,8887000,45275713.536,1299705233.408,9560,142114.899,1009,0,1,0,0,0,0,0,0,0
2008,BLR,RUS,BLR,RUS,10599884.667,60763484.16,1660844376.064,9528,141956.40600000002,1009,0,1,0,0,0,0,0,0,0
2009,BLR,RUS,BLR,RUS,6718485.5,49208655.872,1222643679.232,9507,141909.241,1009,0,1,0,0,0,0,0,0,0
2010,BLR,RUS,BLR,RUS,9953647.9,55220932.608,1524916158.464,9490,142385.529,1006,0,1,0,0,0,0,0,0,0
2011,BLR,RUS,BLR,RUS,14508643.1,59734593.536,1904792961.024,9473,142956.467,1006,0,1,0,0,0,0,0,0,0
2012,BLR,RUS,BLR,RUS,16161364.8,63615447.04,2017470971.904,9464,143177.994,1006,0,1,0,1,0,0,0,0,0
2013,BLR,RUS,BLR,RUS,16733677,71709515.77600001,2096777003.008,9466,143499.863,1006,0,1,0,1,0,0,0,0,0
2014,BLR,RUS,BLR,RUS,15071585.3,78813052.928,2063662317.568,9474.511,143819.672,1006,0,1,0,1,0,0,0,0,0
2015,BLR,RUS,BLR,RUS,10301109.9,56454774.784,1365865267.2,9489.616,144096.863,1008,0,1,0,1,0,0,0,0,1
2016,BLR,RUS,BLR,RUS,10901669,47433441.28,1283162374.144,9507.12,144342.392,1008,0,1,0,1,0,0,0,0,1
2017,BLR,RUS,BLR,RUS,13313949.062,54726595.249,1574199387.071,9458.989,144496.73500000002,1008,0,1,0,1,0,0,0,0,1
2018,BLR,RUS,BLR,RUS,12901812.397,60031262.269,1657329646.184,9438.785,144477.859,1008,0,1,0,1,0,0,0,0,1
2019,BLR,RUS,BLR,RUS,13656498.99,64409647.194,1693113904.263,9419.758,144406.265,1008,0,1,0,1,0,0,0,0,1
2020,BLR,RUS,BLR,RUS,12978016,61489588.895,1488321875.49,9379.952,144073.135,1009,0,1,0,1,0,0,0,0,1
1998,BLR,TJK,BLR,TJK,8228.253,15222014.976,1320126.72,10069,6012.933,3505,0,0,0,0,0,0,0,0,0
1999,BLR,TJK,BLR,TJK,2972.968,12138485.76,1086567.424,10035,6094.661,3505,0,0,0,0,0,0,0,0,0
2000,BLR,TJK,BLR,TJK,2396.5,12736856.064,860550.272,10005,6186.152,3508,0,0,0,0,0,0,0,0,0
2001,BLR,TJK,BLR,TJK,2546.6,12354820.096,1080774.016,9928,6289.34,3508,0,0,0,0,0,0,0,0,0
2002,BLR,TJK,BLR,TJK,2991.4,14594925.568,1221113.856,9865,6404.118,3508,0,0,0,0,0,0,0,0,0
2003,BLR,TJK,BLR,TJK,4075.7,17825435.648000002,1554125.568,9797,6529.609,3508,0,0,0,0,0,0,0,0,0
2004,BLR,TJK,BLR,TJK,11758.6,23141586.944,2076148.736,9730,6663.929,3508,0,0,0,0,0,0,0,0,0
2005,BLR,TJK,BLR,TJK,8629.3,30210091.008,2312319.488,9663,6805.655,3510,0,0,0,0,0,0,0,0,0
2006,BLR,TJK,BLR,TJK,13562.3,36961918.976,2830236.16,9604,6954.522,3510,0,0,0,0,0,0,0,0,0
2007,BLR,TJK,BLR,TJK,27719,45275713.536,3719497.472,9560,7111.0250000000005,3510,0,0,0,0,0,0,0,0,0
2008,BLR,TJK,BLR,TJK,37399.5,60763484.16,5161336.32,9528,7275.252,3510,0,0,0,0,0,0,0,0,0
2009,BLR,TJK,BLR,TJK,34563.6,49208655.872,4979482.112,9507,7447.396,3510,0,0,0,0,0,0,0,0,0
2010,BLR,TJK,BLR,TJK,42127,55220932.608,5642178.5600000005,9490,7627.326,3512,0,0,0,0,0,0,0,0,0
2011,BLR,TJK,BLR,TJK,50115.9,59734593.536,6522732.032000001,9473,7814.85,3512,0,0,0,0,0,0,0,0,0
2012,BLR,TJK,BLR,TJK,48196.9,63615447.04,7633049.600000001,9464,8008.99,3512,0,0,0,0,0,0,0,0,0
2013,BLR,TJK,BLR,TJK,29732.9,71709515.77600001,8508103.68,9466,8207.834,3512,0,0,0,1,0,0,0,0,0
2014,BLR,TJK,BLR,TJK,30630.3,78813052.928,9236308.992,9474.511,8362.745,3512,0,0,0,1,0,0,0,0,0
2015,BLR,TJK,BLR,TJK,20862.9,56454774.784,7853450.24,9489.616,8548.651,3513,0,0,0,1,0,0,0,0,0
2016,BLR,TJK,BLR,TJK,18908.172,47433441.28,6951656.96,9507.12,8734.951000000001,3513,0,0,0,1,0,0,0,0,0
2017,BLR,TJK,BLR,TJK,36986.084,54726595.249,7536439.875,9458.989,8880.27,3513,0,0,0,1,0,0,0,0,0
2018,BLR,TJK,BLR,TJK,35224.657,60031262.269,7765014.424000001,9438.785,9100.847,3513,0,0,0,1,0,0,0,0,0
2019,BLR,TJK,BLR,TJK,26554.8,64409647.194,8300784.857,9419.758,9321.023,3513,0,0,0,1,0,0,0,0,0
2020,BLR,TJK,BLR,TJK,52348.388,61489588.895,8133996.648,9379.952,9537.642,3513,0,0,0,1,0,0,0,0,0
1997,BLR,TKM,BLR,TKM,8101.777,14128412.672,2450084.864,10117,4335.991,2899,0,0,0,0,0,0,0,0,0
1998,BLR,TKM,BLR,TKM,4372.013,15222014.976,2605688.064,10069,4395.293,2899,0,0,0,0,0,0,0,0,0
1999,BLR,TKM,BLR,TKM,21117.256,12138485.76,2450686.72,10035,4449.427,2899,0,0,0,0,0,0,0,0,0
2000,BLR,TKM,BLR,TKM,53475.756,12736856.064,2904662.528,10005,4501.419,2902,0,0,0,0,0,0,0,0,0
2001,BLR,TKM,BLR,TKM,2174.9,12354820.096,3534771.968,9928,4551.762,2902,0,0,0,0,0,0,0,0,0
2002,BLR,TKM,BLR,TKM,20619.1,14594925.568,4462028.8,9865,4600.171,2902,0,0,0,0,0,0,0,0,0
2003,BLR,TKM,BLR,TKM,39732.4,17825435.648000002,5977440.768,9797,4648.037,2902,0,0,0,0,0,0,0,0,0
2004,BLR,TKM,BLR,TKM,16946.7,23141586.944,6838350.848,9730,4696.876,2902,0,0,0,0,0,0,0,0,0
2005,BLR,TKM,BLR,TKM,43863,30210091.008,8104355.84,9663,4747.839,2903,0,0,0,0,0,0,0,0,0
2006,BLR,TKM,BLR,TKM,14527.6,36961918.976,10277598.208,9604,4801.595,2903,0,0,0,0,0,0,0,0,0
2007,BLR,TKM,BLR,TKM,86944.90000000001,45275713.536,12664165.376,9560,4858.236,2903,0,0,0,0,0,0,0,0,0
2008,BLR,TKM,BLR,TKM,47390.5,60763484.16,19271522.304,9528,4917.543,2903,0,0,0,0,0,0,0,0,0
2009,BLR,TKM,BLR,TKM,73083.7,49208655.872,20214386.688,9507,4978.962,2903,0,0,0,0,0,0,0,0,0
2010,BLR,TKM,BLR,TKM,87201.5,55220932.608,22148069.376,9490,5041.995,2905,0,0,0,0,0,0,0,0,0
2011,BLR,TKM,BLR,TKM,213791.4,59734593.536,29233334.272,9473,5106.668,2905,0,0,0,0,0,0,0,0,0
2012,BLR,TKM,BLR,TKM,230181.3,63615447.04,35164209.152,9464,5172.9310000000005,2905,0,0,0,0,0,0,0,0,0
2013,BLR,TKM,BLR,TKM,315749.4,71709515.77600001,41850875.904,9466,5240.072,2905,0,0,0,0,0,0,0,0,0
2014,BLR,TKM,BLR,TKM,174015.1,78813052.928,43524210.688,9474.511,5466.241,2905,0,0,0,0,0,0,0,0,0
2015,BLR,TKM,BLR,TKM,81938,56454774.784,35799629.824,9489.616,5565.284000000001,2905,0,0,0,0,0,0,0,0,0
2016,BLR,TKM,BLR,TKM,103752.4,47433441.28,36179886.08,9507.12,5662.544,2905,0,0,0,0,0,0,0,0,0
2017,BLR,TKM,BLR,TKM,58243.5,54726595.249,37926285.714,9458.989,5757.667,2905,0,0,0,0,0,0,0,0,0
2018,BLR,TKM,BLR,TKM,22987.3,60031262.269,40765428.571,9438.785,5850.902,2905,0,0,0,0,0,0,0,0,0
2019,BLR,TKM,BLR,TKM,15359.3,64409647.194,45231428.571,9419.758,5942.094,2905,0,0,0,0,0,0,0,0,0
1996,BLR,UKR,BLR,UKR,384483.496,14756861.952,44558077.952,10160,51057.19,643,0,1,0,0,0,0,0,0,0
1997,BLR,UKR,BLR,UKR,391121.083,14128412.672,50150400,10117,50594.105,643,0,1,0,0,0,0,0,0,0
1998,BLR,UKR,BLR,UKR,386871.845,15222014.976,41883242.496,10069,50143.94,643,0,1,0,0,0,0,0,0,0
1999,BLR,UKR,BLR,UKR,343264.846,12138485.76,31580639.232,10035,49673.351,643,0,1,0,0,0,0,0,0,0
2000,BLR,UKR,BLR,UKR,601807.56,12736856.064,31261528.064,10005,49175.846,642,0,1,0,0,0,0,0,0,0
2001,BLR,UKR,BLR,UKR,421818.7,12354820.096,38009344,9928,48683.865,642,0,1,0,0,0,0,0,0,0
2002,BLR,UKR,BLR,UKR,271581.6,14594925.568,42392895.488,9865,48202.499,642,0,1,0,0,0,0,0,0,0
2003,BLR,UKR,BLR,UKR,343605.99,17825435.648000002,50132955.136,9797,47812.95,642,0,1,0,0,0,0,0,0,0
2004,BLR,UKR,BLR,UKR,544648.12,23141586.944,64883060.736,9730,47451.599,642,0,1,0,0,0,0,0,0,0
2005,BLR,UKR,BLR,UKR,939816.402,30210091.008,86142017.536,9663,47105.148,639,0,1,0,0,0,0,0,0,0
2006,BLR,UKR,BLR,UKR,1255184.782,36961918.976,107753070.592,9604,46787.75,639,0,1,0,0,0,0,0,0,0
2007,BLR,UKR,BLR,UKR,1469836.3,45275713.536,142719008.768,9560,46509.35,639,0,1,0,0,0,0,0,0,0
2008,BLR,UKR,BLR,UKR,2809518.203,60763484.16,179992412.16,9528,46258.202,639,0,1,0,1,0,0,0,0,0
2009,BLR,UKR,BLR,UKR,1692833.922,49208655.872,117227765.76,9507,46053.299,639,0,1,0,1,0,0,0,0,0
2010,BLR,UKR,BLR,UKR,2567588.697,55220932.608,136419303.424,9490,45870.701,634,0,1,0,1,0,0,0,0,0
2011,BLR,UKR,BLR,UKR,4211749.638,59734593.536,163421732.864,9473,45706.1,634,0,1,0,1,0,0,0,0,0
2012,BLR,UKR,BLR,UKR,5554364.5,63615447.04,176603430.912,9464,45593.3,634,0,1,0,1,0,0,0,0,0
2013,BLR,UKR,BLR,UKR,4193276.2,71709515.77600001,177430609.92000002,9466,45489.601,634,0,1,0,1,0,0,0,0,0
2014,BLR,UKR,BLR,UKR,4056812.2,78813052.928,133503410.176,9474.511,45271.946,634,0,1,0,1,0,0,0,0,0
2015,BLR,UKR,BLR,UKR,2512179.8000000003,56454774.784,91030962.176,9489.616,45154.03,629,0,1,0,1,0,0,0,0,0
2016,BLR,UKR,BLR,UKR,2833294.3000000003,47433441.28,93270482.944,9507.12,45004.646,629,0,1,0,1,0,0,0,0,0
2017,BLR,UKR,BLR,UKR,3355316.4,54726595.249,112090530.369,9458.989,44831.135,629,0,1,0,1,0,0,0,0,0
2018,BLR,UKR,BLR,UKR,4061534.2,60031262.269,130891049.797,9438.785,44622.517,629,0,1,0,1,0,0,0,0,0
2019,BLR,UKR,BLR,UKR,4141632.6,64409647.194,153882982.016,9419.758,44386.204,629,0,1,0,1,0,0,0,0,0
2020,BLR,UKR,BLR,UKR,3148496.1,61489588.895,156617861.449,9379.952,44132.05,624,0,1,0,1,0,0,0,0,0
1998,BLR,UZB,BLR,UZB,18115.717,15222014.976,14988971.008,10069,24051.001,3321,0,0,0,0,0,0,0,0,0
1999,BLR,UZB,BLR,UZB,20587.921,12138485.76,17078465.536000002,10035,24311.649,3321,0,0,0,0,0,0,0,0,0
2000,BLR,UZB,BLR,UZB,10632.2,12736856.064,13760374.784,10005,24650.4,3323,0,0,0,0,0,0,0,0,0
2001,BLR,UZB,BLR,UZB,16615.8,12354820.096,11401351.168,9928,24964.451,3323,0,0,0,0,0,0,0,0,0
2002,BLR,UZB,BLR,UZB,18957.4,14594925.568,9687951.36,9865,25271.851,3323,0,0,0,0,0,0,0,0,0
2003,BLR,UZB,BLR,UZB,21734.1,17825435.648000002,10128112.64,9797,25567.65,3323,0,0,0,0,0,0,0,0,0
2004,BLR,UZB,BLR,UZB,39138.5,23141586.944,12030023.68,9730,25864.349,3323,0,0,0,0,0,0,0,0,0
2005,BLR,UZB,BLR,UZB,42094,30210091.008,14307510.272,9663,26167,3322,0,0,0,0,0,0,0,0,0
2006,BLR,UZB,BLR,UZB,54237.6,36961918.976,17030896.64,9604,26488.251,3322,0,0,0,0,0,0,0,0,0
2007,BLR,UZB,BLR,UZB,93068.5,45275713.536,22311393.28,9560,26868,3322,0,0,0,0,0,0,0,0,0
2008,BLR,UZB,BLR,UZB,138059.1,60763484.16,27934031.872,9528,27302.799,3322,0,0,0,0,0,0,0,0,0
2009,BLR,UZB,BLR,UZB,106472.5,49208655.872,32816828.416,9507,27767.401,3322,0,0,0,0,0,0,0,0,0
2010,BLR,UZB,BLR,UZB,95055.3,55220932.608,39332769.792,9490,28562.401,3320,0,0,0,0,0,0,0,0,0
2011,BLR,UZB,BLR,UZB,63825.4,59734593.536,45324320.768,9473,29339.399,3320,0,0,0,0,0,0,0,0,0
2012,BLR,UZB,BLR,UZB,95475.9,63615447.04,51183443.968,9464,29774.5,3320,0,0,0,0,0,0,0,0,0
2013,BLR,UZB,BLR,UZB,92179.9,71709515.77600001,56795656.192,9466,30241.1,3320,0,0,0,0,0,0,0,0,0
2014,BLR,UZB,BLR,UZB,67088.4,78813052.928,63067078.656,9474.511,30757.7,3320,0,0,0,0,0,0,0,0,0
2015,BLR,UZB,BLR,UZB,37500.5,56454774.784,66903805.952,9489.616,31298.901,3318,0,0,0,0,0,0,0,0,0
2016,BLR,UZB,BLR,UZB,35584.200000000004,47433441.28,67220336.64,9507.12,31848.2,3318,0,0,0,0,0,0,0,0,0
2017,BLR,UZB,BLR,UZB,152125.361,54726595.249,62081323.299,9458.989,32388.599,3318,0,0,0,0,0,0,0,0,0
2018,BLR,UZB,BLR,UZB,372957.743,60031262.269,52633143.808,9438.785,32956.1,3318,0,0,0,0,0,0,0,0,0
2019,BLR,UZB,BLR,UZB,279599.934,64409647.194,59907674.027,9419.758,33580.349,3318,0,0,0,0,0,0,0,0,0
2020,BLR,UZB,BLR,UZB,235623.6,61489588.895,59894305.353,9379.952,34232.052,3315,0,0,0,0,0,0,0,0,0
1995,EST,ARM,EST,ARM,188.22,4362191.36,1468317.312,1436.634,3223.173,2549,0,0,0,0,0,0,0,0,0
1996,EST,ARM,EST,ARM,118.958,4739181.568,1596968.96,1415.594,3173.425,2549,0,0,0,0,0,0,0,0,0
1997,EST,ARM,EST,ARM,355.975,5059146.752,1639492.48,1399.535,3137.652,2549,0,0,0,0,0,0,0,0,0
1998,EST,ARM,EST,ARM,315.762,5608007.1680000005,1893726.464,1386.156,3112.958,2549,0,0,0,0,0,0,0,0,0
1999,EST,ARM,EST,ARM,294.061,5715278.848,1845482.24,1380.62,3093.82,2549,0,0,1,0,0,0,0,0,0
2000,EST,ARM,EST,ARM,278.669,5685561.3440000005,1911563.648,1396.985,3076.098,2549,0,0,1,0,0,0,0,0,0
2001,EST,ARM,EST,ARM,344.107,6233506.3040000005,2118467.968,1388.115,3059.96,2549,0,0,1,0,0,0,0,0,0
2002,EST,ARM,EST,ARM,231.48,7308609.024,2376335.104,1379.35,3047.002,2549,0,0,1,0,0,0,0,0,0
2003,EST,ARM,EST,ARM,460.514,9822143.488,2807060.992,1370.72,3036.032,2549,0,0,1,1,0,0,1,0,0
2004,EST,ARM,EST,ARM,635.126,12057639.936,3576615.168,1362.55,3025.652,2549,0,0,1,1,0,0,1,0,0
2005,EST,ARM,EST,ARM,977.597,14003096.576,4900436.992000001,1354.775,3014.917,2549,0,0,1,1,0,0,1,0,0
2006,EST,ARM,EST,ARM,2025.126,16958045.184,6384457.728,1346.81,3002.911,2549,0,0,1,1,0,0,1,0,0
2007,EST,ARM,EST,ARM,1748.379,22228670.464,9206301.696,1340.68,2989.882,2549,0,0,1,1,0,0,1,0,0
2008,EST,ARM,EST,ARM,1252.049,24185794.56,11662041.088,1337.09,2977.4880000000003,2549,0,0,1,1,0,0,1,0,0
2009,EST,ARM,EST,ARM,3018.567,19640621.056,8647937.024,1334.515,2968.154,2549,0,0,1,1,0,0,1,0,0
2010,EST,ARM,EST,ARM,1316.668,19479013.376,9260286.976,1331.475,2963.496,2549,0,0,1,1,0,0,1,0,0
2011,EST,ARM,EST,ARM,2771.994,22803433.472,10142343.168,1327.439,2964.12,2549,0,0,1,1,0,0,1,0,0
2012,EST,ARM,EST,ARM,8759.475,22660753.408,9958217.728,1325.016,2969.081,2549,0,0,1,1,0,0,1,0,0
2013,EST,ARM,EST,ARM,1898.159,24880265.216,10432169.984,1324.612,2976.5660000000003,2549,0,0,1,1,0,0,1,0,0
2014,EST,ARM,EST,ARM,2453.356,26213941.248,11609512.96,1314.545,2906.2200000000003,2549,0,0,1,1,0,0,1,0,0
2015,EST,ARM,EST,ARM,3455.877,22460471.296,10529182.72,1315.407,2916.9500000000003,2549,0,0,1,1,0,0,1,0,0
2016,EST,ARM,EST,ARM,9952.151,23136741.376,10547331.072,1316.481,2924.8160000000003,2549,0,0,1,1,0,0,1,0,0
2017,EST,ARM,EST,ARM,14126.436,26924385.103,11527458.566,1317.384,2944.789,2549,0,0,1,1,0,0,1,0,0
2018,EST,ARM,EST,ARM,17572.222,30489500.905,12457941.907,1321.977,2951.741,2549,0,0,1,1,0,0,1,0,0
2019,EST,ARM,EST,ARM,1677.892,31045591.753,13619291.361,1326.855,2957.728,2549,0,0,1,1,0,0,1,0,0
2020,EST,ARM,EST,ARM,1591.031,30650285.472,12641209.802,1329.479,2963.234,2549,0,0,1,1,0,0,1,0,0
1995,EST,AZE,EST,AZE,1711.727,4362191.36,3052467.456,1436.634,7685,2723,0,0,0,0,0,0,0,0,0
1996,EST,AZE,EST,AZE,2028.059,4739181.568,3176749.568,1415.594,7763,2723,0,0,0,0,0,0,0,0,0
1997,EST,AZE,EST,AZE,1123.801,5059146.752,3962710.272,1399.535,7838.25,2723,0,0,0,0,0,0,0,0,0
1998,EST,AZE,EST,AZE,1620.003,5608007.1680000005,4446396.416,1386.156,7913,2723,0,0,0,0,0,0,0,0,0
1999,EST,AZE,EST,AZE,864.83,5715278.848,4581222.4,1380.62,7982.75,2723,0,0,1,0,0,0,0,0,0
2000,EST,AZE,EST,AZE,250.433,5685561.3440000005,5272616.96,1396.985,8048.6,2723,0,0,1,0,0,0,0,0,0
2001,EST,AZE,EST,AZE,225.895,6233506.3040000005,5707618.3040000005,1388.115,8111.2,2723,0,0,1,0,0,0,0,0,0
2002,EST,AZE,EST,AZE,239.715,7308609.024,6236024.832,1379.35,8171.95,2723,0,0,1,0,0,0,0,0,0
2003,EST,AZE,EST,AZE,1597.33,9822143.488,7275766.272,1370.72,8234.1,2723,0,0,1,0,0,0,0,0,0
2004,EST,AZE,EST,AZE,1710.507,12057639.936,8680511.488,1362.55,8306.5,2723,0,0,1,0,0,0,0,0,0
2005,EST,AZE,EST,AZE,5979.57,14003096.576,13245421.568,1354.775,8391.85,2724,0,0,1,0,0,0,0,0,0
2006,EST,AZE,EST,AZE,2742.6130000000003,16958045.184,20982269.952,1346.81,8484.55,2724,0,0,1,0,0,0,0,0,0
2007,EST,AZE,EST,AZE,14558.267,22228670.464,33050343.424,1340.68,8581.3,2724,0,0,1,0,0,0,0,0,0
2008,EST,AZE,EST,AZE,12114.348,24185794.56,48852484.096,1337.09,8763.4,2724,0,0,1,0,0,0,0,0,0
2009,EST,AZE,EST,AZE,9525.403,19640621.056,44291489.792,1334.515,8947.243,2724,0,0,1,0,0,0,0,0,0
2010,EST,AZE,EST,AZE,13438.034,19479013.376,52902703.104,1331.475,9054.332,2725,0,0,1,0,0,0,0,0,0
2011,EST,AZE,EST,AZE,20091.24,22803433.472,65951625.216,1327.439,9173.082,2725,0,0,1,0,0,0,0,0,0
2012,EST,AZE,EST,AZE,13156.918,22660753.408,68730904.576,1325.016,9295.784,2725,0,0,1,0,0,0,0,0,0
2013,EST,AZE,EST,AZE,12035.94,24880265.216,73560481.792,1324.612,9416.598,2725,0,0,1,0,0,0,0,0,0
2014,EST,AZE,EST,AZE,19013.421,26213941.248,75244167.168,1314.545,9535.079,2725,0,0,1,0,0,0,0,0,0
2015,EST,AZE,EST,AZE,5859.702,22460471.296,53074370.56,1315.407,9649.341,2725,0,0,1,0,0,0,0,0,0
2016,EST,AZE,EST,AZE,7438.355,23136741.376,37847715.84,1316.481,9762.274,2725,0,0,1,0,0,0,0,0,0
2017,EST,AZE,EST,AZE,3901.842,26924385.103,40865558.912,1317.384,9854.033,2725,0,0,1,0,0,0,0,0,0
2018,EST,AZE,EST,AZE,4083.055,30489500.905,47112941.176,1321.977,9939.771,2725,0,0,1,0,0,0,0,0,0
2019,EST,AZE,EST,AZE,2819.583,31045591.753,48174235.294,1326.855,10024.283,2725,0,0,1,0,0,0,0,0,0
2020,EST,AZE,EST,AZE,3250.196,30650285.472,42693000,1329.479,10093.121,2726,0,0,1,0,0,0,0,0,0
1995,EST,BLR,EST,BLR,45573.272,4362191.36,13972637.696,1436.634,10194,676,0,0,0,0,0,0,0,0,0
1996,EST,BLR,EST,BLR,40559.902,4739181.568,14756861.952,1415.594,10160,676,0,0,0,0,0,0,0,0,0
1997,EST,BLR,EST,BLR,40220.664,5059146.752,14128412.672,1399.535,10117,676,0,0,0,0,0,0,0,0,0
1998,EST,BLR,EST,BLR,29620.761,5608007.1680000005,15222014.976,1386.156,10069,676,0,0,0,0,0,0,0,0,0
1999,EST,BLR,EST,BLR,18653.631,5715278.848,12138485.76,1380.62,10035,676,0,0,1,0,0,0,0,0,0
2000,EST,BLR,EST,BLR,20834.45,5685561.3440000005,12736856.064,1396.985,10005,676,0,0,1,0,0,0,0,0,0
2001,EST,BLR,EST,BLR,19878.881,6233506.3040000005,12354820.096,1388.115,9928,676,0,0,1,0,0,0,0,0,0
2002,EST,BLR,EST,BLR,17667.151,7308609.024,14594925.568,1379.35,9865,676,0,0,1,0,0,0,0,0,0
2003,EST,BLR,EST,BLR,19545.081,9822143.488,17825435.648000002,1370.72,9797,676,0,0,1,0,0,0,0,0,0
2004,EST,BLR,EST,BLR,28548.475,12057639.936,23141586.944,1362.55,9730,676,0,0,1,0,0,0,0,0,0
2005,EST,BLR,EST,BLR,33202.585,14003096.576,30210091.008,1354.775,9663,676,0,0,1,0,0,0,0,0,0
2006,EST,BLR,EST,BLR,61276.326,16958045.184,36961918.976,1346.81,9604,676,0,0,1,0,0,0,0,0,0
2007,EST,BLR,EST,BLR,61492.53,22228670.464,45275713.536,1340.68,9560,676,0,0,1,0,0,0,0,0,0
2008,EST,BLR,EST,BLR,101880.35,24185794.56,60763484.16,1337.09,9528,676,0,0,1,0,0,0,0,0,0
2009,EST,BLR,EST,BLR,73692.509,19640621.056,49208655.872,1334.515,9507,676,0,0,1,0,0,0,0,0,0
2010,EST,BLR,EST,BLR,114163.565,19479013.376,55220932.608,1331.475,9490,675,0,0,1,0,0,0,0,0,0
2011,EST,BLR,EST,BLR,145054.612,22803433.472,59734593.536,1327.439,9473,675,0,0,1,0,0,0,0,0,0
2012,EST,BLR,EST,BLR,104950.578,22660753.408,63615447.04,1325.016,9464,675,0,0,1,0,0,0,0,0,0
2013,EST,BLR,EST,BLR,95668.948,24880265.216,71709515.77600001,1324.612,9466,675,0,0,1,0,0,0,0,0,0
2014,EST,BLR,EST,BLR,137937.9,26213941.248,78813052.928,1314.545,9474.511,675,0,0,1,0,0,0,0,0,0
2015,EST,BLR,EST,BLR,71387.746,22460471.296,56454774.784,1315.407,9489.616,676,0,0,1,0,0,0,0,0,0
2016,EST,BLR,EST,BLR,94096.664,23136741.376,47433441.28,1316.481,9507.12,676,0,0,1,0,0,0,0,0,0
2017,EST,BLR,EST,BLR,105233.319,26924385.103,54726595.249,1317.384,9458.989,676,0,0,1,0,0,0,0,0,0
2018,EST,BLR,EST,BLR,100103.38,30489500.905,60031262.269,1321.977,9438.785,676,0,0,1,0,0,0,0,0,0
2019,EST,BLR,EST,BLR,90044.628,31045591.753,64409647.194,1326.855,9419.758,676,0,0,1,0,0,0,0,0,0
2020,EST,BLR,EST,BLR,102191.293,30650285.472,61489588.895,1329.479,9379.952,676,0,0,1,0,0,0,0,0,0
1995,EST,GEO,EST,GEO,105.734,4362191.36,2693731.84,1436.634,4734,2412,0,0,0,0,0,0,0,0,0
1996,EST,GEO,EST,GEO,1266.637,4739181.568,3094915.5840000003,1415.594,4616.1,2412,0,0,0,0,0,0,0,0,0
1997,EST,GEO,EST,GEO,930.378,5059146.752,3510540.8000000003,1399.535,4531.6,2412,0,0,0,0,0,0,0,0,0
1998,EST,GEO,EST,GEO,2951.747,5608007.1680000005,3613500.16,1386.156,4487.3,2412,0,0,0,0,0,0,0,0,0
1999,EST,GEO,EST,GEO,496.666,5715278.848,2800024.32,1380.62,4452.5,2412,0,0,1,0,0,0,0,0,0
2000,EST,GEO,EST,GEO,366.797,5685561.3440000005,3057453.568,1396.985,4418.3,2412,0,0,1,1,0,0,1,0,0
2001,EST,GEO,EST,GEO,855.6,6233506.3040000005,3219487.744,1388.115,4386.4000000000005,2412,0,0,1,1,0,0,1,0,0
2002,EST,GEO,EST,GEO,562.271,7308609.024,3395778.56,1379.35,4357,2412,0,0,1,1,0,0,1,0,0
2003,EST,GEO,EST,GEO,664.937,9822143.488,3991374.592,1370.72,4328.9,2412,0,0,1,1,0,0,1,0,0
2004,EST,GEO,EST,GEO,498.23,12057639.936,5125274.112,1362.55,4318.3,2412,0,0,1,1,0,0,1,0,0
2005,EST,GEO,EST,GEO,1288.842,14003096.576,6411147.264,1354.775,4361.4,2412,0,0,1,1,0,0,1,0,0
2006,EST,GEO,EST,GEO,993.432,16958045.184,7761900.032000001,1346.81,4398,2412,0,0,1,1,0,0,1,0,0
2007,EST,GEO,EST,GEO,3748.478,22228670.464,10172260.352,1340.68,4388.4000000000005,2412,0,0,1,1,0,0,1,0,0
2008,EST,GEO,EST,GEO,3010.11,24185794.56,12799337.472,1337.09,4383.8,2412,0,0,1,1,0,0,1,0,0
2009,EST,GEO,EST,GEO,1928.812,19640621.056,10766836.736,1334.515,4410.9000000000005,2412,0,0,1,1,0,0,1,0,0
2010,EST,GEO,EST,GEO,6024.916,19479013.376,11638537.216,1331.475,4452.8,2412,0,0,1,1,0,0,1,0,0
2011,EST,GEO,EST,GEO,5157.34,22803433.472,14434620.416,1327.439,4483.35,2412,0,0,1,1,0,0,1,0,0
2012,EST,GEO,EST,GEO,9038.508,22660753.408,15846474.752,1325.016,4490.7,2412,0,0,1,1,0,0,1,0,0
2013,EST,GEO,EST,GEO,6203.791,24880265.216,16140047.36,1324.612,4476.9000000000005,2412,0,0,1,1,0,0,1,0,0
2014,EST,GEO,EST,GEO,5970.63,26213941.248,16509305.856,1314.545,3727,2412,0,0,1,1,0,0,1,0,0
2015,EST,GEO,EST,GEO,4987.522,22460471.296,13993546.752,1315.407,3717.1,2412,0,0,1,1,0,0,1,0,0
2016,EST,GEO,EST,GEO,7075.85,23136741.376,14332879.872,1316.481,3719.3,2412,0,0,1,1,0,0,1,0,0
2017,EST,GEO,EST,GEO,6649.649,26924385.103,16242916.916,1317.384,3728.004,2412,0,0,1,1,0,0,1,0,0
2018,EST,GEO,EST,GEO,5816.145,30489500.905,17596922.47,1321.977,3726.549,2412,0,0,1,1,0,0,1,0,0
2019,EST,GEO,EST,GEO,7353.925,31045591.753,17470436.259,1326.855,3720.161,2412,0,0,1,1,0,0,1,0,0
2020,EST,GEO,EST,GEO,5264.165,30650285.472,15842922.533,1329.479,3722.716,2412,0,0,1,1,0,0,1,0,0
1995,EST,KAZ,EST,KAZ,8848.921,4362191.36,20374306.816,1436.634,15815.626,3432,0,0,0,0,0,0,0,0,0
1996,EST,KAZ,EST,KAZ,8755.259,4739181.568,21035358.208,1415.594,15577.894,3432,0,0,0,0,0,0,0,0,0
1997,EST,KAZ,EST,KAZ,11390.276,5059146.752,22165932.032,1399.535,15333.703,3432,0,0,0,0,0,0,0,0,0
1998,EST,KAZ,EST,KAZ,10001.554,5608007.1680000005,22135244.8,1386.156,15071.3,3432,0,0,0,0,0,0,0,0,0
1999,EST,KAZ,EST,KAZ,6997.695,5715278.848,16870816.768,1380.62,14928.426,3432,0,0,1,0,0,0,0,0,0
2000,EST,KAZ,EST,KAZ,8855.864,5685561.3440000005,18291990.528,1396.985,14883.626,3428,0,0,1,0,0,0,0,0,0
2001,EST,KAZ,EST,KAZ,4426.943,6233506.3040000005,22152689.664,1388.115,14858.335,3428,0,0,1,0,0,0,0,0,0
2002,EST,KAZ,EST,KAZ,5544.024,7308609.024,24636598.272,1379.35,14858.948,3428,0,0,1,0,0,0,0,0,0
2003,EST,KAZ,EST,KAZ,6329.225,9822143.488,30833692.672,1370.72,14909.018,3428,0,0,1,0,0,0,0,0,0
2004,EST,KAZ,EST,KAZ,80257.931,12057639.936,43151646.72,1362.55,15012.985,3428,0,0,1,0,0,0,0,0,0
2005,EST,KAZ,EST,KAZ,32948.274,14003096.576,57123672.064,1354.775,15147.029,3407,0,0,1,0,0,0,0,0,0
2006,EST,KAZ,EST,KAZ,44628.077,16958045.184,81003864.064,1346.81,15308.084,3407,0,0,1,0,0,0,0,0,0
2007,EST,KAZ,EST,KAZ,45655.9,22228670.464,104849883.136,1340.68,15484.192,3407,0,0,1,0,0,0,0,0,0
2008,EST,KAZ,EST,KAZ,72948.654,24185794.56,133441609.728,1337.09,15674,3407,0,0,1,0,0,0,0,0,0
2009,EST,KAZ,EST,KAZ,62211.218,19640621.056,115308658.688,1334.515,16092.701,3407,0,0,1,0,0,0,0,0,0
2010,EST,KAZ,EST,KAZ,150118.403,19479013.376,148047347.712,1331.475,16321.581,3397,0,0,1,0,0,0,0,0,0
2011,EST,KAZ,EST,KAZ,111491.253,22803433.472,188048965.632,1327.439,16556.601,3397,0,0,1,0,0,0,0,0,0
2012,EST,KAZ,EST,KAZ,169647.795,22660753.408,203517198.336,1325.016,16791.426,3397,0,0,1,0,0,0,0,0,0
2013,EST,KAZ,EST,KAZ,169554.734,24880265.216,231876280.32,1324.612,17037.508,3397,0,0,1,0,0,0,0,0,0
2014,EST,KAZ,EST,KAZ,138222.587,26213941.248,221415571.456,1314.545,17289.225,3397,0,0,1,0,0,0,0,0,0
2015,EST,KAZ,EST,KAZ,47494.66,22460471.296,184388435.968,1315.407,17544.127,3396,0,0,1,1,0,0,1,0,0
2016,EST,KAZ,EST,KAZ,38075.865,23136741.376,133657083.904,1316.481,17797.031,3396,0,0,1,1,0,0,1,0,0
2017,EST,KAZ,EST,KAZ,53282.586,26924385.103,166805800.59600002,1317.384,18037.777,3396,0,0,1,1,0,0,1,0,0
2018,EST,KAZ,EST,KAZ,51656.575,30489500.905,179339994.859,1321.977,18276.451,3396,0,0,1,1,0,0,1,0,0
2019,EST,KAZ,EST,KAZ,38235.712,31045591.753,181667190.076,1326.855,18513.674,3396,0,0,1,1,0,0,1,0,0
2020,EST,KAZ,EST,KAZ,42957.522,30650285.472,171082379.533,1329.479,18755.667,3393,0,0,1,1,0,0,1,0,0
1995,EST,KGZ,EST,KGZ,477.096,4362191.36,1661018.496,1436.634,4560.4000000000005,3823,0,0,0,0,0,0,0,0,0
1996,EST,KGZ,EST,KGZ,1794.071,4739181.568,1827570.56,1415.594,4628.4000000000005,3823,0,0,0,0,0,0,0,0,0
1997,EST,KGZ,EST,KGZ,1500.217,5059146.752,1767864.064,1399.535,4696.4000000000005,3823,0,0,0,0,0,0,0,0,0
1998,EST,KGZ,EST,KGZ,1787.315,5608007.1680000005,1645963.776,1386.156,4769,3823,0,0,0,1,0,0,0,0,0
1999,EST,KGZ,EST,KGZ,301.207,5715278.848,1249062.016,1380.62,4840.4000000000005,3823,0,0,1,1,0,0,1,0,0
2000,EST,KGZ,EST,KGZ,342.124,5685561.3440000005,1369691.904,1396.985,4898.4000000000005,3823,0,0,1,1,0,0,1,0,0
2001,EST,KGZ,EST,KGZ,147.48,6233506.3040000005,1525113.472,1388.115,4945.1,3823,0,0,1,1,0,0,1,0,0
2002,EST,KGZ,EST,KGZ,109.238,7308609.024,1605640.576,1379.35,4990.7,3823,0,0,1,1,0,0,1,0,0
2003,EST,KGZ,EST,KGZ,1038.083,9822143.488,1919012.736,1370.72,5043.3,3823,0,0,1,1,0,0,1,0,0
2004,EST,KGZ,EST,KGZ,677.354,12057639.936,2211535.36,1362.55,5104.7,3823,0,0,1,1,0,0,1,0,0
2005,EST,KGZ,EST,KGZ,1203.193,14003096.576,2459876.096,1354.775,5162.6,3823,0,0,1,1,0,0,1,0,0
2006,EST,KGZ,EST,KGZ,2197.077,16958045.184,2834168.832,1346.81,5218.4000000000005,3823,0,0,1,1,0,0,1,0,0
2007,EST,KGZ,EST,KGZ,4393.429,22228670.464,3802566.144,1340.68,5268.4000000000005,3823,0,0,1,1,0,0,1,0,0
2008,EST,KGZ,EST,KGZ,4322.951,24185794.56,5139957.76,1337.09,5318.7,3823,0,0,1,1,0,0,1,0,0
2009,EST,KGZ,EST,KGZ,3012.484,19640621.056,4690062.336,1334.515,5383.3,3823,0,0,1,1,0,0,1,0,0
2010,EST,KGZ,EST,KGZ,5243.568,19479013.376,4794357.76,1331.475,5447.9000000000005,3823,0,0,1,1,0,0,1,0,0
2011,EST,KGZ,EST,KGZ,6457.81,22803433.472,6197766.144,1327.439,5514.6,3823,0,0,1,1,0,0,1,0,0
2012,EST,KGZ,EST,KGZ,20730.983,22660753.408,6605139.968,1325.016,5607.2,3823,0,0,1,1,0,0,1,0,0
2013,EST,KGZ,EST,KGZ,14707.818,24880265.216,7226303.488,1324.612,5719.5,3823,0,0,1,1,0,0,1,0,0
2014,EST,KGZ,EST,KGZ,8357.897,26213941.248,7468096.512,1314.545,5835.5,3823,0,0,1,1,0,0,1,0,0
2015,EST,KGZ,EST,KGZ,2634.318,22460471.296,6678178.3040000005,1315.407,5956.9000000000005,3823,0,0,1,1,0,0,1,0,0
2016,EST,KGZ,EST,KGZ,2830.573,23136741.376,6551287.808,1316.481,6082.7,3823,0,0,1,1,0,0,1,0,0
2017,EST,KGZ,EST,KGZ,3030.093,26924385.103,7702934.8,1317.384,6198.2,3823,0,0,1,1,0,0,1,0,0
2018,EST,KGZ,EST,KGZ,2016.432,30489500.905,8271108.638,1321.977,6322.8,3823,0,0,1,1,0,0,1,0,0
2019,EST,KGZ,EST,KGZ,1579.289,31045591.753,8871026.074000001,1326.855,6456.2,3823,0,0,1,1,0,0,1,0,0
2020,EST,KGZ,EST,KGZ,20668.599,30650285.472,7780874.537,1329.479,6579.9000000000005,3823,0,0,1,1,0,0,1,0,0
1995,EST,LTU,EST,LTU,86104.941,4362191.36,7904896,1436.634,3629.102,530,0,0,0,0,0,0,0,0,0
1996,EST,LTU,EST,LTU,118673.377,4739181.568,8426599.936,1415.594,3601.6130000000003,530,0,0,0,0,0,0,0,0,0
1997,EST,LTU,EST,LTU,178497.17500000002,5059146.752,10128700.416,1399.535,3575.137,530,0,0,0,0,0,0,0,0,0
1998,EST,LTU,EST,LTU,158755.342,5608007.1680000005,11254049.792,1386.156,3549.331,530,0,0,0,0,0,0,0,0,0
1999,EST,LTU,EST,LTU,126321.167,5715278.848,10971374.592,1380.62,3524.2380000000003,530,0,0,1,0,0,0,0,0,0
2000,EST,LTU,EST,LTU,120438.397,5685561.3440000005,11434200.064,1396.985,3499.536,530,0,0,1,0,0,0,0,0,0
2001,EST,LTU,EST,LTU,143265.001,6233506.3040000005,12159224.832,1388.115,3470.818,530,0,0,1,1,0,0,1,0,0
2002,EST,LTU,EST,LTU,179395.403,7308609.024,14163949.568,1379.35,3443.067,530,0,0,1,1,0,0,1,0,0
2003,EST,LTU,EST,LTU,226383.589,9822143.488,18608709.632,1370.72,3415.213,530,0,0,1,1,0,0,1,0,0
2004,EST,LTU,EST,LTU,399047.959,12057639.936,22659295.232,1362.55,3377.0750000000003,530,0,0,1,1,0,0,1,1,0
2005,EST,LTU,EST,LTU,430281.735,14003096.576,26085306.368,1354.775,3322.528,530,0,0,1,1,0,0,1,1,0
2006,EST,LTU,EST,LTU,598000.964,16958045.184,30246361.088,1346.81,3269.909,530,0,0,1,1,0,0,1,1,0
2007,EST,LTU,EST,LTU,875419.16,22228670.464,39325986.816,1340.68,3231.294,530,0,0,1,1,0,0,1,1,0
2008,EST,LTU,EST,LTU,908071.983,24185794.56,47438364.672,1337.09,3198.231,530,0,0,1,1,0,0,1,1,0
2009,EST,LTU,EST,LTU,480758.813,19640621.056,37050081.28,1334.515,3162.916,530,0,0,1,1,0,0,1,1,0
2010,EST,LTU,EST,LTU,667493.225,19479013.376,36709511.168,1331.475,3097.282,530,0,0,1,1,0,0,1,1,0
2011,EST,LTU,EST,LTU,856519.661,22803433.472,43083067.392,1327.439,3028.115,530,0,0,1,1,0,0,1,1,0
2012,EST,LTU,EST,LTU,967556.259,22660753.408,42343559.168,1325.016,2987.773,530,0,0,1,1,0,0,1,1,0
2013,EST,LTU,EST,LTU,970879.37,24880265.216,45931966.464,1324.612,2956.121,530,0,0,1,1,0,0,1,1,0
2014,EST,LTU,EST,LTU,924608.355,26213941.248,48545251.328,1314.545,2932.367,530,0,0,1,1,0,0,1,1,0
2015,EST,LTU,EST,LTU,846828.826,22460471.296,41402023.936,1315.407,2904.91,530,0,0,1,1,0,0,1,1,0
2016,EST,LTU,EST,LTU,914127.76,23136741.376,42738876.416,1316.481,2872.298,530,0,0,1,1,0,0,1,1,0
2017,EST,LTU,EST,LTU,970479.931,26924385.103,47758736.932,1317.384,2828.403,530,0,0,1,1,0,0,1,1,0
2018,EST,LTU,EST,LTU,1115992.415,30489500.905,53750911.866,1321.977,2801.543,530,0,0,1,1,0,0,1,1,0
2019,EST,LTU,EST,LTU,1221685.86,31045591.753,54697379.017000005,1326.855,2794.137,530,0,0,1,1,0,0,1,1,0
2020,EST,LTU,EST,LTU,1125472.788,30650285.472,56546957.475,1329.479,2794.885,530,0,0,1,1,0,0,1,1,0
1995,EST,LVA,EST,LVA,137209.22400000002,4362191.36,5235719.68,1436.634,2485.056,280,0,1,0,0,0,0,0,0,0
1996,EST,LVA,EST,LVA,171233.02,4739181.568,5585292.8,1415.594,2457.222,280,0,1,0,0,0,0,0,0,0
1997,EST,LVA,EST,LVA,252950.733,5059146.752,6133234.176,1399.535,2432.851,280,0,1,0,0,0,0,0,0,0
1998,EST,LVA,EST,LVA,306164.81200000003,5608007.1680000005,6616957.44,1386.156,2410.019,280,0,1,0,0,0,0,0,0,0
1999,EST,LVA,EST,LVA,261470.353,5715278.848,7288524.288,1380.62,2390.482,280,0,1,1,1,0,0,1,0,0
2000,EST,LVA,EST,LVA,275210.235,5685561.3440000005,7833068.544,1396.985,2367.55,280,0,1,1,1,0,0,1,0,0
2001,EST,LVA,EST,LVA,297946.141,6233506.3040000005,8313047.552,1388.115,2337.17,280,0,1,1,1,0,0,1,0,0
2002,EST,LVA,EST,LVA,335000.30100000004,7308609.024,9314784.256,1379.35,2310.173,280,0,1,1,1,0,0,1,0,0
2003,EST,LVA,EST,LVA,417952.368,9822143.488,11186452.48,1370.72,2287.955,280,0,1,1,1,0,0,1,0,0
2004,EST,LVA,EST,LVA,504822.418,12057639.936,13761569.792,1362.55,2263.122,280,0,1,1,1,0,0,1,1,0
2005,EST,LVA,EST,LVA,700553.179,14003096.576,16041840.64,1354.775,2238.799,280,0,1,1,1,0,0,1,1,0
2006,EST,LVA,EST,LVA,885047.5700000001,16958045.184,19935045.632,1346.81,2218.357,280,0,1,1,1,0,0,1,1,0
2007,EST,LVA,EST,LVA,1268280.753,22228670.464,28765687.808,1340.68,2200.3250000000003,280,0,1,1,1,0,0,1,1,0
2008,EST,LVA,EST,LVA,1242658.065,24185794.56,33669367.808,1337.09,2177.322,280,0,1,1,1,0,0,1,1,0
2009,EST,LVA,EST,LVA,857114.755,19640621.056,25875781.632,1334.515,2141.669,280,0,1,1,1,0,0,1,1,0
2010,EST,LVA,EST,LVA,1022788.18,19479013.376,24009680.896,1331.475,2097.555,280,0,1,1,1,0,0,1,1,0
2011,EST,LVA,EST,LVA,1297324.394,22803433.472,28480337.92,1327.439,2059.709,280,0,1,1,1,0,0,1,1,0
2012,EST,LVA,EST,LVA,1386242.6,22660753.408,28372578.304,1325.016,2034.319,280,0,1,1,1,0,0,1,1,0
2013,EST,LVA,EST,LVA,1667691.411,24880265.216,30956691.456,1324.612,2013.385,280,0,1,1,1,0,0,1,1,0
2014,EST,LVA,EST,LVA,1709752.923,26213941.248,31352250.368,1314.545,1993.782,280,0,1,1,1,0,0,1,1,0
2015,EST,LVA,EST,LVA,1319921.367,22460471.296,27026036.736,1315.407,1977.527,280,0,1,1,1,0,0,1,1,0
2016,EST,LVA,EST,LVA,1203447.47,23136741.376,27677390.848,1316.481,1960.424,280,0,1,1,1,0,0,1,1,0
2017,EST,LVA,EST,LVA,1319335.173,26924385.103,30483806.018,1317.384,1942.248,280,0,1,1,1,0,0,1,1,0
2018,EST,LVA,EST,LVA,1618015.348,30489500.905,34429023.435,1321.977,1927.174,280,0,1,1,1,0,0,1,1,0
2019,EST,LVA,EST,LVA,1504596.938,31045591.753,34308783.825,1326.855,1913.822,280,0,1,1,1,0,0,1,1,0
2020,EST,LVA,EST,LVA,1461984.909,30650285.472,33645460.617,1329.479,1900.449,280,0,1,1,1,0,0,1,1,0
1995,EST,MDA,EST,MDA,3641.681,4362191.36,1752995.328,1436.634,3675.099,1410,0,0,0,0,0,0,0,0,0
1996,EST,MDA,EST,MDA,9634.204,4739181.568,1695130.496,1415.594,3667.748,1410,0,0,0,0,0,0,0,0,0
1997,EST,MDA,EST,MDA,5142.332,5059146.752,1930071.424,1399.535,3654.208,1410,0,0,0,0,0,0,0,0,0
1998,EST,MDA,EST,MDA,6154.441,5608007.1680000005,1639497.216,1386.156,3652.732,1410,0,0,0,0,0,0,0,0,0
1999,EST,MDA,EST,MDA,1917.649,5715278.848,1170785.024,1380.62,3647.001,1410,0,0,1,0,0,0,0,0,0
2000,EST,MDA,EST,MDA,2518.735,5685561.3440000005,1288420.224,1396.985,3639.592,1410,0,0,1,0,0,0,0,0,0
2001,EST,MDA,EST,MDA,3681.159,6233506.3040000005,1480656.896,1388.115,3631.462,1410,0,0,1,1,0,0,1,0,0
2002,EST,MDA,EST,MDA,3311.969,7308609.024,1661818.112,1379.35,3623.062,1410,0,0,1,1,0,0,1,0,0
2003,EST,MDA,EST,MDA,3354.934,9822143.488,1980901.504,1370.72,3612.874,1410,0,0,1,1,0,0,1,0,0
2004,EST,MDA,EST,MDA,4055.334,12057639.936,2598231.552,1362.55,3603.945,1410,0,0,1,1,0,0,1,0,0
2005,EST,MDA,EST,MDA,5069.508,14003096.576,2988172.544,1354.775,3595.187,1410,0,0,1,1,0,0,1,0,0
2006,EST,MDA,EST,MDA,4675.5250000000005,16958045.184,3408454.144,1346.81,3585.2090000000003,1410,0,0,1,1,0,0,1,0,0
2007,EST,MDA,EST,MDA,7156.454,22228670.464,4402496,1340.68,3576.91,1410,0,0,1,1,0,0,1,0,0
2008,EST,MDA,EST,MDA,8040.262,24185794.56,6054806.016,1337.09,3570.108,1410,0,0,1,1,0,0,1,0,0
2009,EST,MDA,EST,MDA,6999.323,19640621.056,5439421.9520000005,1334.515,3565.6040000000003,1410,0,0,1,1,0,0,1,0,0
2010,EST,MDA,EST,MDA,10450.145,19479013.376,5811603.968,1331.475,3562.045,1410,0,0,1,1,0,0,1,0,0
2011,EST,MDA,EST,MDA,14617.962,22803433.472,7016162.816000001,1327.439,3559.986,1410,0,0,1,1,0,0,1,0,0
2012,EST,MDA,EST,MDA,8250.891,22660753.408,7284686.336,1325.016,3559.519,1410,0,0,1,1,0,0,1,0,0
2013,EST,MDA,EST,MDA,7557.922,24880265.216,7969618.944,1324.612,3559,1410,0,0,1,1,0,0,1,0,0
2014,EST,MDA,EST,MDA,7548.493,26213941.248,7983270.912,1314.545,3556.397,1410,0,0,1,1,0,0,1,0,0
2015,EST,MDA,EST,MDA,6103.32,22460471.296,6512899.584,1315.407,3554.108,1410,0,0,1,1,0,0,1,0,0
2016,EST,MDA,EST,MDA,5657.332,23136741.376,6749515.776000001,1316.481,3552,1410,0,0,1,1,0,0,1,0,0
2017,EST,MDA,EST,MDA,6793.444,26924385.103,9669741.744,1317.384,2755.158,1410,0,0,1,1,0,0,1,0,0
2018,EST,MDA,EST,MDA,6519.555,30489500.905,11457443.185,1321.977,2708.214,1410,0,0,1,1,0,0,1,0,0
2019,EST,MDA,EST,MDA,7294.654,31045591.753,11971345.003,1326.855,2664.974,1410,0,0,1,1,0,0,1,0,0
2020,EST,MDA,EST,MDA,6144.687,30650285.472,11859730.544,1329.479,2620.495,1410,0,0,1,1,0,0,1,0,0
1995,EST,RUS,EST,RUS,325029.977,4362191.36,395528503.296,1436.634,148141.006,1055,0,1,0,0,0,0,0,0,0
1996,EST,RUS,EST,RUS,342747.99700000003,4739181.568,391721385.984,1415.594,148160.126,1055,0,1,0,0,0,0,0,0,0
1997,EST,RUS,EST,RUS,551480.606,5059146.752,404926529.536,1399.535,147915.375,1055,0,1,0,0,0,0,0,0,0
1998,EST,RUS,EST,RUS,430822.855,5608007.1680000005,270953119.744,1386.156,147670.776,1055,0,1,0,0,0,0,0,0,0
1999,EST,RUS,EST,RUS,277532.597,5715278.848,195905765.376,1380.62,147214.783,1055,0,1,1,0,0,0,0,0,0
2000,EST,RUS,EST,RUS,261454.364,5685561.3440000005,259708502.016,1396.985,146596.863,1057,0,1,1,0,0,0,0,0,0
2001,EST,RUS,EST,RUS,343310.14400000003,6233506.3040000005,306602672.128,1388.115,145976.471,1057,0,1,1,0,0,0,0,0,0
2002,EST,RUS,EST,RUS,431955.807,7308609.024,345110446.08,1379.35,145408.035,1057,0,1,1,0,0,0,0,0,0
2003,EST,RUS,EST,RUS,642187.943,9822143.488,430347780.096,1370.72,144667.465,1057,0,1,1,0,0,0,0,0,0
2004,EST,RUS,EST,RUS,777940.694,12057639.936,591016689.664,1362.55,143821.213,1057,0,1,1,0,0,0,0,0,0
2005,EST,RUS,EST,RUS,811089.508,14003096.576,764000927.744,1354.775,143113.892,1056,0,1,1,0,0,0,0,0,0
2006,EST,RUS,EST,RUS,967728.212,16958045.184,989930520.576,1346.81,142487.259,1056,0,1,1,0,0,0,0,0,0
2007,EST,RUS,EST,RUS,1374780.639,22228670.464,1299705233.408,1340.68,142114.899,1056,0,1,1,0,0,0,0,0,0
2008,EST,RUS,EST,RUS,2071124.99,24185794.56,1660844376.064,1337.09,141956.40600000002,1056,0,1,1,0,0,0,0,0,0
2009,EST,RUS,EST,RUS,1780868.42,19640621.056,1222643679.232,1334.515,141909.241,1056,0,1,1,0,0,0,0,0,0
2010,EST,RUS,EST,RUS,1893217.766,19479013.376,1524916158.464,1331.475,142385.529,1052,0,1,1,0,0,0,0,0,0
2011,EST,RUS,EST,RUS,2834975.266,22803433.472,1904792961.024,1327.439,142956.467,1052,0,1,1,0,0,0,0,0,0
2012,EST,RUS,EST,RUS,3180385.992,22660753.408,2017470971.904,1325.016,143177.994,1052,0,1,1,1,0,0,1,0,0
2013,EST,RUS,EST,RUS,3274192.835,24880265.216,2096777003.008,1324.612,143499.863,1052,0,1,1,1,0,0,1,0,0
2014,EST,RUS,EST,RUS,2473433.735,26213941.248,2063662317.568,1314.545,143819.672,1052,0,1,1,1,0,0,1,0,0
2015,EST,RUS,EST,RUS,1345722.938,22460471.296,1365865267.2,1315.407,144096.863,1048,0,1,1,1,0,0,1,0,0
2016,EST,RUS,EST,RUS,1303652.133,23136741.376,1283162374.144,1316.481,144342.392,1048,0,1,1,1,0,0,1,0,0
2017,EST,RUS,EST,RUS,1574770.659,26924385.103,1574199387.071,1317.384,144496.73500000002,1048,0,1,1,1,0,0,1,0,0
2018,EST,RUS,EST,RUS,1556156.536,30489500.905,1657329646.184,1321.977,144477.859,1048,0,1,1,1,0,0,1,0,0
2019,EST,RUS,EST,RUS,1407874.754,31045591.753,1693113904.263,1326.855,144406.265,1048,0,1,1,1,0,0,1,0,0
2020,EST,RUS,EST,RUS,1413418.351,30650285.472,1488321875.49,1329.479,144073.135,1045,0,1,1,1,0,0,1,0,0
1995,EST,TJK,EST,TJK,1324.191,4362191.36,1231523.072,1436.634,5784.33,3863,0,0,0,0,0,0,0,0,0
1996,EST,TJK,EST,TJK,1257.808,4739181.568,1043893.056,1415.594,5862.347,3863,0,0,0,0,0,0,0,0,0
1997,EST,TJK,EST,TJK,1722.581,5059146.752,921843.136,1399.535,5937.177,3863,0,0,0,0,0,0,0,0,0
1998,EST,TJK,EST,TJK,7341.063,5608007.1680000005,1320126.72,1386.156,6012.933,3863,0,0,0,0,0,0,0,0,0
1999,EST,TJK,EST,TJK,1920.34,5715278.848,1086567.424,1380.62,6094.661,3863,0,0,1,0,0,0,0,0,0
2000,EST,TJK,EST,TJK,57.159,5685561.3440000005,860550.272,1396.985,6186.152,3863,0,0,1,0,0,0,0,0,0
2001,EST,TJK,EST,TJK,293.658,6233506.3040000005,1080774.016,1388.115,6289.34,3863,0,0,1,0,0,0,0,0,0
2002,EST,TJK,EST,TJK,97.317,7308609.024,1221113.856,1379.35,6404.118,3863,0,0,1,0,0,0,0,0,0
2003,EST,TJK,EST,TJK,91.228,9822143.488,1554125.568,1370.72,6529.609,3863,0,0,1,0,0,0,0,0,0
2004,EST,TJK,EST,TJK,1556.44,12057639.936,2076148.736,1362.55,6663.929,3863,0,0,1,0,0,0,0,0,0
2005,EST,TJK,EST,TJK,68.828,14003096.576,2312319.488,1354.775,6805.655,3863,0,0,1,0,0,0,0,0,0
2006,EST,TJK,EST,TJK,785.569,16958045.184,2830236.16,1346.81,6954.522,3863,0,0,1,0,0,0,0,0,0
2007,EST,TJK,EST,TJK,512.614,22228670.464,3719497.472,1340.68,7111.0250000000005,3863,0,0,1,0,0,0,0,0,0
2008,EST,TJK,EST,TJK,1115.425,24185794.56,5161336.32,1337.09,7275.252,3863,0,0,1,0,0,0,0,0,0
2009,EST,TJK,EST,TJK,1386.555,19640621.056,4979482.112,1334.515,7447.396,3863,0,0,1,0,0,0,0,0,0
2010,EST,TJK,EST,TJK,698.855,19479013.376,5642178.5600000005,1331.475,7627.326,3863,0,0,1,0,0,0,0,0,0
2011,EST,TJK,EST,TJK,722.533,22803433.472,6522732.032000001,1327.439,7814.85,3863,0,0,1,0,0,0,0,0,0
2012,EST,TJK,EST,TJK,3935.664,22660753.408,7633049.600000001,1325.016,8008.99,3863,0,0,1,0,0,0,0,0,0
2013,EST,TJK,EST,TJK,2180.712,24880265.216,8508103.68,1324.612,8207.834,3863,0,0,1,1,0,0,1,0,0
2014,EST,TJK,EST,TJK,2956.386,26213941.248,9236308.992,1314.545,8362.745,3863,0,0,1,1,0,0,1,0,0
2015,EST,TJK,EST,TJK,1651.078,22460471.296,7853450.24,1315.407,8548.651,3863,0,0,1,1,0,0,1,0,0
2016,EST,TJK,EST,TJK,1167.314,23136741.376,6951656.96,1316.481,8734.951000000001,3863,0,0,1,1,0,0,1,0,0
2017,EST,TJK,EST,TJK,1733.032,26924385.103,7536439.875,1317.384,8880.27,3863,0,0,1,1,0,0,1,0,0
2018,EST,TJK,EST,TJK,3234.077,30489500.905,7765014.424000001,1321.977,9100.847,3863,0,0,1,1,0,0,1,0,0
2019,EST,TJK,EST,TJK,937.091,31045591.753,8300784.857,1326.855,9321.023,3863,0,0,1,1,0,0,1,0,0
2020,EST,TJK,EST,TJK,1580.816,30650285.472,8133996.648,1329.479,9537.642,3863,0,0,1,1,0,0,1,0,0
1995,EST,TKM,EST,TKM,505.478,4362191.36,2482228.48,1436.634,4188.01,3374,0,0,0,0,0,0,0,0,0
1996,EST,TKM,EST,TKM,2087.866,4739181.568,2379281.664,1415.594,4267.6900000000005,3374,0,0,0,0,0,0,0,0,0
1997,EST,TKM,EST,TKM,4020.458,5059146.752,2450084.864,1399.535,4335.991,3374,0,0,0,0,0,0,0,0,0
1998,EST,TKM,EST,TKM,1081.059,5608007.1680000005,2605688.064,1386.156,4395.293,3374,0,0,0,0,0,0,0,0,0
1999,EST,TKM,EST,TKM,1309.574,5715278.848,2450686.72,1380.62,4449.427,3374,0,0,1,0,0,0,0,0,0
2000,EST,TKM,EST,TKM,2168.398,5685561.3440000005,2904662.528,1396.985,4501.419,3374,0,0,1,0,0,0,0,0,0
2001,EST,TKM,EST,TKM,1089.821,6233506.3040000005,3534771.968,1388.115,4551.762,3374,0,0,1,0,0,0,0,0,0
2002,EST,TKM,EST,TKM,1027.444,7308609.024,4462028.8,1379.35,4600.171,3374,0,0,1,0,0,0,0,0,0
2003,EST,TKM,EST,TKM,2101.629,9822143.488,5977440.768,1370.72,4648.037,3374,0,0,1,0,0,0,0,0,0
2004,EST,TKM,EST,TKM,232.503,12057639.936,6838350.848,1362.55,4696.876,3374,0,0,1,0,0,0,0,0,0
2005,EST,TKM,EST,TKM,639.436,14003096.576,8104355.84,1354.775,4747.839,3374,0,0,1,0,0,0,0,0,0
2006,EST,TKM,EST,TKM,2766.531,16958045.184,10277598.208,1346.81,4801.595,3374,0,0,1,0,0,0,0,0,0
2007,EST,TKM,EST,TKM,1689.404,22228670.464,12664165.376,1340.68,4858.236,3374,0,0,1,0,0,0,0,0,0
2008,EST,TKM,EST,TKM,12342.563,24185794.56,19271522.304,1337.09,4917.543,3374,0,0,1,0,0,0,0,0,0
2009,EST,TKM,EST,TKM,13073.634,19640621.056,20214386.688,1334.515,4978.962,3374,0,0,1,0,0,0,0,0,0
2010,EST,TKM,EST,TKM,17452.263,19479013.376,22148069.376,1331.475,5041.995,3374,0,0,1,0,0,0,0,0,0
2011,EST,TKM,EST,TKM,1879.011,22803433.472,29233334.272,1327.439,5106.668,3374,0,0,1,0,0,0,0,0,0
2012,EST,TKM,EST,TKM,13207.573,22660753.408,35164209.152,1325.016,5172.9310000000005,3374,0,0,1,0,0,0,0,0,0
2013,EST,TKM,EST,TKM,8063.205,24880265.216,41850875.904,1324.612,5240.072,3374,0,0,1,0,0,0,0,0,0
2014,EST,TKM,EST,TKM,13631.521,26213941.248,43524210.688,1314.545,5466.241,3374,0,0,1,0,0,0,0,0,0
2015,EST,TKM,EST,TKM,29590.408,22460471.296,35799629.824,1315.407,5565.284000000001,3374,0,0,1,0,0,0,0,0,0
2016,EST,TKM,EST,TKM,14710.423,23136741.376,36179886.08,1316.481,5662.544,3374,0,0,1,0,0,0,0,0,0
2017,EST,TKM,EST,TKM,12904.389,26924385.103,37926285.714,1317.384,5757.667,3374,0,0,1,0,0,0,0,0,0
2018,EST,TKM,EST,TKM,15750.065,30489500.905,40765428.571,1321.977,5850.902,3374,0,0,1,0,0,0,0,0,0
2019,EST,TKM,EST,TKM,1716.531,31045591.753,45231428.571,1326.855,5942.094,3374,0,0,1,0,0,0,0,0,0
1995,EST,UKR,EST,UKR,68926.69900000001,4362191.36,48213868.544,1436.634,51512.299,1319,0,0,0,0,0,0,0,0,0
1996,EST,UKR,EST,UKR,104061.742,4739181.568,44558077.952,1415.594,51057.19,1319,0,0,0,0,0,0,0,0,0
1997,EST,UKR,EST,UKR,146095.537,5059146.752,50150400,1399.535,50594.105,1319,0,0,0,0,0,0,0,0,0
1998,EST,UKR,EST,UKR,160066.765,5608007.1680000005,41883242.496,1386.156,50143.94,1319,0,0,0,0,0,0,0,0,0
1999,EST,UKR,EST,UKR,88954.906,5715278.848,31580639.232,1380.62,49673.351,1319,0,0,1,0,0,0,0,0,0
2000,EST,UKR,EST,UKR,69350.089,5685561.3440000005,31261528.064,1396.985,49175.846,1318,0,0,1,0,0,0,0,0,0
2001,EST,UKR,EST,UKR,119749.472,6233506.3040000005,38009344,1388.115,48683.865,1318,0,0,1,0,0,0,0,0,0
2002,EST,UKR,EST,UKR,129098.354,7308609.024,42392895.488,1379.35,48202.499,1318,0,0,1,0,0,0,0,0,0
2003,EST,UKR,EST,UKR,199975.499,9822143.488,50132955.136,1370.72,47812.95,1318,0,0,1,0,0,0,0,0,0
2004,EST,UKR,EST,UKR,132504.464,12057639.936,64883060.736,1362.55,47451.599,1318,0,0,1,0,0,0,0,0,0
2005,EST,UKR,EST,UKR,152633.48,14003096.576,86142017.536,1354.775,47105.148,1314,0,0,1,0,0,0,0,0,0
2006,EST,UKR,EST,UKR,175341.72400000002,16958045.184,107753070.592,1346.81,46787.75,1314,0,0,1,0,0,0,0,0,0
2007,EST,UKR,EST,UKR,215335.402,22228670.464,142719008.768,1340.68,46509.35,1314,0,0,1,0,0,0,0,0,0
2008,EST,UKR,EST,UKR,260813.703,24185794.56,179992412.16,1337.09,46258.202,1314,0,0,1,1,0,0,1,0,0
2009,EST,UKR,EST,UKR,156828.217,19640621.056,117227765.76,1334.515,46053.299,1314,0,0,1,1,0,0,1,0,0
2010,EST,UKR,EST,UKR,178828.962,19479013.376,136419303.424,1331.475,45870.701,1310,0,0,1,1,0,0,1,0,0
2011,EST,UKR,EST,UKR,241068.738,22803433.472,163421732.864,1327.439,45706.1,1310,0,0,1,1,0,0,1,0,0
2012,EST,UKR,EST,UKR,245264.732,22660753.408,176603430.912,1325.016,45593.3,1310,0,0,1,1,0,0,1,0,0
2013,EST,UKR,EST,UKR,233606.869,24880265.216,177430609.92000002,1324.612,45489.601,1310,0,0,1,1,0,0,1,0,0
2014,EST,UKR,EST,UKR,164511.414,26213941.248,133503410.176,1314.545,45271.946,1310,0,0,1,1,0,0,1,0,0
2015,EST,UKR,EST,UKR,127698.582,22460471.296,91030962.176,1315.407,45154.03,1306,0,0,1,1,0,0,1,0,0
2016,EST,UKR,EST,UKR,143137.99,23136741.376,93270482.944,1316.481,45004.646,1306,0,0,1,1,0,0,1,0,0
2017,EST,UKR,EST,UKR,157433.598,26924385.103,112090530.369,1317.384,44831.135,1306,0,0,1,1,0,0,1,0,0
2018,EST,UKR,EST,UKR,177093.207,30489500.905,130891049.797,1321.977,44622.517,1306,0,0,1,1,0,0,1,0,0
2019,EST,UKR,EST,UKR,205047.371,31045591.753,153882982.016,1326.855,44386.204,1306,0,0,1,1,0,0,1,0,0
2020,EST,UKR,EST,UKR,210177.183,30650285.472,156617861.449,1329.479,44132.05,1302,0,0,1,1,0,0,1,0,0
1995,EST,UZB,EST,UZB,5238.665,4362191.36,13350461.44,1436.634,22785,3648,0,0,0,0,0,0,0,0,0
1996,EST,UZB,EST,UZB,8083.319,4739181.568,13948892.16,1415.594,23225,3648,0,0,0,0,0,0,0,0,0
1997,EST,UZB,EST,UZB,12497.116,5059146.752,14744603.648,1399.535,23667,3648,0,0,0,0,0,0,0,0,0
1998,EST,UZB,EST,UZB,18111.346,5608007.1680000005,14988971.008,1386.156,24051.001,3648,0,0,0,0,0,0,0,0,0
1999,EST,UZB,EST,UZB,8429.975,5715278.848,17078465.536000002,1380.62,24311.649,3648,0,0,1,0,0,0,0,0,0
2000,EST,UZB,EST,UZB,3729.901,5685561.3440000005,13760374.784,1396.985,24650.4,3647,0,0,1,0,0,0,0,0,0
2001,EST,UZB,EST,UZB,3213.59,6233506.3040000005,11401351.168,1388.115,24964.451,3647,0,0,1,0,0,0,0,0,0
2002,EST,UZB,EST,UZB,3208.175,7308609.024,9687951.36,1379.35,25271.851,3647,0,0,1,0,0,0,0,0,0
2003,EST,UZB,EST,UZB,3044.94,9822143.488,10128112.64,1370.72,25567.65,3647,0,0,1,0,0,0,0,0,0
2004,EST,UZB,EST,UZB,11250.2,12057639.936,12030023.68,1362.55,25864.349,3647,0,0,1,0,0,0,0,0,0
2005,EST,UZB,EST,UZB,28175.552,14003096.576,14307510.272,1354.775,26167,3645,0,0,1,0,0,0,0,0,0
2006,EST,UZB,EST,UZB,17927.47,16958045.184,17030896.64,1346.81,26488.251,3645,0,0,1,0,0,0,0,0,0
2007,EST,UZB,EST,UZB,37402.335,22228670.464,22311393.28,1340.68,26868,3645,0,0,1,0,0,0,0,0,0
2008,EST,UZB,EST,UZB,31931.401,24185794.56,27934031.872,1337.09,27302.799,3645,0,0,1,0,0,0,0,0,0
2009,EST,UZB,EST,UZB,34831.497,19640621.056,32816828.416,1334.515,27767.401,3645,0,0,1,0,0,0,0,0,0
2010,EST,UZB,EST,UZB,33766.106,19479013.376,39332769.792,1331.475,28562.401,3642,0,0,1,0,0,0,0,0,0
2011,EST,UZB,EST,UZB,18569.761,22803433.472,45324320.768,1327.439,29339.399,3642,0,0,1,0,0,0,0,0,0
2012,EST,UZB,EST,UZB,19547.063,22660753.408,51183443.968,1325.016,29774.5,3642,0,0,1,0,0,0,0,0,0
2013,EST,UZB,EST,UZB,21289.818,24880265.216,56795656.192,1324.612,30241.1,3642,0,0,1,0,0,0,0,0,0
2014,EST,UZB,EST,UZB,39490.655,26213941.248,63067078.656,1314.545,30757.7,3642,0,0,1,0,0,0,0,0,0
2015,EST,UZB,EST,UZB,22248.343,22460471.296,66903805.952,1315.407,31298.901,3640,0,0,1,0,0,0,0,0,0
2016,EST,UZB,EST,UZB,29763.681,23136741.376,67220336.64,1316.481,31848.2,3640,0,0,1,0,0,0,0,0,0
2017,EST,UZB,EST,UZB,31668.887,26924385.103,62081323.299,1317.384,32388.599,3640,0,0,1,0,0,0,0,0,0
2018,EST,UZB,EST,UZB,29417.929,30489500.905,52633143.808,1321.977,32956.1,3640,0,0,1,0,0,0,0,0,0
2019,EST,UZB,EST,UZB,61054.679,31045591.753,59907674.027,1326.855,33580.349,3640,0,0,1,0,0,0,0,0,0
2020,EST,UZB,EST,UZB,96223.01,30650285.472,59894305.353,1329.479,34232.052,3637,0,0,1,0,0,0,0,0,0
1996,GEO,ARM,GEO,ARM,21031.971,3094915.5840000003,1596968.96,4616.1,3173.425,170,0,1,0,0,0,0,0,0,0
1997,GEO,ARM,GEO,ARM,32475.683,3510540.8000000003,1639492.48,4531.6,3137.652,170,0,1,0,0,0,0,0,0,0
1998,GEO,ARM,GEO,ARM,17827.833,3613500.16,1893726.464,4487.3,3112.958,170,0,1,0,0,0,0,0,0,0
1999,GEO,ARM,GEO,ARM,26842.018,2800024.32,1845482.24,4452.5,3093.82,170,0,1,0,0,0,0,0,0,0
2000,GEO,ARM,GEO,ARM,18475.633,3057453.568,1911563.648,4418.3,3076.098,170,0,1,1,0,0,0,0,0,0
2001,GEO,ARM,GEO,ARM,12935.076,3219487.744,2118467.968,4386.4000000000005,3059.96,170,0,1,1,0,0,0,0,0,0
2002,GEO,ARM,GEO,ARM,22185.625,3395778.56,2376335.104,4357,3047.002,170,0,1,1,0,0,0,0,0,0
2003,GEO,ARM,GEO,ARM,30684.72,3991374.592,2807060.992,4328.9,3036.032,170,0,1,1,1,0,0,1,0,0
2004,GEO,ARM,GEO,ARM,54328.281,5125274.112,3576615.168,4318.3,3025.652,170,0,1,1,1,0,0,1,0,0
2005,GEO,ARM,GEO,ARM,39625.493,6411147.264,4900436.992000001,4361.4,3014.917,170,0,1,1,1,0,0,1,0,0
2006,GEO,ARM,GEO,ARM,73521.181,7761900.032000001,6384457.728,4398,3002.911,170,0,1,1,1,0,0,1,0,0
2007,GEO,ARM,GEO,ARM,110779.633,10172260.352,9206301.696,4388.4000000000005,2989.882,170,0,1,1,1,0,0,1,0,0
2008,GEO,ARM,GEO,ARM,124657.271,12799337.472,11662041.088,4383.8,2977.4880000000003,170,0,1,1,1,0,0,1,0,0
2009,GEO,ARM,GEO,ARM,88264.08,10766836.736,8647937.024,4410.9000000000005,2968.154,170,0,1,1,1,0,0,1,0,0
2010,GEO,ARM,GEO,ARM,163689.695,11638537.216,9260286.976,4452.8,2963.496,170,0,1,1,1,0,0,1,0,0
2011,GEO,ARM,GEO,ARM,218073.02,14434620.416,10142343.168,4483.35,2964.12,170,0,1,1,1,0,0,1,0,0
2012,GEO,ARM,GEO,ARM,255687.788,15846474.752,9958217.728,4490.7,2969.081,170,0,1,1,1,0,0,1,0,0
2013,GEO,ARM,GEO,ARM,312623.036,16140047.36,10432169.984,4476.9000000000005,2976.5660000000003,170,0,1,1,1,0,0,1,0,0
2014,GEO,ARM,GEO,ARM,280573.184,16509305.856,11609512.96,3727,2906.2200000000003,170,0,1,1,1,0,0,1,0,0
2015,GEO,ARM,GEO,ARM,180055.014,13993546.752,10529182.72,3717.1,2916.9500000000003,170,0,1,1,1,0,0,1,0,0
2016,GEO,ARM,GEO,ARM,152279.354,14332879.872,10547331.072,3719.3,2924.8160000000003,170,0,1,1,1,0,0,1,0,0
2017,GEO,ARM,GEO,ARM,213550.073,16242916.916,11527458.566,3728.004,2944.789,170,0,1,1,1,0,0,1,0,0
2018,GEO,ARM,GEO,ARM,286334.784,17596922.47,12457941.907,3726.549,2951.741,170,0,1,1,1,0,0,1,0,0
2019,GEO,ARM,GEO,ARM,432560.287,17470436.259,13619291.361,3720.161,2957.728,170,0,1,1,1,0,0,1,0,0
2020,GEO,ARM,GEO,ARM,187481.463,15842922.533,12641209.802,3722.716,2963.234,170,0,1,1,1,0,0,1,0,0
1996,GEO,AZE,GEO,AZE,28313.451,3094915.5840000003,3176749.568,4616.1,7763,371,0,1,0,0,0,0,0,0,0
1997,GEO,AZE,GEO,AZE,36644.344,3510540.8000000003,3962710.272,4531.6,7838.25,371,0,1,0,0,0,0,0,0,0
1998,GEO,AZE,GEO,AZE,25197.849,3613500.16,4446396.416,4487.3,7913,371,0,1,0,0,0,0,0,0,0
1999,GEO,AZE,GEO,AZE,19183.694,2800024.32,4581222.4,4452.5,7982.75,371,0,1,0,0,0,0,0,0,0
2000,GEO,AZE,GEO,AZE,20274.432,3057453.568,5272616.96,4418.3,8048.6,371,0,1,1,0,0,0,0,0,0
2001,GEO,AZE,GEO,AZE,9920.766,3219487.744,5707618.3040000005,4386.4000000000005,8111.2,371,0,1,1,0,0,0,0,0,0
2002,GEO,AZE,GEO,AZE,29210.516,3395778.56,6236024.832,4357,8171.95,371,0,1,1,0,0,0,0,0,0
2003,GEO,AZE,GEO,AZE,16292.201,3991374.592,7275766.272,4328.9,8234.1,371,0,1,1,0,0,0,0,0,0
2004,GEO,AZE,GEO,AZE,25214.089,5125274.112,8680511.488,4318.3,8306.5,371,0,1,1,0,0,0,0,0,0
2005,GEO,AZE,GEO,AZE,83260.182,6411147.264,13245421.568,4361.4,8391.85,372,0,1,1,0,0,0,0,0,0
2006,GEO,AZE,GEO,AZE,88248.188,7761900.032000001,20982269.952,4398,8484.55,372,0,1,1,0,0,0,0,0,0
2007,GEO,AZE,GEO,AZE,137292.09900000002,10172260.352,33050343.424,4388.4000000000005,8581.3,372,0,1,1,0,0,0,0,0,0
2008,GEO,AZE,GEO,AZE,205220.627,12799337.472,48852484.096,4383.8,8763.4,372,0,1,1,0,0,0,0,0,0
2009,GEO,AZE,GEO,AZE,164989.875,10766836.736,44291489.792,4410.9000000000005,8947.243,372,0,1,1,0,0,0,0,0,0
2010,GEO,AZE,GEO,AZE,255811.51,11638537.216,52902703.104,4452.8,9054.332,375,0,1,1,0,0,0,0,0,0
2011,GEO,AZE,GEO,AZE,425729.31,14434620.416,65951625.216,4483.35,9173.082,375,0,1,1,0,0,0,0,0,0
2012,GEO,AZE,GEO,AZE,626507.231,15846474.752,68730904.576,4490.7,9295.784,375,0,1,1,0,0,0,0,0,0
2013,GEO,AZE,GEO,AZE,709931.718,16140047.36,73560481.792,4476.9000000000005,9416.598,375,0,1,1,0,0,0,0,0,0
2014,GEO,AZE,GEO,AZE,544166.99,16509305.856,75244167.168,3727,9535.079,375,0,1,1,0,0,0,0,0,0
2015,GEO,AZE,GEO,AZE,239300.055,13993546.752,53074370.56,3717.1,9649.341,377,0,1,1,0,0,0,0,0,0
2016,GEO,AZE,GEO,AZE,152027.96,14332879.872,37847715.84,3719.3,9762.274,377,0,1,1,0,0,0,0,0,0
2017,GEO,AZE,GEO,AZE,274224.055,16242916.916,40865558.912,3728.004,9854.033,377,0,1,1,0,0,0,0,0,0
2018,GEO,AZE,GEO,AZE,507644.471,17596922.47,47112941.176,3726.549,9939.771,377,0,1,1,0,0,0,0,0,0
2019,GEO,AZE,GEO,AZE,508680.788,17470436.259,48174235.294,3720.161,10024.283,377,0,1,1,0,0,0,0,0,0
2020,GEO,AZE,GEO,AZE,441293.168,15842922.533,42693000,3722.716,10093.121,378,0,1,1,0,0,0,0,0,0
1996,GEO,BLR,GEO,BLR,1380.616,3094915.5840000003,14756861.952,4616.1,10160,1825,0,0,0,0,0,0,0,0,0
1997,GEO,BLR,GEO,BLR,1060.003,3510540.8000000003,14128412.672,4531.6,10117,1825,0,0,0,0,0,0,0,0,0
1998,GEO,BLR,GEO,BLR,1773.29,3613500.16,15222014.976,4487.3,10069,1825,0,0,0,0,0,0,0,0,0
1999,GEO,BLR,GEO,BLR,1441.59,2800024.32,12138485.76,4452.5,10035,1825,0,0,0,0,0,0,0,0,0
2000,GEO,BLR,GEO,BLR,1340.2,3057453.568,12736856.064,4418.3,10005,1827,0,0,1,0,0,0,0,0,0
2001,GEO,BLR,GEO,BLR,2244.5,3219487.744,12354820.096,4386.4000000000005,9928,1827,0,0,1,0,0,0,0,0,0
2002,GEO,BLR,GEO,BLR,3042.5,3395778.56,14594925.568,4357,9865,1827,0,0,1,0,0,0,0,0,0
2003,GEO,BLR,GEO,BLR,3715.9,3991374.592,17825435.648000002,4328.9,9797,1827,0,0,1,0,0,0,0,0,0
2004,GEO,BLR,GEO,BLR,3563.1,5125274.112,23141586.944,4318.3,9730,1827,0,0,1,0,0,0,0,0,0
2005,GEO,BLR,GEO,BLR,2463.1,6411147.264,30210091.008,4361.4,9663,1829,0,0,1,0,0,0,0,0,0
2006,GEO,BLR,GEO,BLR,3399.2000000000003,7761900.032000001,36961918.976,4398,9604,1829,0,0,1,0,0,0,0,0,0
2007,GEO,BLR,GEO,BLR,4738.607,10172260.352,45275713.536,4388.4000000000005,9560,1829,0,0,1,0,0,0,0,0,0
2008,GEO,BLR,GEO,BLR,11275.9,12799337.472,60763484.16,4383.8,9528,1829,0,0,1,0,0,0,0,0,0
2009,GEO,BLR,GEO,BLR,14511.8,10766836.736,49208655.872,4410.9000000000005,9507,1829,0,0,1,0,0,0,0,0,0
2010,GEO,BLR,GEO,BLR,23775.255,11638537.216,55220932.608,4452.8,9490,1830,0,0,1,0,0,0,0,0,0
2011,GEO,BLR,GEO,BLR,29154.6,14434620.416,59734593.536,4483.35,9473,1830,0,0,1,0,0,0,0,0,0
2012,GEO,BLR,GEO,BLR,34368.1,15846474.752,63615447.04,4490.7,9464,1830,0,0,1,0,0,0,0,0,0
2013,GEO,BLR,GEO,BLR,41093.2,16140047.36,71709515.77600001,4476.9000000000005,9466,1830,0,0,1,0,0,0,0,0,0
2014,GEO,BLR,GEO,BLR,39190.8,16509305.856,78813052.928,3727,9474.511,1830,0,0,1,0,0,0,0,0,0
2015,GEO,BLR,GEO,BLR,22452.5,13993546.752,56454774.784,3717.1,9489.616,1830,0,0,1,0,0,0,0,0,0
2016,GEO,BLR,GEO,BLR,18120.707,14332879.872,47433441.28,3719.3,9507.12,1830,0,0,1,0,0,0,0,0,0
2017,GEO,BLR,GEO,BLR,27547.246,16242916.916,54726595.249,3728.004,9458.989,1830,0,0,1,0,0,0,0,0,0
2018,GEO,BLR,GEO,BLR,28445.79,17596922.47,60031262.269,3726.549,9438.785,1830,0,0,1,0,0,0,0,0,0
2019,GEO,BLR,GEO,BLR,44057.986,17470436.259,64409647.194,3720.161,9419.758,1830,0,0,1,0,0,0,0,0,0
2020,GEO,BLR,GEO,BLR,47304.968,15842922.533,61489588.895,3722.716,9379.952,1830,0,0,1,0,0,0,0,0,0
1995,GEO,EST,GEO,EST,619.2570000000001,2693731.84,4362191.36,4734,1436.634,2412,0,0,0,0,0,0,0,0,0
1996,GEO,EST,GEO,EST,171.334,3094915.5840000003,4739181.568,4616.1,1415.594,2412,0,0,0,0,0,0,0,0,0
1997,GEO,EST,GEO,EST,350.303,3510540.8000000003,5059146.752,4531.6,1399.535,2412,0,0,0,0,0,0,0,0,0
1998,GEO,EST,GEO,EST,689.312,3613500.16,5608007.1680000005,4487.3,1386.156,2412,0,0,0,0,0,0,0,0,0
1999,GEO,EST,GEO,EST,518.089,2800024.32,5715278.848,4452.5,1380.62,2412,0,0,0,1,0,0,0,0,0
2000,GEO,EST,GEO,EST,171.566,3057453.568,5685561.3440000005,4418.3,1396.985,2412,0,0,1,1,0,0,1,0,0
2001,GEO,EST,GEO,EST,374.786,3219487.744,6233506.3040000005,4386.4000000000005,1388.115,2412,0,0,1,1,0,0,1,0,0
2002,GEO,EST,GEO,EST,184.755,3395778.56,7308609.024,4357,1379.35,2412,0,0,1,1,0,0,1,0,0
2003,GEO,EST,GEO,EST,178.871,3991374.592,9822143.488,4328.9,1370.72,2412,0,0,1,1,0,0,1,0,0
2004,GEO,EST,GEO,EST,873.418,5125274.112,12057639.936,4318.3,1362.55,2412,0,0,1,1,0,0,1,0,0
2005,GEO,EST,GEO,EST,3689.553,6411147.264,14003096.576,4361.4,1354.775,2412,0,0,1,1,0,0,1,0,0
2006,GEO,EST,GEO,EST,3966.989,7761900.032000001,16958045.184,4398,1346.81,2412,0,0,1,1,0,0,1,0,0
2007,GEO,EST,GEO,EST,3462.065,10172260.352,22228670.464,4388.4000000000005,1340.68,2412,0,0,1,1,0,0,1,0,0
2008,GEO,EST,GEO,EST,3182.253,12799337.472,24185794.56,4383.8,1337.09,2412,0,0,1,1,0,0,1,0,0
2009,GEO,EST,GEO,EST,2306.961,10766836.736,19640621.056,4410.9000000000005,1334.515,2412,0,0,1,1,0,0,1,0,0
2010,GEO,EST,GEO,EST,2156.068,11638537.216,19479013.376,4452.8,1331.475,2412,0,0,1,1,0,0,1,0,0
2011,GEO,EST,GEO,EST,3936.196,14434620.416,22803433.472,4483.35,1327.439,2412,0,0,1,1,0,0,1,0,0
2012,GEO,EST,GEO,EST,4524.6,15846474.752,22660753.408,4490.7,1325.016,2412,0,0,1,1,0,0,1,0,0
2013,GEO,EST,GEO,EST,2713.871,16140047.36,24880265.216,4476.9000000000005,1324.612,2412,0,0,1,1,0,0,1,0,0
2014,GEO,EST,GEO,EST,3685.507,16509305.856,26213941.248,3727,1314.545,2412,0,0,1,1,0,0,1,0,0
2015,GEO,EST,GEO,EST,3662.838,13993546.752,22460471.296,3717.1,1315.407,2412,0,0,1,1,0,0,1,0,0
2016,GEO,EST,GEO,EST,5375.424,14332879.872,23136741.376,3719.3,1316.481,2412,0,0,1,1,0,0,1,0,0
2017,GEO,EST,GEO,EST,7373.453,16242916.916,26924385.103,3728.004,1317.384,2412,0,0,1,1,0,0,1,0,0
2018,GEO,EST,GEO,EST,6596.647,17596922.47,30489500.905,3726.549,1321.977,2412,0,0,1,1,0,0,1,0,0
2019,GEO,EST,GEO,EST,10091.804,17470436.259,31045591.753,3720.161,1326.855,2412,0,0,1,1,0,0,1,0,0
2020,GEO,EST,GEO,EST,10383.148,15842922.533,30650285.472,3722.716,1329.479,2412,0,0,1,1,0,0,1,0,0
1995,GEO,KAZ,GEO,KAZ,2201.593,2693731.84,20374306.816,4734,15815.626,2349,0,0,0,0,0,0,0,0,0
1996,GEO,KAZ,GEO,KAZ,2948.386,3094915.5840000003,21035358.208,4616.1,15577.894,2349,0,0,0,0,0,0,0,0,0
1997,GEO,KAZ,GEO,KAZ,5406.993,3510540.8000000003,22165932.032,4531.6,15333.703,2349,0,0,0,0,0,0,0,0,0
1998,GEO,KAZ,GEO,KAZ,3296.995,3613500.16,22135244.8,4487.3,15071.3,2349,0,0,0,0,0,0,0,0,0
1999,GEO,KAZ,GEO,KAZ,1674.456,2800024.32,16870816.768,4452.5,14928.426,2349,0,0,0,0,0,0,0,0,0
2000,GEO,KAZ,GEO,KAZ,4758.4000000000005,3057453.568,18291990.528,4418.3,14883.626,2339,0,0,1,0,0,0,0,0,0
2001,GEO,KAZ,GEO,KAZ,4308.8,3219487.744,22152689.664,4386.4000000000005,14858.335,2339,0,0,1,0,0,0,0,0,0
2002,GEO,KAZ,GEO,KAZ,3701.7,3395778.56,24636598.272,4357,14858.948,2339,0,0,1,0,0,0,0,0,0
2003,GEO,KAZ,GEO,KAZ,6549,3991374.592,30833692.672,4328.9,14909.018,2339,0,0,1,0,0,0,0,0,0
2004,GEO,KAZ,GEO,KAZ,7554.534000000001,5125274.112,43151646.72,4318.3,15012.985,2339,0,0,1,0,0,0,0,0,0
2005,GEO,KAZ,GEO,KAZ,9711.127,6411147.264,57123672.064,4361.4,15147.029,2319,0,0,1,0,0,0,0,0,0
2006,GEO,KAZ,GEO,KAZ,15426.167,7761900.032000001,81003864.064,4398,15308.084,2319,0,0,1,0,0,0,0,0,0
2007,GEO,KAZ,GEO,KAZ,34291.508,10172260.352,104849883.136,4388.4000000000005,15484.192,2319,0,0,1,0,0,0,0,0,0
2008,GEO,KAZ,GEO,KAZ,22026.258,12799337.472,133441609.728,4383.8,15674,2319,0,0,1,0,0,0,0,0,0
2009,GEO,KAZ,GEO,KAZ,20455.312,10766836.736,115308658.688,4410.9000000000005,16092.701,2319,0,0,1,0,0,0,0,0,0
2010,GEO,KAZ,GEO,KAZ,50056.586,11638537.216,148047347.712,4452.8,16321.581,2308,0,0,1,0,0,0,0,0,0
2011,GEO,KAZ,GEO,KAZ,156866.84900000002,14434620.416,188048965.632,4483.35,16556.601,2308,0,0,1,0,0,0,0,0,0
2012,GEO,KAZ,GEO,KAZ,62235.576,15846474.752,203517198.336,4490.7,16791.426,2308,0,0,1,0,0,0,0,0,0
2013,GEO,KAZ,GEO,KAZ,103598.025,16140047.36,231876280.32,4476.9000000000005,17037.508,2308,0,0,1,0,0,0,0,0,0
2014,GEO,KAZ,GEO,KAZ,88589.447,16509305.856,221415571.456,3727,17289.225,2308,0,0,1,0,0,0,0,0,0
2015,GEO,KAZ,GEO,KAZ,44832.9,13993546.752,184388435.968,3717.1,17544.127,2299,0,0,1,1,0,0,1,0,0
2016,GEO,KAZ,GEO,KAZ,39823.524,14332879.872,133657083.904,3719.3,17797.031,2299,0,0,1,1,0,0,1,0,0
2017,GEO,KAZ,GEO,KAZ,51786.269,16242916.916,166805800.59600002,3728.004,18037.777,2299,0,0,1,1,0,0,1,0,0
2018,GEO,KAZ,GEO,KAZ,90688.476,17596922.47,179339994.859,3726.549,18276.451,2299,0,0,1,1,0,0,1,0,0
2019,GEO,KAZ,GEO,KAZ,66993.754,17470436.259,181667190.076,3720.161,18513.674,2299,0,0,1,1,0,0,1,0,0
2020,GEO,KAZ,GEO,KAZ,47622.923,15842922.533,171082379.533,3722.716,18755.667,2291,0,0,1,1,0,0,1,0,0
1995,GEO,KGZ,GEO,KGZ,329.595,2693731.84,1661018.496,4734,4560.4000000000005,2445,0,0,0,0,0,0,0,0,0
1996,GEO,KGZ,GEO,KGZ,1555.097,3094915.5840000003,1827570.56,4616.1,4628.4000000000005,2445,0,0,0,0,0,0,0,0,0
1997,GEO,KGZ,GEO,KGZ,179.435,3510540.8000000003,1767864.064,4531.6,4696.4000000000005,2445,0,0,0,0,0,0,0,0,0
1998,GEO,KGZ,GEO,KGZ,313.871,3613500.16,1645963.776,4487.3,4769,2445,0,0,0,1,0,0,0,0,0
1999,GEO,KGZ,GEO,KGZ,159.222,2800024.32,1249062.016,4452.5,4840.4000000000005,2445,0,0,0,1,0,0,0,0,0
2000,GEO,KGZ,GEO,KGZ,97.711,3057453.568,1369691.904,4418.3,4898.4000000000005,2445,0,0,1,1,0,0,1,0,0
2001,GEO,KGZ,GEO,KGZ,20.5,3219487.744,1525113.472,4386.4000000000005,4945.1,2445,0,0,1,1,0,0,1,0,0
2002,GEO,KGZ,GEO,KGZ,109.758,3395778.56,1605640.576,4357,4990.7,2445,0,0,1,1,0,0,1,0,0
2003,GEO,KGZ,GEO,KGZ,521.607,3991374.592,1919012.736,4328.9,5043.3,2445,0,0,1,1,0,0,1,0,0
2004,GEO,KGZ,GEO,KGZ,639.073,5125274.112,2211535.36,4318.3,5104.7,2445,0,0,1,1,0,0,1,0,0
2005,GEO,KGZ,GEO,KGZ,247.657,6411147.264,2459876.096,4361.4,5162.6,2445,0,0,1,1,0,0,1,0,0
2006,GEO,KGZ,GEO,KGZ,487.123,7761900.032000001,2834168.832,4398,5218.4000000000005,2445,0,0,1,1,0,0,1,0,0
2007,GEO,KGZ,GEO,KGZ,879.313,10172260.352,3802566.144,4388.4000000000005,5268.4000000000005,2445,0,0,1,1,0,0,1,0,0
2008,GEO,KGZ,GEO,KGZ,1737.576,12799337.472,5139957.76,4383.8,5318.7,2445,0,0,1,1,0,0,1,0,0
2009,GEO,KGZ,GEO,KGZ,2528.032,10766836.736,4690062.336,4410.9000000000005,5383.3,2445,0,0,1,1,0,0,1,0,0
2010,GEO,KGZ,GEO,KGZ,3309.203,11638537.216,4794357.76,4452.8,5447.9000000000005,2445,0,0,1,1,0,0,1,0,0
2011,GEO,KGZ,GEO,KGZ,7605.181,14434620.416,6197766.144,4483.35,5514.6,2445,0,0,1,1,0,0,1,0,0
2012,GEO,KGZ,GEO,KGZ,8896.642,15846474.752,6605139.968,4490.7,5607.2,2445,0,0,1,1,0,0,1,0,0
2013,GEO,KGZ,GEO,KGZ,8947.511,16140047.36,7226303.488,4476.9000000000005,5719.5,2445,0,0,1,1,0,0,1,0,0
2014,GEO,KGZ,GEO,KGZ,10016.717,16509305.856,7468096.512,3727,5835.5,2445,0,0,1,1,0,0,1,0,0
2015,GEO,KGZ,GEO,KGZ,6651.264,13993546.752,6678178.3040000005,3717.1,5956.9000000000005,2445,0,0,1,1,0,0,1,0,0
2016,GEO,KGZ,GEO,KGZ,7355.373,14332879.872,6551287.808,3719.3,6082.7,2445,0,0,1,1,0,0,1,0,0
2017,GEO,KGZ,GEO,KGZ,9493.151,16242916.916,7702934.8,3728.004,6198.2,2445,0,0,1,1,0,0,1,0,0
2018,GEO,KGZ,GEO,KGZ,29074.647,17596922.47,8271108.638,3726.549,6322.8,2445,0,0,1,1,0,0,1,0,0
2019,GEO,KGZ,GEO,KGZ,76330.783,17470436.259,8871026.074000001,3720.161,6456.2,2445,0,0,1,1,0,0,1,0,0
2020,GEO,KGZ,GEO,KGZ,18212.465,15842922.533,7780874.537,3722.716,6579.9000000000005,2445,0,0,1,1,0,0,1,0,0
1992,GEO,LTU,GEO,LTU,4994.07,3690615.808,8562311.168,4873.5,3700.114,2036,0,0,0,0,0,0,0,0,0
1994,GEO,LTU,GEO,LTU,32.847,2513870.592,6958637.056,4861.6,3657.144,2036,0,0,0,0,0,0,0,0,0
1995,GEO,LTU,GEO,LTU,2923.689,2693731.84,7904896,4734,3629.102,2036,0,0,0,0,0,0,0,0,0
1996,GEO,LTU,GEO,LTU,494.295,3094915.5840000003,8426599.936,4616.1,3601.6130000000003,2036,0,0,0,0,0,0,0,0,0
1997,GEO,LTU,GEO,LTU,219.193,3510540.8000000003,10128700.416,4531.6,3575.137,2036,0,0,0,0,0,0,0,0,0
1998,GEO,LTU,GEO,LTU,287.623,3613500.16,11254049.792,4487.3,3549.331,2036,0,0,0,0,0,0,0,0,0
1999,GEO,LTU,GEO,LTU,1368.976,2800024.32,10971374.592,4452.5,3524.2380000000003,2036,0,0,0,0,0,0,0,0,0
2000,GEO,LTU,GEO,LTU,3082.308,3057453.568,11434200.064,4418.3,3499.536,2036,0,0,1,0,0,0,0,0,0
2001,GEO,LTU,GEO,LTU,2932.967,3219487.744,12159224.832,4386.4000000000005,3470.818,2036,0,0,1,1,0,0,1,0,0
2002,GEO,LTU,GEO,LTU,1627.848,3395778.56,14163949.568,4357,3443.067,2036,0,0,1,1,0,0,1,0,0
2003,GEO,LTU,GEO,LTU,722.304,3991374.592,18608709.632,4328.9,3415.213,2036,0,0,1,1,0,0,1,0,0
2004,GEO,LTU,GEO,LTU,1739.143,5125274.112,22659295.232,4318.3,3377.0750000000003,2036,0,0,1,1,0,0,1,0,0
2005,GEO,LTU,GEO,LTU,3100.909,6411147.264,26085306.368,4361.4,3322.528,2036,0,0,1,1,0,0,1,0,0
2006,GEO,LTU,GEO,LTU,5061.112,7761900.032000001,30246361.088,4398,3269.909,2036,0,0,1,1,0,0,1,0,0
2007,GEO,LTU,GEO,LTU,6040.173,10172260.352,39325986.816,4388.4000000000005,3231.294,2036,0,0,1,1,0,0,1,0,0
2008,GEO,LTU,GEO,LTU,8763.169,12799337.472,47438364.672,4383.8,3198.231,2036,0,0,1,1,0,0,1,0,0
2009,GEO,LTU,GEO,LTU,9884.778,10766836.736,37050081.28,4410.9000000000005,3162.916,2036,0,0,1,1,0,0,1,0,0
2010,GEO,LTU,GEO,LTU,11256.141,11638537.216,36709511.168,4452.8,3097.282,2036,0,0,1,1,0,0,1,0,0
2011,GEO,LTU,GEO,LTU,18471.88,14434620.416,43083067.392,4483.35,3028.115,2036,0,0,1,1,0,0,1,0,0
2012,GEO,LTU,GEO,LTU,19139.875,15846474.752,42343559.168,4490.7,2987.773,2036,0,0,1,1,0,0,1,0,0
2013,GEO,LTU,GEO,LTU,21783.707,16140047.36,45931966.464,4476.9000000000005,2956.121,2036,0,0,1,1,0,0,1,0,0
2014,GEO,LTU,GEO,LTU,31745.063,16509305.856,48545251.328,3727,2932.367,2036,0,0,1,1,0,0,1,0,0
2015,GEO,LTU,GEO,LTU,33296.446,13993546.752,41402023.936,3717.1,2904.91,2036,0,0,1,1,0,0,1,0,0
2016,GEO,LTU,GEO,LTU,25199.909,14332879.872,42738876.416,3719.3,2872.298,2036,0,0,1,1,0,0,1,0,0
2017,GEO,LTU,GEO,LTU,35148.136,16242916.916,47758736.932,3728.004,2828.403,2036,0,0,1,1,0,0,1,0,0
2018,GEO,LTU,GEO,LTU,43356.361,17596922.47,53750911.866,3726.549,2801.543,2036,0,0,1,1,0,0,1,0,0
2019,GEO,LTU,GEO,LTU,44974.492,17470436.259,54697379.017000005,3720.161,2794.137,2036,0,0,1,1,0,0,1,0,0
2020,GEO,LTU,GEO,LTU,35690.916,15842922.533,56546957.475,3722.716,2794.885,2036,0,0,1,1,0,0,1,0,0
1994,GEO,LVA,GEO,LVA,89.743,2513870.592,5060854.784,4861.6,2520.742,2251,0,0,0,0,0,0,0,0,0
1995,GEO,LVA,GEO,LVA,10.252,2693731.84,5235719.68,4734,2485.056,2251,0,0,0,0,0,0,0,0,0
1996,GEO,LVA,GEO,LVA,332.37,3094915.5840000003,5585292.8,4616.1,2457.222,2251,0,0,0,0,0,0,0,0,0
1997,GEO,LVA,GEO,LVA,83.993,3510540.8000000003,6133234.176,4531.6,2432.851,2251,0,0,0,0,0,0,0,0,0
1998,GEO,LVA,GEO,LVA,172.852,3613500.16,6616957.44,4487.3,2410.019,2251,0,0,0,0,0,0,0,0,0
1999,GEO,LVA,GEO,LVA,392.493,2800024.32,7288524.288,4452.5,2390.482,2251,0,0,0,1,0,0,0,0,0
2000,GEO,LVA,GEO,LVA,1047.528,3057453.568,7833068.544,4418.3,2367.55,2251,0,0,1,1,0,0,1,0,0
2001,GEO,LVA,GEO,LVA,534.55,3219487.744,8313047.552,4386.4000000000005,2337.17,2251,0,0,1,1,0,0,1,0,0
2002,GEO,LVA,GEO,LVA,592.346,3395778.56,9314784.256,4357,2310.173,2251,0,0,1,1,0,0,1,0,0
2003,GEO,LVA,GEO,LVA,818.369,3991374.592,11186452.48,4328.9,2287.955,2251,0,0,1,1,0,0,1,0,0
2004,GEO,LVA,GEO,LVA,1317.545,5125274.112,13761569.792,4318.3,2263.122,2251,0,0,1,1,0,0,1,0,0
2005,GEO,LVA,GEO,LVA,1745.799,6411147.264,16041840.64,4361.4,2238.799,2251,0,0,1,1,0,0,1,0,0
2006,GEO,LVA,GEO,LVA,3687.041,7761900.032000001,19935045.632,4398,2218.357,2251,0,0,1,1,0,0,1,0,0
2007,GEO,LVA,GEO,LVA,4501.9580000000005,10172260.352,28765687.808,4388.4000000000005,2200.3250000000003,2251,0,0,1,1,0,0,1,0,0
2008,GEO,LVA,GEO,LVA,5407.534000000001,12799337.472,33669367.808,4383.8,2177.322,2251,0,0,1,1,0,0,1,0,0
2009,GEO,LVA,GEO,LVA,3441.426,10766836.736,25875781.632,4410.9000000000005,2141.669,2251,0,0,1,1,0,0,1,0,0
2010,GEO,LVA,GEO,LVA,6506.231,11638537.216,24009680.896,4452.8,2097.555,2251,0,0,1,1,0,0,1,0,0
2011,GEO,LVA,GEO,LVA,7665.967000000001,14434620.416,28480337.92,4483.35,2059.709,2251,0,0,1,1,0,0,1,0,0
2012,GEO,LVA,GEO,LVA,6112.571,15846474.752,28372578.304,4490.7,2034.319,2251,0,0,1,1,0,0,1,0,0
2013,GEO,LVA,GEO,LVA,6703.374,16140047.36,30956691.456,4476.9000000000005,2013.385,2251,0,0,1,1,0,0,1,0,0
2014,GEO,LVA,GEO,LVA,8047.229,16509305.856,31352250.368,3727,1993.782,2251,0,0,1,1,0,0,1,0,0
2015,GEO,LVA,GEO,LVA,6383.001,13993546.752,27026036.736,3717.1,1977.527,2251,0,0,1,1,0,0,1,0,0
2016,GEO,LVA,GEO,LVA,5671.727,14332879.872,27677390.848,3719.3,1960.424,2251,0,0,1,1,0,0,1,0,0
2017,GEO,LVA,GEO,LVA,9444.847,16242916.916,30483806.018,3728.004,1942.248,2251,0,0,1,1,0,0,1,0,0
2018,GEO,LVA,GEO,LVA,10192.418,17596922.47,34429023.435,3726.549,1927.174,2251,0,0,1,1,0,0,1,0,0
2019,GEO,LVA,GEO,LVA,10652.695,17470436.259,34308783.825,3720.161,1913.822,2251,0,0,1,1,0,0,1,0,0
2020,GEO,LVA,GEO,LVA,9473.132,15842922.533,33645460.617,3722.716,1900.449,2251,0,0,1,1,0,0,1,0,0
1994,GEO,MDA,GEO,MDA,941.19,2513870.592,1702314.368,4861.6,3694,1400,0,0,0,0,0,0,0,0,0
1995,GEO,MDA,GEO,MDA,103.069,2693731.84,1752995.328,4734,3675.099,1400,0,0,0,0,0,0,0,0,0
1996,GEO,MDA,GEO,MDA,153.95000000000002,3094915.5840000003,1695130.496,4616.1,3667.748,1400,0,0,0,0,0,0,0,0,0
1997,GEO,MDA,GEO,MDA,274.822,3510540.8000000003,1930071.424,4531.6,3654.208,1400,0,0,0,0,0,0,0,0,0
1998,GEO,MDA,GEO,MDA,145.951,3613500.16,1639497.216,4487.3,3652.732,1400,0,0,0,0,0,0,0,0,0
1999,GEO,MDA,GEO,MDA,125.856,2800024.32,1170785.024,4452.5,3647.001,1400,0,0,0,0,0,0,0,0,0
2000,GEO,MDA,GEO,MDA,221.556,3057453.568,1288420.224,4418.3,3639.592,1400,0,0,1,0,0,0,0,0,0
2001,GEO,MDA,GEO,MDA,149.347,3219487.744,1480656.896,4386.4000000000005,3631.462,1400,0,0,1,1,0,0,1,0,0
2002,GEO,MDA,GEO,MDA,130.724,3395778.56,1661818.112,4357,3623.062,1400,0,0,1,1,0,0,1,0,0
2003,GEO,MDA,GEO,MDA,165.677,3991374.592,1980901.504,4328.9,3612.874,1400,0,0,1,1,0,0,1,0,0
2004,GEO,MDA,GEO,MDA,115.085,5125274.112,2598231.552,4318.3,3603.945,1400,0,0,1,1,0,0,1,0,0
2005,GEO,MDA,GEO,MDA,275.089,6411147.264,2988172.544,4361.4,3595.187,1400,0,0,1,1,0,0,1,0,0
2006,GEO,MDA,GEO,MDA,346.488,7761900.032000001,3408454.144,4398,3585.2090000000003,1400,0,0,1,1,0,0,1,0,0
2007,GEO,MDA,GEO,MDA,887.8240000000001,10172260.352,4402496,4388.4000000000005,3576.91,1400,0,0,1,1,0,0,1,0,0
2008,GEO,MDA,GEO,MDA,602.501,12799337.472,6054806.016,4383.8,3570.108,1400,0,0,1,1,0,0,1,0,0
2009,GEO,MDA,GEO,MDA,1595.73,10766836.736,5439421.9520000005,4410.9000000000005,3565.6040000000003,1400,0,0,1,1,0,0,1,0,0
2010,GEO,MDA,GEO,MDA,7745.717000000001,11638537.216,5811603.968,4452.8,3562.045,1400,0,0,1,1,0,0,1,0,0
2011,GEO,MDA,GEO,MDA,10126.684,14434620.416,7016162.816000001,4483.35,3559.986,1400,0,0,1,1,0,0,1,0,0
2012,GEO,MDA,GEO,MDA,11464.049,15846474.752,7284686.336,4490.7,3559.519,1400,0,0,1,1,0,0,1,0,0
2013,GEO,MDA,GEO,MDA,14338.814,16140047.36,7969618.944,4476.9000000000005,3559,1400,0,0,1,1,0,0,1,0,0
2014,GEO,MDA,GEO,MDA,4653.416,16509305.856,7983270.912,3727,3556.397,1400,0,0,1,1,0,0,1,0,0
2015,GEO,MDA,GEO,MDA,6534.314,13993546.752,6512899.584,3717.1,3554.108,1400,0,0,1,1,0,0,1,0,0
2016,GEO,MDA,GEO,MDA,1992.036,14332879.872,6749515.776000001,3719.3,3552,1400,0,0,1,1,0,0,1,0,0
2017,GEO,MDA,GEO,MDA,3244.907,16242916.916,9669741.744,3728.004,2755.158,1400,0,0,1,1,0,0,1,0,0
2018,GEO,MDA,GEO,MDA,3381.62,17596922.47,11457443.185,3726.549,2708.214,1400,0,0,1,1,0,0,1,0,0
2019,GEO,MDA,GEO,MDA,9072.013,17470436.259,11971345.003,3720.161,2664.974,1400,0,0,1,1,0,0,1,0,0
2020,GEO,MDA,GEO,MDA,11437.642,15842922.533,11859730.544,3722.716,2620.495,1400,0,0,1,1,0,0,1,0,0
1996,GEO,RUS,GEO,RUS,66103.778,3094915.5840000003,391721385.984,4616.1,148160.126,1466,0,1,0,0,0,0,0,0,0
1997,GEO,RUS,GEO,RUS,150214.98500000002,3510540.8000000003,404926529.536,4531.6,147915.375,1466,0,1,0,0,0,0,0,0,0
1998,GEO,RUS,GEO,RUS,65777.959,3613500.16,270953119.744,4487.3,147670.776,1466,0,1,0,0,0,0,0,0,0
1999,GEO,RUS,GEO,RUS,49983.95,2800024.32,195905765.376,4452.5,147214.783,1466,0,1,0,0,0,0,0,0,0
2000,GEO,RUS,GEO,RUS,76567.856,3057453.568,259708502.016,4418.3,146596.863,1454,0,1,1,0,0,0,0,0,0
2001,GEO,RUS,GEO,RUS,83249.339,3219487.744,306602672.128,4386.4000000000005,145976.471,1454,0,1,1,0,0,0,0,0,0
2002,GEO,RUS,GEO,RUS,68866.928,3395778.56,345110446.08,4357,145408.035,1454,0,1,1,0,0,0,0,0,0
2003,GEO,RUS,GEO,RUS,83931.971,3991374.592,430347780.096,4328.9,144667.465,1454,0,1,1,0,0,0,0,0,0
2004,GEO,RUS,GEO,RUS,107247.481,5125274.112,591016689.664,4318.3,143821.213,1454,0,1,1,0,0,0,0,0,0
2005,GEO,RUS,GEO,RUS,157732.465,6411147.264,764000927.744,4361.4,143113.892,1446,0,1,1,0,0,0,0,0,0
2006,GEO,RUS,GEO,RUS,75567.319,7761900.032000001,989930520.576,4398,142487.259,1446,0,1,1,0,0,0,0,0,0
2007,GEO,RUS,GEO,RUS,65316.756,10172260.352,1299705233.408,4388.4000000000005,142114.899,1446,0,1,1,0,0,0,0,0,0
2008,GEO,RUS,GEO,RUS,50694.282,12799337.472,1660844376.064,4383.8,141956.40600000002,1446,0,1,1,0,0,0,0,0,0
2009,GEO,RUS,GEO,RUS,51172.015,10766836.736,1222643679.232,4410.9000000000005,141909.241,1446,0,1,1,0,0,0,0,0,0
2010,GEO,RUS,GEO,RUS,106130.849,11638537.216,1524916158.464,4452.8,142385.529,1441,0,1,1,0,0,0,0,0,0
2011,GEO,RUS,GEO,RUS,38658.04,14434620.416,1904792961.024,4483.35,142956.467,1441,0,1,1,0,0,0,0,0,0
2012,GEO,RUS,GEO,RUS,97961.043,15846474.752,2017470971.904,4490.7,143177.994,1441,0,1,1,1,0,0,1,0,0
2013,GEO,RUS,GEO,RUS,221147.317,16140047.36,2096777003.008,4476.9000000000005,143499.863,1441,0,1,1,1,0,0,1,0,0
2014,GEO,RUS,GEO,RUS,335813.244,16509305.856,2063662317.568,3727,143819.672,1441,0,1,1,1,0,0,1,0,0
2015,GEO,RUS,GEO,RUS,216770.037,13993546.752,1365865267.2,3717.1,144096.863,1445,0,1,1,1,0,0,1,0,0
2016,GEO,RUS,GEO,RUS,206656.563,14332879.872,1283162374.144,3719.3,144342.392,1445,0,1,1,1,0,0,1,0,0
2017,GEO,RUS,GEO,RUS,397853.595,16242916.916,1574199387.071,3728.004,144496.73500000002,1445,0,1,1,1,0,0,1,0,0
2018,GEO,RUS,GEO,RUS,437749.273,17596922.47,1657329646.184,3726.549,144477.859,1445,0,1,1,1,0,0,1,0,0
2019,GEO,RUS,GEO,RUS,496974.448,17470436.259,1693113904.263,3720.161,144406.265,1445,0,1,1,1,0,0,1,0,0
2020,GEO,RUS,GEO,RUS,517267.873,15842922.533,1488321875.49,3722.716,144073.135,1450,0,1,1,1,0,0,1,0,0
1996,GEO,TJK,GEO,TJK,485.76,3094915.5840000003,1043893.056,4616.1,5862.347,2064,0,0,0,0,0,0,0,0,0
1997,GEO,TJK,GEO,TJK,669.211,3510540.8000000003,921843.136,4531.6,5937.177,2064,0,0,0,0,0,0,0,0,0
1998,GEO,TJK,GEO,TJK,521.023,3613500.16,1320126.72,4487.3,6012.933,2064,0,0,0,0,0,0,0,0,0
1999,GEO,TJK,GEO,TJK,1055.029,2800024.32,1086567.424,4452.5,6094.661,2064,0,0,0,0,0,0,0,0,0
2000,GEO,TJK,GEO,TJK,112.824,3057453.568,860550.272,4418.3,6186.152,2064,0,0,1,0,0,0,0,0,0
2001,GEO,TJK,GEO,TJK,323.504,3219487.744,1080774.016,4386.4000000000005,6289.34,2064,0,0,1,0,0,0,0,0,0
2002,GEO,TJK,GEO,TJK,521.775,3395778.56,1221113.856,4357,6404.118,2064,0,0,1,0,0,0,0,0,0
2003,GEO,TJK,GEO,TJK,553.551,3991374.592,1554125.568,4328.9,6529.609,2064,0,0,1,0,0,0,0,0,0
2004,GEO,TJK,GEO,TJK,1057.833,5125274.112,2076148.736,4318.3,6663.929,2064,0,0,1,0,0,0,0,0,0
2005,GEO,TJK,GEO,TJK,2670.468,6411147.264,2312319.488,4361.4,6805.655,2064,0,0,1,0,0,0,0,0,0
2006,GEO,TJK,GEO,TJK,2585.769,7761900.032000001,2830236.16,4398,6954.522,2064,0,0,1,0,0,0,0,0,0
2007,GEO,TJK,GEO,TJK,4263.793,10172260.352,3719497.472,4388.4000000000005,7111.0250000000005,2064,0,0,1,0,0,0,0,0,0
2008,GEO,TJK,GEO,TJK,1816.903,12799337.472,5161336.32,4383.8,7275.252,2064,0,0,1,0,0,0,0,0,0
2009,GEO,TJK,GEO,TJK,1331.06,10766836.736,4979482.112,4410.9000000000005,7447.396,2064,0,0,1,0,0,0,0,0,0
2010,GEO,TJK,GEO,TJK,2852.378,11638537.216,5642178.5600000005,4452.8,7627.326,2064,0,0,1,0,0,0,0,0,0
2011,GEO,TJK,GEO,TJK,4465.852,14434620.416,6522732.032000001,4483.35,7814.85,2064,0,0,1,0,0,0,0,0,0
2012,GEO,TJK,GEO,TJK,4838.147,15846474.752,7633049.600000001,4490.7,8008.99,2064,0,0,1,0,0,0,0,0,0
2013,GEO,TJK,GEO,TJK,7933.225,16140047.36,8508103.68,4476.9000000000005,8207.834,2064,0,0,1,1,0,0,1,0,0
2014,GEO,TJK,GEO,TJK,10769.445,16509305.856,9236308.992,3727,8362.745,2064,0,0,1,1,0,0,1,0,0
2015,GEO,TJK,GEO,TJK,4356.277,13993546.752,7853450.24,3717.1,8548.651,2064,0,0,1,1,0,0,1,0,0
2016,GEO,TJK,GEO,TJK,5869.635,14332879.872,6951656.96,3719.3,8734.951000000001,2064,0,0,1,1,0,0,1,0,0
2017,GEO,TJK,GEO,TJK,3390.873,16242916.916,7536439.875,3728.004,8880.27,2064,0,0,1,1,0,0,1,0,0
2018,GEO,TJK,GEO,TJK,6703.485000000001,17596922.47,7765014.424000001,3726.549,9100.847,2064,0,0,1,1,0,0,1,0,0
2019,GEO,TJK,GEO,TJK,9173.171,17470436.259,8300784.857,3720.161,9321.023,2064,0,0,1,1,0,0,1,0,0
2020,GEO,TJK,GEO,TJK,10887.425,15842922.533,8133996.648,3722.716,9537.642,2064,0,0,1,1,0,0,1,0,0
1996,GEO,TKM,GEO,TKM,13431.586,3094915.5840000003,2379281.664,4616.1,4267.6900000000005,1231,0,0,0,0,0,0,0,0,0
1997,GEO,TKM,GEO,TKM,9026.136,3510540.8000000003,2450084.864,4531.6,4335.991,1231,0,0,0,0,0,0,0,0,0
1998,GEO,TKM,GEO,TKM,13063.465,3613500.16,2605688.064,4487.3,4395.293,1231,0,0,0,0,0,0,0,0,0
1999,GEO,TKM,GEO,TKM,33925.809,2800024.32,2450686.72,4452.5,4449.427,1231,0,0,0,0,0,0,0,0,0
2000,GEO,TKM,GEO,TKM,10615.15,3057453.568,2904662.528,4418.3,4501.419,1231,0,0,1,0,0,0,0,0,0
2001,GEO,TKM,GEO,TKM,28877.948,3219487.744,3534771.968,4386.4000000000005,4551.762,1231,0,0,1,0,0,0,0,0,0
2002,GEO,TKM,GEO,TKM,36733.806,3395778.56,4462028.8,4357,4600.171,1231,0,0,1,0,0,0,0,0,0
2003,GEO,TKM,GEO,TKM,54906.089,3991374.592,5977440.768,4328.9,4648.037,1231,0,0,1,0,0,0,0,0,0
2004,GEO,TKM,GEO,TKM,113441.809,5125274.112,6838350.848,4318.3,4696.876,1231,0,0,1,0,0,0,0,0,0
2005,GEO,TKM,GEO,TKM,75827.619,6411147.264,8104355.84,4361.4,4747.839,1231,0,0,1,0,0,0,0,0,0
2006,GEO,TKM,GEO,TKM,71807.659,7761900.032000001,10277598.208,4398,4801.595,1231,0,0,1,0,0,0,0,0,0
2007,GEO,TKM,GEO,TKM,26280.625,10172260.352,12664165.376,4388.4000000000005,4858.236,1231,0,0,1,0,0,0,0,0,0
2008,GEO,TKM,GEO,TKM,6334.0650000000005,12799337.472,19271522.304,4383.8,4917.543,1231,0,0,1,0,0,0,0,0,0
2009,GEO,TKM,GEO,TKM,10668.608,10766836.736,20214386.688,4410.9000000000005,4978.962,1231,0,0,1,0,0,0,0,0,0
2010,GEO,TKM,GEO,TKM,12634.21,11638537.216,22148069.376,4452.8,5041.995,1231,0,0,1,0,0,0,0,0,0
2011,GEO,TKM,GEO,TKM,5460.359,14434620.416,29233334.272,4483.35,5106.668,1231,0,0,1,0,0,0,0,0,0
2012,GEO,TKM,GEO,TKM,7963.593,15846474.752,35164209.152,4490.7,5172.9310000000005,1231,0,0,1,0,0,0,0,0,0
2013,GEO,TKM,GEO,TKM,14132.586,16140047.36,41850875.904,4476.9000000000005,5240.072,1231,0,0,1,0,0,0,0,0,0
2014,GEO,TKM,GEO,TKM,14333.994,16509305.856,43524210.688,3727,5466.241,1231,0,0,1,0,0,0,0,0,0
2015,GEO,TKM,GEO,TKM,16039.38,13993546.752,35799629.824,3717.1,5565.284000000001,1231,0,0,1,0,0,0,0,0,0
2016,GEO,TKM,GEO,TKM,10269.577,14332879.872,36179886.08,3719.3,5662.544,1231,0,0,1,0,0,0,0,0,0
2017,GEO,TKM,GEO,TKM,21576.413,16242916.916,37926285.714,3728.004,5757.667,1231,0,0,1,0,0,0,0,0,0
2018,GEO,TKM,GEO,TKM,39120.281,17596922.47,40765428.571,3726.549,5850.902,1231,0,0,1,0,0,0,0,0,0
2019,GEO,TKM,GEO,TKM,59283.483,17470436.259,45231428.571,3720.161,5942.094,1231,0,0,1,0,0,0,0,0,0
1996,GEO,UKR,GEO,UKR,5421.7880000000005,3094915.5840000003,44558077.952,4616.1,51057.19,1143,0,0,0,0,0,0,0,0,0
1997,GEO,UKR,GEO,UKR,8412.444,3510540.8000000003,50150400,4531.6,50594.105,1143,0,0,0,0,0,0,0,0,0
1998,GEO,UKR,GEO,UKR,8433.334,3613500.16,41883242.496,4487.3,50143.94,1143,0,0,0,0,0,0,0,0,0
1999,GEO,UKR,GEO,UKR,10901.207,2800024.32,31580639.232,4452.5,49673.351,1143,0,0,0,0,0,0,0,0,0
2000,GEO,UKR,GEO,UKR,10598.764,3057453.568,31261528.064,4418.3,49175.846,1145,0,0,1,0,0,0,0,0,0
2001,GEO,UKR,GEO,UKR,11491.949,3219487.744,38009344,4386.4000000000005,48683.865,1145,0,0,1,0,0,0,0,0,0
2002,GEO,UKR,GEO,UKR,15835.15,3395778.56,42392895.488,4357,48202.499,1145,0,0,1,0,0,0,0,0,0
2003,GEO,UKR,GEO,UKR,40135.57,3991374.592,50132955.136,4328.9,47812.95,1145,0,0,1,0,0,0,0,0,0
2004,GEO,UKR,GEO,UKR,18508.88,5125274.112,64883060.736,4318.3,47451.599,1145,0,0,1,0,0,0,0,0,0
2005,GEO,UKR,GEO,UKR,40999.524,6411147.264,86142017.536,4361.4,47105.148,1149,0,0,1,0,0,0,0,0,0
2006,GEO,UKR,GEO,UKR,72358.424,7761900.032000001,107753070.592,4398,46787.75,1149,0,0,1,0,0,0,0,0,0
2007,GEO,UKR,GEO,UKR,100151.974,10172260.352,142719008.768,4388.4000000000005,46509.35,1149,0,0,1,0,0,0,0,0,0
2008,GEO,UKR,GEO,UKR,191579.115,12799337.472,179992412.16,4383.8,46258.202,1149,0,0,1,1,0,0,1,0,0
2009,GEO,UKR,GEO,UKR,97807.282,10766836.736,117227765.76,4410.9000000000005,46053.299,1149,0,0,1,1,0,0,1,0,0
2010,GEO,UKR,GEO,UKR,136068.066,11638537.216,136419303.424,4452.8,45870.701,1154,0,0,1,1,0,0,1,0,0
2011,GEO,UKR,GEO,UKR,144373.671,14434620.416,163421732.864,4483.35,45706.1,1154,0,0,1,1,0,0,1,0,0
2012,GEO,UKR,GEO,UKR,177244.018,15846474.752,176603430.912,4490.7,45593.3,1154,0,0,1,1,0,0,1,0,0
2013,GEO,UKR,GEO,UKR,217909.27,16140047.36,177430609.92000002,4476.9000000000005,45489.601,1154,0,0,1,1,0,0,1,0,0
2014,GEO,UKR,GEO,UKR,153664.35,16509305.856,133503410.176,3727,45271.946,1154,0,0,1,1,0,0,1,0,0
2015,GEO,UKR,GEO,UKR,61757.366,13993546.752,91030962.176,3717.1,45154.03,1158,0,0,1,1,0,0,1,0,0
2016,GEO,UKR,GEO,UKR,73649.397,14332879.872,93270482.944,3719.3,45004.646,1158,0,0,1,1,0,0,1,0,0
2017,GEO,UKR,GEO,UKR,127361.921,16242916.916,112090530.369,3728.004,44831.135,1158,0,0,1,1,0,0,1,0,0
2018,GEO,UKR,GEO,UKR,179520.14800000002,17596922.47,130891049.797,3726.549,44622.517,1158,0,0,1,1,0,0,1,0,0
2019,GEO,UKR,GEO,UKR,250923.605,17470436.259,153882982.016,3720.161,44386.204,1158,0,0,1,1,0,0,1,0,0
2020,GEO,UKR,GEO,UKR,217524.292,15842922.533,156617861.449,3722.716,44132.05,1162,0,0,1,1,0,0,1,0,0
1996,GEO,UZB,GEO,UZB,2856.746,3094915.5840000003,13948892.16,4616.1,23225,1980,0,0,0,0,0,0,0,0,0
1997,GEO,UZB,GEO,UZB,4755.936,3510540.8000000003,14744603.648,4531.6,23667,1980,0,0,0,0,0,0,0,0,0
1998,GEO,UZB,GEO,UZB,1627.47,3613500.16,14988971.008,4487.3,24051.001,1980,0,0,0,0,0,0,0,0,0
1999,GEO,UZB,GEO,UZB,1015.468,2800024.32,17078465.536000002,4452.5,24311.649,1980,0,0,0,0,0,0,0,0,0
2000,GEO,UZB,GEO,UZB,660.265,3057453.568,13760374.784,4418.3,24650.4,1977,0,0,1,0,0,0,0,0,0
2001,GEO,UZB,GEO,UZB,1144.624,3219487.744,11401351.168,4386.4000000000005,24964.451,1977,0,0,1,0,0,0,0,0,0
2002,GEO,UZB,GEO,UZB,2567.165,3395778.56,9687951.36,4357,25271.851,1977,0,0,1,0,0,0,0,0,0
2003,GEO,UZB,GEO,UZB,1136.934,3991374.592,10128112.64,4328.9,25567.65,1977,0,0,1,0,0,0,0,0,0
2004,GEO,UZB,GEO,UZB,2213.808,5125274.112,12030023.68,4318.3,25864.349,1977,0,0,1,0,0,0,0,0,0
2005,GEO,UZB,GEO,UZB,2142.171,6411147.264,14307510.272,4361.4,26167,1972,0,0,1,0,0,0,0,0,0
2006,GEO,UZB,GEO,UZB,2548.612,7761900.032000001,17030896.64,4398,26488.251,1972,0,0,1,0,0,0,0,0,0
2007,GEO,UZB,GEO,UZB,2735.561,10172260.352,22311393.28,4388.4000000000005,26868,1972,0,0,1,0,0,0,0,0,0
2008,GEO,UZB,GEO,UZB,5837.229,12799337.472,27934031.872,4383.8,27302.799,1972,0,0,1,0,0,0,0,0,0
2009,GEO,UZB,GEO,UZB,5806.25,10766836.736,32816828.416,4410.9000000000005,27767.401,1972,0,0,1,0,0,0,0,0,0
2010,GEO,UZB,GEO,UZB,8207.627,11638537.216,39332769.792,4452.8,28562.401,1966,0,0,1,0,0,0,0,0,0
2011,GEO,UZB,GEO,UZB,12760.091,14434620.416,45324320.768,4483.35,29339.399,1966,0,0,1,0,0,0,0,0,0
2012,GEO,UZB,GEO,UZB,16200.811,15846474.752,51183443.968,4490.7,29774.5,1966,0,0,1,0,0,0,0,0,0
2013,GEO,UZB,GEO,UZB,22708.372,16140047.36,56795656.192,4476.9000000000005,30241.1,1966,0,0,1,0,0,0,0,0,0
2014,GEO,UZB,GEO,UZB,54826.157,16509305.856,63067078.656,3727,30757.7,1966,0,0,1,0,0,0,0,0,0
2015,GEO,UZB,GEO,UZB,96214.882,13993546.752,66903805.952,3717.1,31298.901,1961,0,0,1,0,0,0,0,0,0
2016,GEO,UZB,GEO,UZB,69758.50600000001,14332879.872,67220336.64,3719.3,31848.2,1961,0,0,1,0,0,0,0,0,0
2017,GEO,UZB,GEO,UZB,64155.548,16242916.916,62081323.299,3728.004,32388.599,1961,0,0,1,0,0,0,0,0,0
2018,GEO,UZB,GEO,UZB,80488.80500000001,17596922.47,52633143.808,3726.549,32956.1,1961,0,0,1,0,0,0,0,0,0
2019,GEO,UZB,GEO,UZB,92701.117,17470436.259,59907674.027,3720.161,33580.349,1961,0,0,1,0,0,0,0,0,0
2020,GEO,UZB,GEO,UZB,73223.589,15842922.533,59894305.353,3722.716,34232.052,1956,0,0,1,0,0,0,0,0,0
1995,KAZ,ARM,KAZ,ARM,182.594,20374306.816,1468317.312,15815.626,3223.173,2455,0,0,0,0,0,0,0,0,0
1996,KAZ,ARM,KAZ,ARM,82.194,21035358.208,1596968.96,15577.894,3173.425,2455,0,0,0,0,0,0,0,0,0
1997,KAZ,ARM,KAZ,ARM,1869.09,22165932.032,1639492.48,15333.703,3137.652,2455,0,0,0,0,0,0,0,0,0
1998,KAZ,ARM,KAZ,ARM,778.899,22135244.8,1893726.464,15071.3,3112.958,2455,0,0,0,0,0,0,0,0,0
1999,KAZ,ARM,KAZ,ARM,7067.867,16870816.768,1845482.24,14928.426,3093.82,2455,0,0,0,0,0,0,0,0,0
2000,KAZ,ARM,KAZ,ARM,4116.7,18291990.528,1911563.648,14883.626,3076.098,2444,0,0,0,0,0,0,0,0,0
2001,KAZ,ARM,KAZ,ARM,2191.1,22152689.664,2118467.968,14858.335,3059.96,2444,0,0,0,0,0,0,0,0,0
2002,KAZ,ARM,KAZ,ARM,2027,24636598.272,2376335.104,14858.948,3047.002,2444,0,0,0,0,0,0,0,0,0
2003,KAZ,ARM,KAZ,ARM,5826.4000000000005,30833692.672,2807060.992,14909.018,3036.032,2444,0,0,0,1,0,0,0,0,0
2004,KAZ,ARM,KAZ,ARM,13572.103,43151646.72,3576615.168,15012.985,3025.652,2444,0,0,0,1,0,0,0,0,0
2005,KAZ,ARM,KAZ,ARM,43141.233,57123672.064,4900436.992000001,15147.029,3014.917,2425,0,0,0,1,0,0,0,0,0
2006,KAZ,ARM,KAZ,ARM,14644.607,81003864.064,6384457.728,15308.084,3002.911,2425,0,0,0,1,0,0,0,0,0
2007,KAZ,ARM,KAZ,ARM,240596.3,104849883.136,9206301.696,15484.192,2989.882,2425,0,0,0,1,0,0,0,0,0
2008,KAZ,ARM,KAZ,ARM,18483.417,133441609.728,11662041.088,15674,2977.4880000000003,2425,0,0,0,1,0,0,0,0,0
2009,KAZ,ARM,KAZ,ARM,3212.918,115308658.688,8647937.024,16092.701,2968.154,2425,0,0,0,1,0,0,0,0,0
2010,KAZ,ARM,KAZ,ARM,12743.188,148047347.712,9260286.976,16321.581,2963.496,2414,0,0,0,1,0,0,0,0,0
2011,KAZ,ARM,KAZ,ARM,25335.313,188048965.632,10142343.168,16556.601,2964.12,2414,0,0,0,1,0,0,0,0,0
2012,KAZ,ARM,KAZ,ARM,8893.694,203517198.336,9958217.728,16791.426,2969.081,2414,0,0,0,1,0,0,0,0,0
2013,KAZ,ARM,KAZ,ARM,805.071,231876280.32,10432169.984,17037.508,2976.5660000000003,2414,0,0,0,1,0,0,0,0,0
2014,KAZ,ARM,KAZ,ARM,550.734,221415571.456,11609512.96,17289.225,2906.2200000000003,2414,0,0,0,1,0,0,0,0,0
2015,KAZ,ARM,KAZ,ARM,716.416,184388435.968,10529182.72,17544.127,2916.9500000000003,2404,0,0,1,1,0,0,1,0,1
2016,KAZ,ARM,KAZ,ARM,676.032,133657083.904,10547331.072,17797.031,2924.8160000000003,2404,0,0,1,1,0,0,1,0,1
2017,KAZ,ARM,KAZ,ARM,5569.098,166805800.59600002,11527458.566,18037.777,2944.789,2404,0,0,1,1,0,0,1,0,1
2018,KAZ,ARM,KAZ,ARM,4926.683,179339994.859,12457941.907,18276.451,2951.741,2404,0,0,1,1,0,0,1,0,1
2019,KAZ,ARM,KAZ,ARM,9132.989,181667190.076,13619291.361,18513.674,2957.728,2404,0,0,1,1,0,0,1,0,1
2020,KAZ,ARM,KAZ,ARM,7336.696,171082379.533,12641209.802,18755.667,2963.234,2396,0,0,1,1,0,0,1,0,1
1995,KAZ,AZE,KAZ,AZE,23113.859,20374306.816,3052467.456,15815.626,7685,2077,0,1,0,0,0,0,0,0,0
1996,KAZ,AZE,KAZ,AZE,19258.033,21035358.208,3176749.568,15577.894,7763,2077,0,1,0,0,0,0,0,0,0
1997,KAZ,AZE,KAZ,AZE,29552.755,22165932.032,3962710.272,15333.703,7838.25,2077,0,1,0,0,0,0,0,0,0
1998,KAZ,AZE,KAZ,AZE,44434.603,22135244.8,4446396.416,15071.3,7913,2077,0,1,0,0,0,0,0,0,0
1999,KAZ,AZE,KAZ,AZE,30917.968,16870816.768,4581222.4,14928.426,7982.75,2077,0,1,0,0,0,0,0,0,0
2000,KAZ,AZE,KAZ,AZE,57575.471,18291990.528,5272616.96,14883.626,8048.6,2066,0,1,0,0,0,0,0,0,0
2001,KAZ,AZE,KAZ,AZE,99540.354,22152689.664,5707618.3040000005,14858.335,8111.2,2066,0,1,0,0,0,0,0,0,0
2002,KAZ,AZE,KAZ,AZE,149793.923,24636598.272,6236024.832,14858.948,8171.95,2066,0,1,0,0,0,0,0,0,0
2003,KAZ,AZE,KAZ,AZE,138707.776,30833692.672,7275766.272,14909.018,8234.1,2066,0,1,0,0,0,0,0,0,0
2004,KAZ,AZE,KAZ,AZE,287124.588,43151646.72,8680511.488,15012.985,8306.5,2066,0,1,0,0,0,0,0,0,0
2005,KAZ,AZE,KAZ,AZE,129066.87,57123672.064,13245421.568,15147.029,8391.85,2048,0,1,0,0,0,0,0,0,0
2006,KAZ,AZE,KAZ,AZE,226385.588,81003864.064,20982269.952,15308.084,8484.55,2048,0,1,0,0,0,0,0,0,0
2007,KAZ,AZE,KAZ,AZE,318848.647,104849883.136,33050343.424,15484.192,8581.3,2048,0,1,0,0,0,0,0,0,0
2008,KAZ,AZE,KAZ,AZE,208860.295,133441609.728,48852484.096,15674,8763.4,2048,0,1,0,0,0,0,0,0,0
2009,KAZ,AZE,KAZ,AZE,91513.95,115308658.688,44291489.792,16092.701,8947.243,2048,0,1,0,0,0,0,0,0,0
2010,KAZ,AZE,KAZ,AZE,342035.41000000003,148047347.712,52902703.104,16321.581,9054.332,2036,0,1,0,0,0,0,0,0,0
2011,KAZ,AZE,KAZ,AZE,237580.275,188048965.632,65951625.216,16556.601,9173.082,2036,0,1,0,0,0,0,0,0,0
2012,KAZ,AZE,KAZ,AZE,349079,203517198.336,68730904.576,16791.426,9295.784,2036,0,1,0,0,0,0,0,0,0
2013,KAZ,AZE,KAZ,AZE,364477.248,231876280.32,73560481.792,17037.508,9416.598,2036,0,1,0,0,0,0,0,0,0
2014,KAZ,AZE,KAZ,AZE,221056.099,221415571.456,75244167.168,17289.225,9535.079,2036,0,1,0,0,0,0,0,0,0
2015,KAZ,AZE,KAZ,AZE,109800.849,184388435.968,53074370.56,17544.127,9649.341,2026,0,1,1,0,0,0,0,0,0
2016,KAZ,AZE,KAZ,AZE,106471.127,133657083.904,37847715.84,17797.031,9762.274,2026,0,1,1,0,0,0,0,0,0
2017,KAZ,AZE,KAZ,AZE,107809.725,166805800.59600002,40865558.912,18037.777,9854.033,2026,0,1,1,0,0,0,0,0,0
2018,KAZ,AZE,KAZ,AZE,175078.79200000002,179339994.859,47112941.176,18276.451,9939.771,2026,0,1,1,0,0,0,0,0,0
2019,KAZ,AZE,KAZ,AZE,205241.712,181667190.076,48174235.294,18513.674,10024.283,2026,0,1,1,0,0,0,0,0,0
2020,KAZ,AZE,KAZ,AZE,116075.248,171082379.533,42693000,18755.667,10093.121,2016,0,1,1,0,0,0,0,0,0
1995,KAZ,BLR,KAZ,BLR,54155.034,20374306.816,13972637.696,15815.626,10194,3247,0,0,0,0,0,0,0,0,0
1996,KAZ,BLR,KAZ,BLR,46146.738,21035358.208,14756861.952,15577.894,10160,3247,0,0,0,0,0,0,0,0,0
1997,KAZ,BLR,KAZ,BLR,42959.654,22165932.032,14128412.672,15333.703,10117,3247,0,0,0,0,0,0,0,0,0
1998,KAZ,BLR,KAZ,BLR,35615.551,22135244.8,15222014.976,15071.3,10069,3247,0,0,0,0,0,0,0,0,0
1999,KAZ,BLR,KAZ,BLR,12490.872,16870816.768,12138485.76,14928.426,10035,3247,0,0,0,0,0,0,0,0,0
2000,KAZ,BLR,KAZ,BLR,44929.6,18291990.528,12736856.064,14883.626,10005,3244,0,0,0,0,0,0,0,0,0
2001,KAZ,BLR,KAZ,BLR,8359.5,22152689.664,12354820.096,14858.335,9928,3244,0,0,0,0,0,0,0,0,0
2002,KAZ,BLR,KAZ,BLR,14895.3,24636598.272,14594925.568,14858.948,9865,3244,0,0,0,0,0,0,0,0,0
2003,KAZ,BLR,KAZ,BLR,12999.2,30833692.672,17825435.648000002,14909.018,9797,3244,0,0,0,0,0,0,0,0,0
2004,KAZ,BLR,KAZ,BLR,23524,43151646.72,23141586.944,15012.985,9730,3244,0,0,0,0,0,0,0,0,0
2005,KAZ,BLR,KAZ,BLR,31070.3,57123672.064,30210091.008,15147.029,9663,3223,0,0,0,0,0,0,0,0,0
2006,KAZ,BLR,KAZ,BLR,73255.7,81003864.064,36961918.976,15308.084,9604,3223,0,0,0,0,0,0,0,0,0
2007,KAZ,BLR,KAZ,BLR,151737.2,104849883.136,45275713.536,15484.192,9560,3223,0,0,0,0,0,0,0,0,0
2008,KAZ,BLR,KAZ,BLR,171779.9,133441609.728,60763484.16,15674,9528,3223,0,0,0,0,0,0,0,0,0
2009,KAZ,BLR,KAZ,BLR,74863.3,115308658.688,49208655.872,16092.701,9507,3223,0,0,0,0,0,0,0,0,0
2010,KAZ,BLR,KAZ,BLR,405811.3,148047347.712,55220932.608,16321.581,9490,3214,0,0,0,0,0,0,0,0,0
2011,KAZ,BLR,KAZ,BLR,136797.9,188048965.632,59734593.536,16556.601,9473,3214,0,0,0,0,0,0,0,0,0
2012,KAZ,BLR,KAZ,BLR,119023.9,203517198.336,63615447.04,16791.426,9464,3214,0,0,0,0,0,0,0,0,0
2013,KAZ,BLR,KAZ,BLR,77667.6,231876280.32,71709515.77600001,17037.508,9466,3214,0,0,0,0,0,0,0,0,0
2014,KAZ,BLR,KAZ,BLR,82476.6,221415571.456,78813052.928,17289.225,9474.511,3214,0,0,0,0,0,0,0,0,0
2015,KAZ,BLR,KAZ,BLR,53433.626,184388435.968,56454774.784,17544.127,9489.616,3212,0,0,1,0,0,0,0,0,1
2016,KAZ,BLR,KAZ,BLR,55324.1,133657083.904,47433441.28,17797.031,9507.12,3212,0,0,1,0,0,0,0,0,1
2017,KAZ,BLR,KAZ,BLR,101214.773,166805800.59600002,54726595.249,18037.777,9458.989,3212,0,0,1,0,0,0,0,0,1
2018,KAZ,BLR,KAZ,BLR,112068.8,179339994.859,60031262.269,18276.451,9438.785,3212,0,0,1,0,0,0,0,0,1
2019,KAZ,BLR,KAZ,BLR,154759.1,181667190.076,64409647.194,18513.674,9419.758,3212,0,0,1,0,0,0,0,0,1
2020,KAZ,BLR,KAZ,BLR,98633.4,171082379.533,61489588.895,18755.667,9379.952,3209,0,0,1,0,0,0,0,0,1
1995,KAZ,EST,KAZ,EST,15767.596,20374306.816,4362191.36,15815.626,1436.634,3432,0,0,0,0,0,0,0,0,0
1996,KAZ,EST,KAZ,EST,14303.689,21035358.208,4739181.568,15577.894,1415.594,3432,0,0,0,0,0,0,0,0,0
1997,KAZ,EST,KAZ,EST,42741.588,22165932.032,5059146.752,15333.703,1399.535,3432,0,0,0,0,0,0,0,0,0
1998,KAZ,EST,KAZ,EST,121209.593,22135244.8,5608007.1680000005,15071.3,1386.156,3432,0,0,0,0,0,0,0,0,0
1999,KAZ,EST,KAZ,EST,109276.489,16870816.768,5715278.848,14928.426,1380.62,3432,0,0,0,1,0,0,0,0,0
2000,KAZ,EST,KAZ,EST,21555.008,18291990.528,5685561.3440000005,14883.626,1396.985,3428,0,0,0,1,0,0,0,0,0
2001,KAZ,EST,KAZ,EST,19034.284,22152689.664,6233506.3040000005,14858.335,1388.115,3428,0,0,0,1,0,0,0,0,0
2002,KAZ,EST,KAZ,EST,24216.819,24636598.272,7308609.024,14858.948,1379.35,3428,0,0,0,1,0,0,0,0,0
2003,KAZ,EST,KAZ,EST,26734.778,30833692.672,9822143.488,14909.018,1370.72,3428,0,0,0,1,0,0,0,0,0
2004,KAZ,EST,KAZ,EST,43801.157,43151646.72,12057639.936,15012.985,1362.55,3428,0,0,0,1,0,0,0,0,0
2005,KAZ,EST,KAZ,EST,128515.93,57123672.064,14003096.576,15147.029,1354.775,3407,0,0,0,1,0,0,0,0,0
2006,KAZ,EST,KAZ,EST,133748.651,81003864.064,16958045.184,15308.084,1346.81,3407,0,0,0,1,0,0,0,0,0
2007,KAZ,EST,KAZ,EST,138456.64,104849883.136,22228670.464,15484.192,1340.68,3407,0,0,0,1,0,0,0,0,0
2008,KAZ,EST,KAZ,EST,170798.975,133441609.728,24185794.56,15674,1337.09,3407,0,0,0,1,0,0,0,0,0
2009,KAZ,EST,KAZ,EST,110655.948,115308658.688,19640621.056,16092.701,1334.515,3407,0,0,0,1,0,0,0,0,0
2010,KAZ,EST,KAZ,EST,157042.15,148047347.712,19479013.376,16321.581,1331.475,3397,0,0,0,1,0,0,0,0,0
2011,KAZ,EST,KAZ,EST,188968.881,188048965.632,22803433.472,16556.601,1327.439,3397,0,0,0,1,0,0,0,0,0
2012,KAZ,EST,KAZ,EST,142744.429,203517198.336,22660753.408,16791.426,1325.016,3397,0,0,0,1,0,0,0,0,0
2013,KAZ,EST,KAZ,EST,70303.533,231876280.32,24880265.216,17037.508,1324.612,3397,0,0,0,1,0,0,0,0,0
2014,KAZ,EST,KAZ,EST,98087.543,221415571.456,26213941.248,17289.225,1314.545,3397,0,0,0,1,0,0,0,0,0
2015,KAZ,EST,KAZ,EST,61052.403,184388435.968,22460471.296,17544.127,1315.407,3396,0,0,1,1,0,0,1,0,0
2016,KAZ,EST,KAZ,EST,48042.316,133657083.904,23136741.376,17797.031,1316.481,3396,0,0,1,1,0,0,1,0,0
2017,KAZ,EST,KAZ,EST,59551.835,166805800.59600002,26924385.103,18037.777,1317.384,3396,0,0,1,1,0,0,1,0,0
2018,KAZ,EST,KAZ,EST,62053.833,179339994.859,30489500.905,18276.451,1321.977,3396,0,0,1,1,0,0,1,0,0
2019,KAZ,EST,KAZ,EST,48155.257,181667190.076,31045591.753,18513.674,1326.855,3396,0,0,1,1,0,0,1,0,0
2020,KAZ,EST,KAZ,EST,28729.687,171082379.533,30650285.472,18755.667,1329.479,3393,0,0,1,1,0,0,1,0,0
1995,KAZ,GEO,KAZ,GEO,255.489,20374306.816,2693731.84,15815.626,4734,2349,0,0,0,0,0,0,0,0,0
1996,KAZ,GEO,KAZ,GEO,10105.19,21035358.208,3094915.5840000003,15577.894,4616.1,2349,0,0,0,0,0,0,0,0,0
1997,KAZ,GEO,KAZ,GEO,2757.547,22165932.032,3510540.8000000003,15333.703,4531.6,2349,0,0,0,0,0,0,0,0,0
1998,KAZ,GEO,KAZ,GEO,7009.683,22135244.8,3613500.16,15071.3,4487.3,2349,0,0,0,0,0,0,0,0,0
1999,KAZ,GEO,KAZ,GEO,3243.195,16870816.768,2800024.32,14928.426,4452.5,2349,0,0,0,0,0,0,0,0,0
2000,KAZ,GEO,KAZ,GEO,9731.383,18291990.528,3057453.568,14883.626,4418.3,2339,0,0,0,1,0,0,0,0,0
2001,KAZ,GEO,KAZ,GEO,5262.524,22152689.664,3219487.744,14858.335,4386.4000000000005,2339,0,0,0,1,0,0,0,0,0
2002,KAZ,GEO,KAZ,GEO,5282.95,24636598.272,3395778.56,14858.948,4357,2339,0,0,0,1,0,0,0,0,0
2003,KAZ,GEO,KAZ,GEO,12446.6,30833692.672,3991374.592,14909.018,4328.9,2339,0,0,0,1,0,0,0,0,0
2004,KAZ,GEO,KAZ,GEO,31851.307,43151646.72,5125274.112,15012.985,4318.3,2339,0,0,0,1,0,0,0,0,0
2005,KAZ,GEO,KAZ,GEO,52046.11,57123672.064,6411147.264,15147.029,4361.4,2319,0,0,0,1,0,0,0,0,0
2006,KAZ,GEO,KAZ,GEO,44422.394,81003864.064,7761900.032000001,15308.084,4398,2319,0,0,0,1,0,0,0,0,0
2007,KAZ,GEO,KAZ,GEO,63819.101,104849883.136,10172260.352,15484.192,4388.4000000000005,2319,0,0,0,1,0,0,0,0,0
2008,KAZ,GEO,KAZ,GEO,54722.087,133441609.728,12799337.472,15674,4383.8,2319,0,0,0,1,0,0,0,0,0
2009,KAZ,GEO,KAZ,GEO,23258.873,115308658.688,10766836.736,16092.701,4410.9000000000005,2319,0,0,0,1,0,0,0,0,0
2010,KAZ,GEO,KAZ,GEO,93805.25,148047347.712,11638537.216,16321.581,4452.8,2308,0,0,0,1,0,0,0,0,0
2011,KAZ,GEO,KAZ,GEO,85470.497,188048965.632,14434620.416,16556.601,4483.35,2308,0,0,0,1,0,0,0,0,0
2012,KAZ,GEO,KAZ,GEO,132411.789,203517198.336,15846474.752,16791.426,4490.7,2308,0,0,0,1,0,0,0,0,0
2013,KAZ,GEO,KAZ,GEO,63305.731,231876280.32,16140047.36,17037.508,4476.9000000000005,2308,0,0,0,1,0,0,0,0,0
2014,KAZ,GEO,KAZ,GEO,35196.667,221415571.456,16509305.856,17289.225,3727,2308,0,0,0,1,0,0,0,0,0
2015,KAZ,GEO,KAZ,GEO,23782.896,184388435.968,13993546.752,17544.127,3717.1,2299,0,0,1,1,0,0,1,0,0
2016,KAZ,GEO,KAZ,GEO,22337.086,133657083.904,14332879.872,17797.031,3719.3,2299,0,0,1,1,0,0,1,0,0
2017,KAZ,GEO,KAZ,GEO,38685.248,166805800.59600002,16242916.916,18037.777,3728.004,2299,0,0,1,1,0,0,1,0,0
2018,KAZ,GEO,KAZ,GEO,58906.246,179339994.859,17596922.47,18276.451,3726.549,2299,0,0,1,1,0,0,1,0,0
2019,KAZ,GEO,KAZ,GEO,29469.248,181667190.076,17470436.259,18513.674,3720.161,2299,0,0,1,1,0,0,1,0,0
2020,KAZ,GEO,KAZ,GEO,84401.894,171082379.533,15842922.533,18755.667,3722.716,2291,0,0,1,1,0,0,1,0,0
1995,KAZ,KGZ,KAZ,KGZ,112530.19,20374306.816,1661018.496,15815.626,4560.4000000000005,380,1,1,0,0,0,0,0,0,0
1996,KAZ,KGZ,KAZ,KGZ,139664.374,21035358.208,1827570.56,15577.894,4628.4000000000005,380,1,1,0,0,0,0,0,0,0
1997,KAZ,KGZ,KAZ,KGZ,66173.932,22165932.032,1767864.064,15333.703,4696.4000000000005,380,1,1,0,0,0,0,0,0,0
1998,KAZ,KGZ,KAZ,KGZ,77903.956,22135244.8,1645963.776,15071.3,4769,380,1,1,0,1,0,0,0,0,0
1999,KAZ,KGZ,KAZ,KGZ,72667.307,16870816.768,1249062.016,14928.426,4840.4000000000005,380,1,1,0,1,0,0,0,0,0
2000,KAZ,KGZ,KAZ,KGZ,57399.73,18291990.528,1369691.904,14883.626,4898.4000000000005,376,1,1,0,1,0,0,0,0,0
2001,KAZ,KGZ,KAZ,KGZ,83777.90000000001,22152689.664,1525113.472,14858.335,4945.1,376,1,1,0,1,0,0,0,0,0
2002,KAZ,KGZ,KAZ,KGZ,116608.627,24636598.272,1605640.576,14858.948,4990.7,376,1,1,0,1,0,0,0,0,0
2003,KAZ,KGZ,KAZ,KGZ,170929.24,30833692.672,1919012.736,14909.018,5043.3,376,1,1,0,1,0,0,0,0,0
2004,KAZ,KGZ,KAZ,KGZ,219551.466,43151646.72,2211535.36,15012.985,5104.7,376,1,1,0,1,0,0,0,0,0
2005,KAZ,KGZ,KAZ,KGZ,225274.614,57123672.064,2459876.096,15147.029,5162.6,379,1,1,0,1,0,0,0,0,0
2006,KAZ,KGZ,KAZ,KGZ,238271.261,81003864.064,2834168.832,15308.084,5218.4000000000005,379,1,1,0,1,0,0,0,0,0
2007,KAZ,KGZ,KAZ,KGZ,354542.51,104849883.136,3802566.144,15484.192,5268.4000000000005,379,1,1,0,1,0,0,0,0,0
2008,KAZ,KGZ,KAZ,KGZ,436809.746,133441609.728,5139957.76,15674,5318.7,379,1,1,0,1,0,0,0,0,0
2009,KAZ,KGZ,KAZ,KGZ,390495.583,115308658.688,4690062.336,16092.701,5383.3,379,1,1,0,1,0,0,0,0,0
2010,KAZ,KGZ,KAZ,KGZ,424253.756,148047347.712,4794357.76,16321.581,5447.9000000000005,382,1,1,0,1,0,0,0,0,0
2011,KAZ,KGZ,KAZ,KGZ,506609.576,188048965.632,6197766.144,16556.601,5514.6,382,1,1,0,1,0,0,0,0,0
2012,KAZ,KGZ,KAZ,KGZ,706245.9,203517198.336,6605139.968,16791.426,5607.2,382,1,1,0,1,0,0,0,0,0
2013,KAZ,KGZ,KAZ,KGZ,656029.9130000001,231876280.32,7226303.488,17037.508,5719.5,382,1,1,0,1,0,0,0,0,0
2014,KAZ,KGZ,KAZ,KGZ,679308.402,221415571.456,7468096.512,17289.225,5835.5,382,1,1,0,1,0,0,0,0,0
2015,KAZ,KGZ,KAZ,KGZ,660050.608,184388435.968,6678178.3040000005,17544.127,5956.9000000000005,380,1,1,1,1,0,0,1,0,1
2016,KAZ,KGZ,KAZ,KGZ,635379.125,133657083.904,6551287.808,17797.031,6082.7,380,1,1,1,1,0,0,1,0,1
2017,KAZ,KGZ,KAZ,KGZ,519623.72,166805800.59600002,7702934.8,18037.777,6198.2,380,1,1,1,1,0,0,1,0,1
2018,KAZ,KGZ,KAZ,KGZ,651671.612,179339994.859,8271108.638,18276.451,6322.8,380,1,1,1,1,0,0,1,0,1
2019,KAZ,KGZ,KAZ,KGZ,649033.373,181667190.076,8871026.074000001,18513.674,6456.2,380,1,1,1,1,0,0,1,0,1
2020,KAZ,KGZ,KAZ,KGZ,555879.922,171082379.533,7780874.537,18755.667,6579.9000000000005,380,1,1,1,1,0,0,1,0,1
1992,KAZ,LTU,KAZ,LTU,39424.653,24906940.416,8562311.168,16439.095,3700.114,3419,0,0,0,0,0,0,0,0,0
1994,KAZ,LTU,KAZ,LTU,16628.313000000002,21250838.528,6958637.056,16095.2,3657.144,3419,0,0,0,0,0,0,0,0,0
1995,KAZ,LTU,KAZ,LTU,121030.874,20374306.816,7904896,15815.626,3629.102,3420,0,0,0,0,0,0,0,0,0
1996,KAZ,LTU,KAZ,LTU,166581.968,21035358.208,8426599.936,15577.894,3601.6130000000003,3420,0,0,0,0,0,0,0,0,0
1997,KAZ,LTU,KAZ,LTU,45210.99,22165932.032,10128700.416,15333.703,3575.137,3420,0,0,0,0,0,0,0,0,0
1998,KAZ,LTU,KAZ,LTU,11173.348,22135244.8,11254049.792,15071.3,3549.331,3420,0,0,0,0,0,0,0,0,0
1999,KAZ,LTU,KAZ,LTU,87903.383,16870816.768,10971374.592,14928.426,3524.2380000000003,3420,0,0,0,0,0,0,0,0,0
2000,KAZ,LTU,KAZ,LTU,22576.27,18291990.528,11434200.064,14883.626,3499.536,3414,0,0,0,0,0,0,0,0,0
2001,KAZ,LTU,KAZ,LTU,9239.687,22152689.664,12159224.832,14858.335,3470.818,3414,0,0,0,1,0,0,0,0,0
2002,KAZ,LTU,KAZ,LTU,113111.772,24636598.272,14163949.568,14858.948,3443.067,3414,0,0,0,1,0,0,0,0,0
2003,KAZ,LTU,KAZ,LTU,5203.374,30833692.672,18608709.632,14909.018,3415.213,3414,0,0,0,1,0,0,0,0,0
2004,KAZ,LTU,KAZ,LTU,18800.85,43151646.72,22659295.232,15012.985,3377.0750000000003,3414,0,0,0,1,0,0,0,0,0
2005,KAZ,LTU,KAZ,LTU,69757.768,57123672.064,26085306.368,15147.029,3322.528,3392,0,0,0,1,0,0,0,0,0
2006,KAZ,LTU,KAZ,LTU,49815.216,81003864.064,30246361.088,15308.084,3269.909,3392,0,0,0,1,0,0,0,0,0
2007,KAZ,LTU,KAZ,LTU,83416.935,104849883.136,39325986.816,15484.192,3231.294,3392,0,0,0,1,0,0,0,0,0
2008,KAZ,LTU,KAZ,LTU,199663.238,133441609.728,47438364.672,15674,3198.231,3392,0,0,0,1,0,0,0,0,0
2009,KAZ,LTU,KAZ,LTU,122251.321,115308658.688,37050081.28,16092.701,3162.916,3392,0,0,0,1,0,0,0,0,0
2010,KAZ,LTU,KAZ,LTU,68367.89,148047347.712,36709511.168,16321.581,3097.282,3381,0,0,0,1,0,0,0,0,0
2011,KAZ,LTU,KAZ,LTU,168988.246,188048965.632,43083067.392,16556.601,3028.115,3381,0,0,0,1,0,0,0,0,0
2012,KAZ,LTU,KAZ,LTU,179555.4,203517198.336,42343559.168,16791.426,2987.773,3381,0,0,0,1,0,0,0,0,0
2013,KAZ,LTU,KAZ,LTU,200016.912,231876280.32,45931966.464,17037.508,2956.121,3381,0,0,0,1,0,0,0,0,0
2014,KAZ,LTU,KAZ,LTU,717321.831,221415571.456,48545251.328,17289.225,2932.367,3381,0,0,0,1,0,0,0,0,0
2015,KAZ,LTU,KAZ,LTU,317525.65,184388435.968,41402023.936,17544.127,2904.91,3378,0,0,1,1,0,0,1,0,0
2016,KAZ,LTU,KAZ,LTU,337354.192,133657083.904,42738876.416,17797.031,2872.298,3378,0,0,1,1,0,0,1,0,0
2017,KAZ,LTU,KAZ,LTU,1009777.498,166805800.59600002,47758736.932,18037.777,2828.403,3378,0,0,1,1,0,0,1,0,0
2018,KAZ,LTU,KAZ,LTU,975682.638,179339994.859,53750911.866,18276.451,2801.543,3378,0,0,1,1,0,0,1,0,0
2019,KAZ,LTU,KAZ,LTU,761402.707,181667190.076,54697379.017000005,18513.674,2794.137,3378,0,0,1,1,0,0,1,0,0
2020,KAZ,LTU,KAZ,LTU,684801.849,171082379.533,56546957.475,18755.667,2794.885,3374,0,0,1,1,0,0,1,0,0
1994,KAZ,LVA,KAZ,LVA,2715.337,21250838.528,5060854.784,16095.2,2520.742,3472,0,0,0,0,0,0,0,0,0
1995,KAZ,LVA,KAZ,LVA,33423.584,20374306.816,5235719.68,15815.626,2485.056,3474,0,0,0,0,0,0,0,0,0
1996,KAZ,LVA,KAZ,LVA,17668.683,21035358.208,5585292.8,15577.894,2457.222,3474,0,0,0,0,0,0,0,0,0
1997,KAZ,LVA,KAZ,LVA,20409.883,22165932.032,6133234.176,15333.703,2432.851,3474,0,0,0,0,0,0,0,0,0
1998,KAZ,LVA,KAZ,LVA,17287.988,22135244.8,6616957.44,15071.3,2410.019,3474,0,0,0,0,0,0,0,0,0
1999,KAZ,LVA,KAZ,LVA,24784.684,16870816.768,7288524.288,14928.426,2390.482,3474,0,0,0,1,0,0,0,0,0
2000,KAZ,LVA,KAZ,LVA,73535.6,18291990.528,7833068.544,14883.626,2367.55,3470,0,0,0,1,0,0,0,0,0
2001,KAZ,LVA,KAZ,LVA,44838.2,22152689.664,8313047.552,14858.335,2337.17,3470,0,0,0,1,0,0,0,0,0
2002,KAZ,LVA,KAZ,LVA,61846.6,24636598.272,9314784.256,14858.948,2310.173,3470,0,0,0,1,0,0,0,0,0
2003,KAZ,LVA,KAZ,LVA,76833.6,30833692.672,11186452.48,14909.018,2287.955,3470,0,0,0,1,0,0,0,0,0
2004,KAZ,LVA,KAZ,LVA,97844.698,43151646.72,13761569.792,15012.985,2263.122,3470,0,0,0,1,0,0,0,0,0
2005,KAZ,LVA,KAZ,LVA,126562.53,57123672.064,16041840.64,15147.029,2238.799,3448,0,0,0,1,0,0,0,0,0
2006,KAZ,LVA,KAZ,LVA,146846.09900000002,81003864.064,19935045.632,15308.084,2218.357,3448,0,0,0,1,0,0,0,0,0
2007,KAZ,LVA,KAZ,LVA,145270.948,104849883.136,28765687.808,15484.192,2200.3250000000003,3448,0,0,0,1,0,0,0,0,0
2008,KAZ,LVA,KAZ,LVA,237323.386,133441609.728,33669367.808,15674,2177.322,3448,0,0,0,1,0,0,0,0,0
2009,KAZ,LVA,KAZ,LVA,97218.309,115308658.688,25875781.632,16092.701,2141.669,3448,0,0,0,1,0,0,0,0,0
2010,KAZ,LVA,KAZ,LVA,135635.782,148047347.712,24009680.896,16321.581,2097.555,3438,0,0,0,1,0,0,0,0,0
2011,KAZ,LVA,KAZ,LVA,183005.511,188048965.632,28480337.92,16556.601,2059.709,3438,0,0,0,1,0,0,0,0,0
2012,KAZ,LVA,KAZ,LVA,289716.60000000003,203517198.336,28372578.304,16791.426,2034.319,3438,0,0,0,1,0,0,0,0,0
2013,KAZ,LVA,KAZ,LVA,357787.502,231876280.32,30956691.456,17037.508,2013.385,3438,0,0,0,1,0,0,0,0,0
2014,KAZ,LVA,KAZ,LVA,263398.933,221415571.456,31352250.368,17289.225,1993.782,3438,0,0,0,1,0,0,0,0,0
2015,KAZ,LVA,KAZ,LVA,121131.69,184388435.968,27026036.736,17544.127,1977.527,3435,0,0,1,1,0,0,1,0,0
2016,KAZ,LVA,KAZ,LVA,93505.709,133657083.904,27677390.848,17797.031,1960.424,3435,0,0,1,1,0,0,1,0,0
2017,KAZ,LVA,KAZ,LVA,74436.344,166805800.59600002,30483806.018,18037.777,1942.248,3435,0,0,1,1,0,0,1,0,0
2018,KAZ,LVA,KAZ,LVA,56467.2,179339994.859,34429023.435,18276.451,1927.174,3435,0,0,1,1,0,0,1,0,0
2019,KAZ,LVA,KAZ,LVA,48647.366,181667190.076,34308783.825,18513.674,1913.822,3435,0,0,1,1,0,0,1,0,0
2020,KAZ,LVA,KAZ,LVA,36164.212,171082379.533,33645460.617,18755.667,1900.449,3431,0,0,1,1,0,0,1,0,0
1994,KAZ,MDA,KAZ,MDA,3067.173,21250838.528,1702314.368,16095.2,3694,3348,0,0,0,0,0,0,0,0,0
1995,KAZ,MDA,KAZ,MDA,2494.276,20374306.816,1752995.328,15815.626,3675.099,3345,0,0,0,0,0,0,0,0,0
1996,KAZ,MDA,KAZ,MDA,3130.9880000000003,21035358.208,1695130.496,15577.894,3667.748,3345,0,0,0,0,0,0,0,0,0
1997,KAZ,MDA,KAZ,MDA,2776.096,22165932.032,1930071.424,15333.703,3654.208,3345,0,0,0,0,0,0,0,0,0
1998,KAZ,MDA,KAZ,MDA,2071.019,22135244.8,1639497.216,15071.3,3652.732,3345,0,0,0,0,0,0,0,0,0
1999,KAZ,MDA,KAZ,MDA,64.69800000000001,16870816.768,1170785.024,14928.426,3647.001,3345,0,0,0,0,0,0,0,0,0
2000,KAZ,MDA,KAZ,MDA,2797.503,18291990.528,1288420.224,14883.626,3639.592,3337,0,0,0,0,0,0,0,0,0
2001,KAZ,MDA,KAZ,MDA,3381.934,22152689.664,1480656.896,14858.335,3631.462,3337,0,0,0,1,0,0,0,0,0
2002,KAZ,MDA,KAZ,MDA,9578.068,24636598.272,1661818.112,14858.948,3623.062,3337,0,0,0,1,0,0,0,0,0
2003,KAZ,MDA,KAZ,MDA,48325.239,30833692.672,1980901.504,14909.018,3612.874,3337,0,0,0,1,0,0,0,0,0
2004,KAZ,MDA,KAZ,MDA,50261.362,43151646.72,2598231.552,15012.985,3603.945,3337,0,0,0,1,0,0,0,0,0
2005,KAZ,MDA,KAZ,MDA,66767.516,57123672.064,2988172.544,15147.029,3595.187,3314,0,0,0,1,0,0,0,0,0
2006,KAZ,MDA,KAZ,MDA,31207.651,81003864.064,3408454.144,15308.084,3585.2090000000003,3314,0,0,0,1,0,0,0,0,0
2007,KAZ,MDA,KAZ,MDA,94925.66,104849883.136,4402496,15484.192,3576.91,3314,0,0,0,1,0,0,0,0,0
2008,KAZ,MDA,KAZ,MDA,215843.279,133441609.728,6054806.016,15674,3570.108,3314,0,0,0,1,0,0,0,0,0
2009,KAZ,MDA,KAZ,MDA,168036.62900000002,115308658.688,5439421.9520000005,16092.701,3565.6040000000003,3314,0,0,0,1,0,0,0,0,0
2010,KAZ,MDA,KAZ,MDA,28470.68,148047347.712,5811603.968,16321.581,3562.045,3302,0,0,0,1,0,0,0,0,0
2011,KAZ,MDA,KAZ,MDA,38527.444,188048965.632,7016162.816000001,16556.601,3559.986,3302,0,0,0,1,0,0,0,0,0
2012,KAZ,MDA,KAZ,MDA,47963.3,203517198.336,7284686.336,16791.426,3559.519,3302,0,0,0,1,0,0,0,0,0
2013,KAZ,MDA,KAZ,MDA,44738.311,231876280.32,7969618.944,17037.508,3559,3302,0,0,0,1,0,0,0,0,0
2014,KAZ,MDA,KAZ,MDA,47725.358,221415571.456,7983270.912,17289.225,3556.397,3302,0,0,0,1,0,0,0,0,0
2015,KAZ,MDA,KAZ,MDA,28848.507,184388435.968,6512899.584,17544.127,3554.108,3297,0,0,1,1,0,0,1,0,0
2016,KAZ,MDA,KAZ,MDA,18149.238,133657083.904,6749515.776000001,17797.031,3552,3297,0,0,1,1,0,0,1,0,0
2017,KAZ,MDA,KAZ,MDA,29039.927,166805800.59600002,9669741.744,18037.777,2755.158,3297,0,0,1,1,0,0,1,0,0
2018,KAZ,MDA,KAZ,MDA,35723.28,179339994.859,11457443.185,18276.451,2708.214,3297,0,0,1,1,0,0,1,0,0
2019,KAZ,MDA,KAZ,MDA,28931.47,181667190.076,11971345.003,18513.674,2664.974,3297,0,0,1,1,0,0,1,0,0
2020,KAZ,MDA,KAZ,MDA,62967.422,171082379.533,11859730.544,18755.667,2620.495,3291,0,0,1,1,0,0,1,0,0
1995,KAZ,RUS,KAZ,RUS,2361967.9760000003,20374306.816,395528503.296,15815.626,148141.006,1920,1,1,0,0,0,0,0,0,0
1996,KAZ,RUS,KAZ,RUS,2899667.878,21035358.208,391721385.984,15577.894,148160.126,1920,1,1,0,0,0,0,0,0,0
1997,KAZ,RUS,KAZ,RUS,2743425.261,22165932.032,404926529.536,15333.703,147915.375,1920,1,1,0,0,0,0,0,0,0
1998,KAZ,RUS,KAZ,RUS,1884997.956,22135244.8,270953119.744,15071.3,147670.776,1920,1,1,0,0,0,0,0,0,0
1999,KAZ,RUS,KAZ,RUS,1397504.054,16870816.768,195905765.376,14928.426,147214.783,1920,1,1,0,0,0,0,0,0,0
2000,KAZ,RUS,KAZ,RUS,2174915.137,18291990.528,259708502.016,14883.626,146596.863,1929,1,1,0,0,0,0,0,0,0
2001,KAZ,RUS,KAZ,RUS,1827071.654,22152689.664,306602672.128,14858.335,145976.471,1929,1,1,0,0,0,0,0,0,0
2002,KAZ,RUS,KAZ,RUS,1685092.633,24636598.272,345110446.08,14858.948,145408.035,1929,1,1,0,0,0,0,0,0,0
2003,KAZ,RUS,KAZ,RUS,2210046.211,30833692.672,430347780.096,14909.018,144667.465,1929,1,1,0,0,0,0,0,0,0
2004,KAZ,RUS,KAZ,RUS,3193237.109,43151646.72,591016689.664,15012.985,143821.213,1929,1,1,0,0,0,0,0,0,0
2005,KAZ,RUS,KAZ,RUS,3057261.256,57123672.064,764000927.744,15147.029,143113.892,1923,1,1,0,0,0,0,0,0,0
2006,KAZ,RUS,KAZ,RUS,3730036.513,81003864.064,989930520.576,15308.084,142487.259,1923,1,1,0,0,0,0,0,0,0
2007,KAZ,RUS,KAZ,RUS,4658919.347,104849883.136,1299705233.408,15484.192,142114.899,1923,1,1,0,0,0,0,0,0,0
2008,KAZ,RUS,KAZ,RUS,6227049.275,133441609.728,1660844376.064,15674,141956.40600000002,1923,1,1,0,0,0,0,0,0,0
2009,KAZ,RUS,KAZ,RUS,3546966.531,115308658.688,1222643679.232,16092.701,141909.241,1923,1,1,0,0,0,0,0,0,0
2010,KAZ,RUS,KAZ,RUS,4449350.966,148047347.712,1524916158.464,16321.581,142385.529,1924,1,1,0,0,0,0,0,0,0
2011,KAZ,RUS,KAZ,RUS,7514522,188048965.632,1904792961.024,16556.601,142956.467,1924,1,1,0,0,0,0,0,0,0
2012,KAZ,RUS,KAZ,RUS,9409150.993,203517198.336,2017470971.904,16791.426,143177.994,1924,1,1,0,1,0,0,0,0,0
2013,KAZ,RUS,KAZ,RUS,5875273.578,231876280.32,2096777003.008,17037.508,143499.863,1924,1,1,0,1,0,0,0,0,0
2014,KAZ,RUS,KAZ,RUS,7034900.0770000005,221415571.456,2063662317.568,17289.225,143819.672,1924,1,1,0,1,0,0,0,0,0
2015,KAZ,RUS,KAZ,RUS,4353141.71,184388435.968,1365865267.2,17544.127,144096.863,1930,1,1,1,1,0,0,1,0,1
2016,KAZ,RUS,KAZ,RUS,3696014.37,133657083.904,1283162374.144,17797.031,144342.392,1930,1,1,1,1,0,0,1,0,1
2017,KAZ,RUS,KAZ,RUS,5092987.903,166805800.59600002,1574199387.071,18037.777,144496.73500000002,1930,1,1,1,1,0,0,1,0,1
2018,KAZ,RUS,KAZ,RUS,5295131.36,179339994.859,1657329646.184,18276.451,144477.859,1930,1,1,1,1,0,0,1,0,1
2019,KAZ,RUS,KAZ,RUS,5709407.368,181667190.076,1693113904.263,18513.674,144406.265,1930,1,1,1,1,0,0,1,0,1
2020,KAZ,RUS,KAZ,RUS,5051732.613,171082379.533,1488321875.49,18755.667,144073.135,1935,1,1,1,1,0,0,1,0,1
1995,KAZ,TJK,KAZ,TJK,40445.041,20374306.816,1231523.072,15815.626,5784.33,912,0,0,0,0,0,0,0,0,0
1996,KAZ,TJK,KAZ,TJK,60725.243,21035358.208,1043893.056,15577.894,5862.347,912,0,0,0,0,0,0,0,0,0
1997,KAZ,TJK,KAZ,TJK,55003.757,22165932.032,921843.136,15333.703,5937.177,912,0,0,0,0,0,0,0,0,0
1998,KAZ,TJK,KAZ,TJK,42814.658,22135244.8,1320126.72,15071.3,6012.933,912,0,0,0,0,0,0,0,0,0
1999,KAZ,TJK,KAZ,TJK,43323.849,16870816.768,1086567.424,14928.426,6094.661,912,0,0,0,0,0,0,0,0,0
2000,KAZ,TJK,KAZ,TJK,82387,18291990.528,860550.272,14883.626,6186.152,900,0,0,0,0,0,0,0,0,0
2001,KAZ,TJK,KAZ,TJK,61198,22152689.664,1080774.016,14858.335,6289.34,900,0,0,0,0,0,0,0,0,0
2002,KAZ,TJK,KAZ,TJK,45740.3,24636598.272,1221113.856,14858.948,6404.118,900,0,0,0,0,0,0,0,0,0
2003,KAZ,TJK,KAZ,TJK,75736.40000000001,30833692.672,1554125.568,14909.018,6529.609,900,0,0,0,0,0,0,0,0,0
2004,KAZ,TJK,KAZ,TJK,136125.99,43151646.72,2076148.736,15012.985,6663.929,900,0,0,0,0,0,0,0,0,0
2005,KAZ,TJK,KAZ,TJK,150609.481,57123672.064,2312319.488,15147.029,6805.655,896,0,0,0,0,0,0,0,0,0
2006,KAZ,TJK,KAZ,TJK,157351.19,81003864.064,2830236.16,15308.084,6954.522,896,0,0,0,0,0,0,0,0,0
2007,KAZ,TJK,KAZ,TJK,278466.42,104849883.136,3719497.472,15484.192,7111.0250000000005,896,0,0,0,0,0,0,0,0,0
2008,KAZ,TJK,KAZ,TJK,268509.612,133441609.728,5161336.32,15674,7275.252,896,0,0,0,0,0,0,0,0,0
2009,KAZ,TJK,KAZ,TJK,240347.216,115308658.688,4979482.112,16092.701,7447.396,896,0,0,0,0,0,0,0,0,0
2010,KAZ,TJK,KAZ,TJK,259736.707,148047347.712,5642178.5600000005,16321.581,7627.326,890,0,0,0,0,0,0,0,0,0
2011,KAZ,TJK,KAZ,TJK,356778.29600000003,188048965.632,6522732.032000001,16556.601,7814.85,890,0,0,0,0,0,0,0,0,0
2012,KAZ,TJK,KAZ,TJK,535327.1,203517198.336,7633049.600000001,16791.426,8008.99,890,0,0,0,0,0,0,0,0,0
2013,KAZ,TJK,KAZ,TJK,496838.936,231876280.32,8508103.68,17037.508,8207.834,890,0,0,0,1,0,0,0,0,0
2014,KAZ,TJK,KAZ,TJK,518920.372,221415571.456,9236308.992,17289.225,8362.745,890,0,0,0,1,0,0,0,0,0
2015,KAZ,TJK,KAZ,TJK,418451.019,184388435.968,7853450.24,17544.127,8548.651,873,0,0,1,1,0,0,1,0,0
2016,KAZ,TJK,KAZ,TJK,481082.304,133657083.904,6951656.96,17797.031,8734.951000000001,873,0,0,1,1,0,0,1,0,0
2017,KAZ,TJK,KAZ,TJK,458240.182,166805800.59600002,7536439.875,18037.777,8880.27,873,0,0,1,1,0,0,1,0,0
2018,KAZ,TJK,KAZ,TJK,533897.22,179339994.859,7765014.424000001,18276.451,9100.847,873,0,0,1,1,0,0,1,0,0
2019,KAZ,TJK,KAZ,TJK,739334.529,181667190.076,8300784.857,18513.674,9321.023,873,0,0,1,1,0,0,1,0,0
2020,KAZ,TJK,KAZ,TJK,757570.794,171082379.533,8133996.648,18755.667,9537.642,858,0,0,1,1,0,0,1,0,0
1995,KAZ,TKM,KAZ,TKM,47463.33,20374306.816,2482228.48,15815.626,4188.01,1618,0,1,0,0,0,0,0,0,0
1996,KAZ,TKM,KAZ,TKM,38791.516,21035358.208,2379281.664,15577.894,4267.6900000000005,1618,0,1,0,0,0,0,0,0,0
1997,KAZ,TKM,KAZ,TKM,86858.151,22165932.032,2450084.864,15333.703,4335.991,1618,0,1,0,0,0,0,0,0,0
1998,KAZ,TKM,KAZ,TKM,28570.363,22135244.8,2605688.064,15071.3,4395.293,1618,0,1,0,0,0,0,0,0,0
1999,KAZ,TKM,KAZ,TKM,19001.504,16870816.768,2450686.72,14928.426,4449.427,1618,0,1,0,0,0,0,0,0,0
2000,KAZ,TKM,KAZ,TKM,19736.065,18291990.528,2904662.528,14883.626,4501.419,1606,0,1,0,0,0,0,0,0,0
2001,KAZ,TKM,KAZ,TKM,14178.3,22152689.664,3534771.968,14858.335,4551.762,1606,0,1,0,0,0,0,0,0,0
2002,KAZ,TKM,KAZ,TKM,15253.8,24636598.272,4462028.8,14858.948,4600.171,1606,0,1,0,0,0,0,0,0,0
2003,KAZ,TKM,KAZ,TKM,37169.2,30833692.672,5977440.768,14909.018,4648.037,1606,0,1,0,0,0,0,0,0,0
2004,KAZ,TKM,KAZ,TKM,26091.199,43151646.72,6838350.848,15012.985,4696.876,1606,0,1,0,0,0,0,0,0,0
2005,KAZ,TKM,KAZ,TKM,17331.731,57123672.064,8104355.84,15147.029,4747.839,1595,0,1,0,0,0,0,0,0,0
2006,KAZ,TKM,KAZ,TKM,20689.31,81003864.064,10277598.208,15308.084,4801.595,1595,0,1,0,0,0,0,0,0,0
2007,KAZ,TKM,KAZ,TKM,77863.123,104849883.136,12664165.376,15484.192,4858.236,1595,0,1,0,0,0,0,0,0,0
2008,KAZ,TKM,KAZ,TKM,217597.885,133441609.728,19271522.304,15674,4917.543,1595,0,1,0,0,0,0,0,0,0
2009,KAZ,TKM,KAZ,TKM,108949.39,115308658.688,20214386.688,16092.701,4978.962,1595,0,1,0,0,0,0,0,0,0
2010,KAZ,TKM,KAZ,TKM,91556.001,148047347.712,22148069.376,16321.581,5041.995,1587,0,1,0,0,0,0,0,0,0
2011,KAZ,TKM,KAZ,TKM,116251.417,188048965.632,29233334.272,16556.601,5106.668,1587,0,1,0,0,0,0,0,0,0
2012,KAZ,TKM,KAZ,TKM,165600.80000000002,203517198.336,35164209.152,16791.426,5172.9310000000005,1587,0,1,0,0,0,0,0,0,0
2013,KAZ,TKM,KAZ,TKM,177496.404,231876280.32,41850875.904,17037.508,5240.072,1587,0,1,0,0,0,0,0,0,0
2014,KAZ,TKM,KAZ,TKM,353798.907,221415571.456,43524210.688,17289.225,5466.241,1587,0,1,0,0,0,0,0,0,0
2015,KAZ,TKM,KAZ,TKM,114543.184,184388435.968,35799629.824,17544.127,5565.284000000001,1572,0,1,1,0,0,0,0,0,0
2016,KAZ,TKM,KAZ,TKM,69104.255,133657083.904,36179886.08,17797.031,5662.544,1572,0,1,1,0,0,0,0,0,0
2017,KAZ,TKM,KAZ,TKM,55442.268,166805800.59600002,37926285.714,18037.777,5757.667,1572,0,1,1,0,0,0,0,0,0
2018,KAZ,TKM,KAZ,TKM,86656.212,179339994.859,40765428.571,18276.451,5850.902,1572,0,1,1,0,0,0,0,0,0
2019,KAZ,TKM,KAZ,TKM,116159.394,181667190.076,45231428.571,18513.674,5942.094,1572,0,1,1,0,0,0,0,0,0
1995,KAZ,UKR,KAZ,UKR,121518.535,20374306.816,48213868.544,15815.626,51512.299,2943,0,0,0,0,0,0,0,0,0
1996,KAZ,UKR,KAZ,UKR,243574.589,21035358.208,44558077.952,15577.894,51057.19,2943,0,0,0,0,0,0,0,0,0
1997,KAZ,UKR,KAZ,UKR,403654.553,22165932.032,50150400,15333.703,50594.105,2943,0,0,0,0,0,0,0,0,0
1998,KAZ,UKR,KAZ,UKR,345674.814,22135244.8,41883242.496,15071.3,50143.94,2943,0,0,0,0,0,0,0,0,0
1999,KAZ,UKR,KAZ,UKR,164860.756,16870816.768,31580639.232,14928.426,49673.351,2943,0,0,0,0,0,0,0,0,0
2000,KAZ,UKR,KAZ,UKR,412618.72,18291990.528,31261528.064,14883.626,49175.846,2936,0,0,0,0,0,0,0,0,0
2001,KAZ,UKR,KAZ,UKR,666027.5700000001,22152689.664,38009344,14858.335,48683.865,2936,0,0,0,0,0,0,0,0,0
2002,KAZ,UKR,KAZ,UKR,382885.86,24636598.272,42392895.488,14858.948,48202.499,2936,0,0,0,0,0,0,0,0,0
2003,KAZ,UKR,KAZ,UKR,492757.87,30833692.672,50132955.136,14909.018,47812.95,2936,0,0,0,0,0,0,0,0,0
2004,KAZ,UKR,KAZ,UKR,394793.89,43151646.72,64883060.736,15012.985,47451.599,2936,0,0,0,0,0,0,0,0,0
2005,KAZ,UKR,KAZ,UKR,200378.001,57123672.064,86142017.536,15147.029,47105.148,2916,0,0,0,0,0,0,0,0,0
2006,KAZ,UKR,KAZ,UKR,965678.252,81003864.064,107753070.592,15308.084,46787.75,2916,0,0,0,0,0,0,0,0,0
2007,KAZ,UKR,KAZ,UKR,1686552.064,104849883.136,142719008.768,15484.192,46509.35,2916,0,0,0,0,0,0,0,0,0
2008,KAZ,UKR,KAZ,UKR,3118846.042,133441609.728,179992412.16,15674,46258.202,2916,0,0,0,1,0,0,0,0,0
2009,KAZ,UKR,KAZ,UKR,2033942.145,115308658.688,117227765.76,16092.701,46053.299,2916,0,0,0,1,0,0,0,0,0
2010,KAZ,UKR,KAZ,UKR,766218.292,148047347.712,136419303.424,16321.581,45870.701,2909,0,0,0,1,0,0,0,0,0
2011,KAZ,UKR,KAZ,UKR,2670502.527,188048965.632,163421732.864,16556.601,45706.1,2909,0,0,0,1,0,0,0,0,0
2012,KAZ,UKR,KAZ,UKR,2549007.8000000003,203517198.336,176603430.912,16791.426,45593.3,2909,0,0,0,1,0,0,0,0,0
2013,KAZ,UKR,KAZ,UKR,2041423.87,231876280.32,177430609.92000002,17037.508,45489.601,2909,0,0,0,1,0,0,0,0,0
2014,KAZ,UKR,KAZ,UKR,1672966.471,221415571.456,133503410.176,17289.225,45271.946,2909,0,0,0,1,0,0,0,0,0
2015,KAZ,UKR,KAZ,UKR,1173658.76,184388435.968,91030962.176,17544.127,45154.03,2909,0,0,1,1,0,0,1,0,0
2016,KAZ,UKR,KAZ,UKR,911192.591,133657083.904,93270482.944,17797.031,45004.646,2909,0,0,1,1,0,0,1,0,0
2017,KAZ,UKR,KAZ,UKR,1138146.712,166805800.59600002,112090530.369,18037.777,44831.135,2909,0,0,1,1,0,0,1,0,0
2018,KAZ,UKR,KAZ,UKR,1060492.169,179339994.859,130891049.797,18276.451,44622.517,2909,0,0,1,1,0,0,1,0,0
2019,KAZ,UKR,KAZ,UKR,962718.386,181667190.076,153882982.016,18513.674,44386.204,2909,0,0,1,1,0,0,1,0,0
2020,KAZ,UKR,KAZ,UKR,426054.545,171082379.533,156617861.449,18755.667,44132.05,2908,0,0,1,1,0,0,1,0,0
1995,KAZ,UZB,KAZ,UZB,153082.013,20374306.816,13350461.44,15815.626,22785,536,0,1,0,0,0,0,0,0,0
1996,KAZ,UZB,KAZ,UZB,201820.324,21035358.208,13948892.16,15577.894,23225,536,0,1,0,0,0,0,0,0,0
1997,KAZ,UZB,KAZ,UZB,148353.871,22165932.032,14744603.648,15333.703,23667,536,0,1,0,0,0,0,0,0,0
1998,KAZ,UZB,KAZ,UZB,118151.021,22135244.8,14988971.008,15071.3,24051.001,536,0,1,0,0,0,0,0,0,0
1999,KAZ,UZB,KAZ,UZB,65931.13,16870816.768,17078465.536000002,14928.426,24311.649,536,0,1,0,0,0,0,0,0,0
2000,KAZ,UZB,KAZ,UZB,133526.3,18291990.528,13760374.784,14883.626,24650.4,525,0,1,0,0,0,0,0,0,0
2001,KAZ,UZB,KAZ,UZB,150233.5,22152689.664,11401351.168,14858.335,24964.451,525,0,1,0,0,0,0,0,0,0
2002,KAZ,UZB,KAZ,UZB,101021.5,24636598.272,9687951.36,14858.948,25271.851,525,0,1,0,0,0,0,0,0,0
2003,KAZ,UZB,KAZ,UZB,137801.6,30833692.672,10128112.64,14909.018,25567.65,525,0,1,0,0,0,0,0,0,0
2004,KAZ,UZB,KAZ,UZB,201674.051,43151646.72,12030023.68,15012.985,25864.349,525,0,1,0,0,0,0,0,0,0
2005,KAZ,UZB,KAZ,UZB,242564.009,57123672.064,14307510.272,15147.029,26167,522,0,1,0,0,0,0,0,0,0
2006,KAZ,UZB,KAZ,UZB,384583.089,81003864.064,17030896.64,15308.084,26488.251,522,0,1,0,0,0,0,0,0,0
2007,KAZ,UZB,KAZ,UZB,871733.1020000001,104849883.136,22311393.28,15484.192,26868,522,0,1,0,0,0,0,0,0,0
2008,KAZ,UZB,KAZ,UZB,1272044.975,133441609.728,27934031.872,15674,27302.799,522,0,1,0,0,0,0,0,0,0
2009,KAZ,UZB,KAZ,UZB,891845.611,115308658.688,32816828.416,16092.701,27767.401,522,0,1,0,0,0,0,0,0,0
2010,KAZ,UZB,KAZ,UZB,1101225.227,148047347.712,39332769.792,16321.581,28562.401,516,0,1,0,0,0,0,0,0,0
2011,KAZ,UZB,KAZ,UZB,1179463.548,188048965.632,45324320.768,16556.601,29339.399,516,0,1,0,0,0,0,0,0,0
2012,KAZ,UZB,KAZ,UZB,1343720.6,203517198.336,51183443.968,16791.426,29774.5,516,0,1,0,0,0,0,0,0,0
2013,KAZ,UZB,KAZ,UZB,1145309.891,231876280.32,56795656.192,17037.508,30241.1,516,0,1,0,0,0,0,0,0,0
2014,KAZ,UZB,KAZ,UZB,1083947.488,221415571.456,63067078.656,17289.225,30757.7,516,0,1,0,0,0,0,0,0,0
2015,KAZ,UZB,KAZ,UZB,942266.757,184388435.968,66903805.952,17544.127,31298.901,501,0,1,1,0,0,0,0,0,0
2016,KAZ,UZB,KAZ,UZB,922531.653,133657083.904,67220336.64,17797.031,31848.2,501,0,1,1,0,0,0,0,0,0
2017,KAZ,UZB,KAZ,UZB,1249166.306,166805800.59600002,62081323.299,18037.777,32388.599,501,0,1,1,0,0,0,0,0,0
2018,KAZ,UZB,KAZ,UZB,1639663.682,179339994.859,52633143.808,18276.451,32956.1,501,0,1,1,0,0,0,0,0,0
2019,KAZ,UZB,KAZ,UZB,1981562.717,181667190.076,59907674.027,18513.674,33580.349,501,0,1,1,0,0,0,0,0,0
2020,KAZ,UZB,KAZ,UZB,2133302.2260000003,171082379.533,59894305.353,18755.667,34232.052,488,0,1,1,0,0,0,0,0,0
1995,KGZ,ARM,KGZ,ARM,38.2,1661018.496,1468317.312,4560.4000000000005,3223.173,2514,0,0,0,0,0,0,0,0,0
1997,KGZ,ARM,KGZ,ARM,7.217,1767864.064,1639492.48,4696.4000000000005,3137.652,2514,0,0,0,0,0,0,0,0,0
1998,KGZ,ARM,KGZ,ARM,1.08,1645963.776,1893726.464,4769,3112.958,2514,0,0,1,0,0,0,0,0,0
1999,KGZ,ARM,KGZ,ARM,60.057,1249062.016,1845482.24,4840.4000000000005,3093.82,2514,0,0,1,0,0,0,0,0,0
2000,KGZ,ARM,KGZ,ARM,912.77,1369691.904,1911563.648,4898.4000000000005,3076.098,2514,0,0,1,0,0,0,0,0,0
2001,KGZ,ARM,KGZ,ARM,62.462,1525113.472,2118467.968,4945.1,3059.96,2514,0,0,1,0,0,0,0,0,0
2002,KGZ,ARM,KGZ,ARM,56.838,1605640.576,2376335.104,4990.7,3047.002,2514,0,0,1,0,0,0,0,0,0
2003,KGZ,ARM,KGZ,ARM,8.552,1919012.736,2807060.992,5043.3,3036.032,2514,0,0,1,1,0,0,1,0,0
2004,KGZ,ARM,KGZ,ARM,856.5690000000001,2211535.36,3576615.168,5104.7,3025.652,2514,0,0,1,1,0,0,1,0,0
2005,KGZ,ARM,KGZ,ARM,963.956,2459876.096,4900436.992000001,5162.6,3014.917,2514,0,0,1,1,0,0,1,0,0
2006,KGZ,ARM,KGZ,ARM,13.737,2834168.832,6384457.728,5218.4000000000005,3002.911,2514,0,0,1,1,0,0,1,0,0
2007,KGZ,ARM,KGZ,ARM,2.859,3802566.144,9206301.696,5268.4000000000005,2989.882,2514,0,0,1,1,0,0,1,0,0
2008,KGZ,ARM,KGZ,ARM,583.823,5139957.76,11662041.088,5318.7,2977.4880000000003,2514,0,0,1,1,0,0,1,0,0
2009,KGZ,ARM,KGZ,ARM,372.33,4690062.336,8647937.024,5383.3,2968.154,2514,0,0,1,1,0,0,1,0,0
2010,KGZ,ARM,KGZ,ARM,2293.931,4794357.76,9260286.976,5447.9000000000005,2963.496,2514,0,0,1,1,0,0,1,0,0
2011,KGZ,ARM,KGZ,ARM,24.627,6197766.144,10142343.168,5514.6,2964.12,2514,0,0,1,1,0,0,1,0,0
2012,KGZ,ARM,KGZ,ARM,722.253,6605139.968,9958217.728,5607.2,2969.081,2514,0,0,1,1,0,0,1,0,0
2013,KGZ,ARM,KGZ,ARM,60.616,7226303.488,10432169.984,5719.5,2976.5660000000003,2514,0,0,1,1,0,0,1,0,0
2014,KGZ,ARM,KGZ,ARM,104.144,7468096.512,11609512.96,5835.5,2906.2200000000003,2514,0,0,1,1,0,0,1,0,0
2015,KGZ,ARM,KGZ,ARM,169.918,6678178.3040000005,10529182.72,5956.9000000000005,2916.9500000000003,2514,0,0,1,1,0,0,1,0,1
2016,KGZ,ARM,KGZ,ARM,81.455,6551287.808,10547331.072,6082.7,2924.8160000000003,2514,0,0,1,1,0,0,1,0,1
2017,KGZ,ARM,KGZ,ARM,145.352,7702934.8,11527458.566,6198.2,2944.789,2514,0,0,1,1,0,0,1,0,1
2018,KGZ,ARM,KGZ,ARM,299.636,8271108.638,12457941.907,6322.8,2951.741,2514,0,0,1,1,0,0,1,0,1
2019,KGZ,ARM,KGZ,ARM,2380.189,8871026.074000001,13619291.361,6456.2,2957.728,2514,0,0,1,1,0,0,1,0,1
2020,KGZ,ARM,KGZ,ARM,247.557,7780874.537,12641209.802,6579.9000000000005,2963.234,2514,0,0,1,1,0,0,1,0,1
1995,KGZ,AZE,KGZ,AZE,2132.791,1661018.496,3052467.456,4560.4000000000005,7685,2102,0,0,0,0,0,0,0,0,0
1996,KGZ,AZE,KGZ,AZE,3541.357,1827570.56,3176749.568,4628.4000000000005,7763,2102,0,0,0,0,0,0,0,0,0
1997,KGZ,AZE,KGZ,AZE,1397.677,1767864.064,3962710.272,4696.4000000000005,7838.25,2102,0,0,0,0,0,0,0,0,0
1998,KGZ,AZE,KGZ,AZE,2579.5170000000003,1645963.776,4446396.416,4769,7913,2102,0,0,1,0,0,0,0,0,0
1999,KGZ,AZE,KGZ,AZE,1990.466,1249062.016,4581222.4,4840.4000000000005,7982.75,2102,0,0,1,0,0,0,0,0,0
2000,KGZ,AZE,KGZ,AZE,3967.541,1369691.904,5272616.96,4898.4000000000005,8048.6,2102,0,0,1,0,0,0,0,0,0
2001,KGZ,AZE,KGZ,AZE,2088.807,1525113.472,5707618.3040000005,4945.1,8111.2,2102,0,0,1,0,0,0,0,0,0
2002,KGZ,AZE,KGZ,AZE,5555.254,1605640.576,6236024.832,4990.7,8171.95,2102,0,0,1,0,0,0,0,0,0
2003,KGZ,AZE,KGZ,AZE,2048.036,1919012.736,7275766.272,5043.3,8234.1,2102,0,0,1,0,0,0,0,0,0
2004,KGZ,AZE,KGZ,AZE,1770.297,2211535.36,8680511.488,5104.7,8306.5,2102,0,0,1,0,0,0,0,0,0
2005,KGZ,AZE,KGZ,AZE,1902.62,2459876.096,13245421.568,5162.6,8391.85,2102,0,0,1,0,0,0,0,0,0
2006,KGZ,AZE,KGZ,AZE,1891.207,2834168.832,20982269.952,5218.4000000000005,8484.55,2102,0,0,1,0,0,0,0,0,0
2007,KGZ,AZE,KGZ,AZE,2695.773,3802566.144,33050343.424,5268.4000000000005,8581.3,2102,0,0,1,0,0,0,0,0,0
2008,KGZ,AZE,KGZ,AZE,2640.329,5139957.76,48852484.096,5318.7,8763.4,2102,0,0,1,0,0,0,0,0,0
2009,KGZ,AZE,KGZ,AZE,1223.515,4690062.336,44291489.792,5383.3,8947.243,2102,0,0,1,0,0,0,0,0,0
2010,KGZ,AZE,KGZ,AZE,1578.658,4794357.76,52902703.104,5447.9000000000005,9054.332,2100,0,0,1,0,0,0,0,0,0
2011,KGZ,AZE,KGZ,AZE,1865.18,6197766.144,65951625.216,5514.6,9173.082,2100,0,0,1,0,0,0,0,0,0
2012,KGZ,AZE,KGZ,AZE,4905.667,6605139.968,68730904.576,5607.2,9295.784,2100,0,0,1,0,0,0,0,0,0
2013,KGZ,AZE,KGZ,AZE,4210.765,7226303.488,73560481.792,5719.5,9416.598,2100,0,0,1,0,0,0,0,0,0
2014,KGZ,AZE,KGZ,AZE,3739.847,7468096.512,75244167.168,5835.5,9535.079,2100,0,0,1,0,0,0,0,0,0
2015,KGZ,AZE,KGZ,AZE,3802.816,6678178.3040000005,53074370.56,5956.9000000000005,9649.341,2099,0,0,1,0,0,0,0,0,0
2016,KGZ,AZE,KGZ,AZE,1087.369,6551287.808,37847715.84,6082.7,9762.274,2099,0,0,1,0,0,0,0,0,0
2017,KGZ,AZE,KGZ,AZE,1156.841,7702934.8,40865558.912,6198.2,9854.033,2099,0,0,1,0,0,0,0,0,0
2018,KGZ,AZE,KGZ,AZE,2049.164,8271108.638,47112941.176,6322.8,9939.771,2099,0,0,1,0,0,0,0,0,0
2019,KGZ,AZE,KGZ,AZE,3965.702,8871026.074000001,48174235.294,6456.2,10024.283,2099,0,0,1,0,0,0,0,0,0
2020,KGZ,AZE,KGZ,AZE,5035.817,7780874.537,42693000,6579.9000000000005,10093.121,2099,0,0,1,0,0,0,0,0,0
1995,KGZ,BLR,KGZ,BLR,5033.878,1661018.496,13972637.696,4560.4000000000005,10194,3583,0,0,0,0,0,0,0,0,0
1996,KGZ,BLR,KGZ,BLR,5599.485,1827570.56,14756861.952,4628.4000000000005,10160,3583,0,0,0,0,0,0,0,0,0
1998,KGZ,BLR,KGZ,BLR,8865.289,1645963.776,15222014.976,4769,10069,3583,0,0,1,0,0,0,0,0,0
1999,KGZ,BLR,KGZ,BLR,11374.59,1249062.016,12138485.76,4840.4000000000005,10035,3583,0,0,1,0,0,0,0,0,0
2000,KGZ,BLR,KGZ,BLR,9399.1,1369691.904,12736856.064,4898.4000000000005,10005,3586,0,0,1,0,0,0,0,0,0
2001,KGZ,BLR,KGZ,BLR,6408.5,1525113.472,12354820.096,4945.1,9928,3586,0,0,1,0,0,0,0,0,0
2002,KGZ,BLR,KGZ,BLR,2816.1,1605640.576,14594925.568,4990.7,9865,3586,0,0,1,0,0,0,0,0,0
2003,KGZ,BLR,KGZ,BLR,3380,1919012.736,17825435.648000002,5043.3,9797,3586,0,0,1,0,0,0,0,0,0
2004,KGZ,BLR,KGZ,BLR,3270.7000000000003,2211535.36,23141586.944,5104.7,9730,3586,0,0,1,0,0,0,0,0,0
2005,KGZ,BLR,KGZ,BLR,2035.7,2459876.096,30210091.008,5162.6,9663,3588,0,0,1,0,0,0,0,0,0
2006,KGZ,BLR,KGZ,BLR,1509.5,2834168.832,36961918.976,5218.4000000000005,9604,3588,0,0,1,0,0,0,0,0,0
2007,KGZ,BLR,KGZ,BLR,2724.8,3802566.144,45275713.536,5268.4000000000005,9560,3588,0,0,1,0,0,0,0,0,0
2008,KGZ,BLR,KGZ,BLR,6443.2,5139957.76,60763484.16,5318.7,9528,3588,0,0,1,0,0,0,0,0,0
2009,KGZ,BLR,KGZ,BLR,3253.821,4690062.336,49208655.872,5383.3,9507,3588,0,0,1,0,0,0,0,0,0
2010,KGZ,BLR,KGZ,BLR,8277.5,4794357.76,55220932.608,5447.9000000000005,9490,3590,0,0,1,0,0,0,0,0,0
2011,KGZ,BLR,KGZ,BLR,9074.8,6197766.144,59734593.536,5514.6,9473,3590,0,0,1,0,0,0,0,0,0
2012,KGZ,BLR,KGZ,BLR,12511.9,6605139.968,63615447.04,5607.2,9464,3590,0,0,1,0,0,0,0,0,0
2013,KGZ,BLR,KGZ,BLR,12720.7,7226303.488,71709515.77600001,5719.5,9466,3590,0,0,1,0,0,0,0,0,0
2014,KGZ,BLR,KGZ,BLR,6504.511,7468096.512,78813052.928,5835.5,9474.511,3590,0,0,1,0,0,0,0,0,0
2015,KGZ,BLR,KGZ,BLR,13638.748,6678178.3040000005,56454774.784,5956.9000000000005,9489.616,3591,0,0,1,0,0,0,0,0,1
2016,KGZ,BLR,KGZ,BLR,4579.1,6551287.808,47433441.28,6082.7,9507.12,3591,0,0,1,0,0,0,0,0,1
2017,KGZ,BLR,KGZ,BLR,7083.935,7702934.8,54726595.249,6198.2,9458.989,3591,0,0,1,0,0,0,0,0,1
2018,KGZ,BLR,KGZ,BLR,12051.776,8271108.638,60031262.269,6322.8,9438.785,3591,0,0,1,0,0,0,0,0,1
2019,KGZ,BLR,KGZ,BLR,13135.342,8871026.074000001,64409647.194,6456.2,9419.758,3591,0,0,1,0,0,0,0,0,1
2020,KGZ,BLR,KGZ,BLR,8541.1,7780874.537,61489588.895,6579.9000000000005,9379.952,3592,0,0,1,0,0,0,0,0,1
1995,KGZ,EST,KGZ,EST,86.69800000000001,1661018.496,4362191.36,4560.4000000000005,1436.634,3823,0,0,0,0,0,0,0,0,0
1996,KGZ,EST,KGZ,EST,118.1,1827570.56,4739181.568,4628.4000000000005,1415.594,3823,0,0,0,0,0,0,0,0,0
1997,KGZ,EST,KGZ,EST,755.09,1767864.064,5059146.752,4696.4000000000005,1399.535,3823,0,0,0,0,0,0,0,0,0
1998,KGZ,EST,KGZ,EST,986.386,1645963.776,5608007.1680000005,4769,1386.156,3823,0,0,1,0,0,0,0,0,0
1999,KGZ,EST,KGZ,EST,841.772,1249062.016,5715278.848,4840.4000000000005,1380.62,3823,0,0,1,1,0,0,1,0,0
2000,KGZ,EST,KGZ,EST,884.958,1369691.904,5685561.3440000005,4898.4000000000005,1396.985,3823,0,0,1,1,0,0,1,0,0
2001,KGZ,EST,KGZ,EST,593.109,1525113.472,6233506.3040000005,4945.1,1388.115,3823,0,0,1,1,0,0,1,0,0
2002,KGZ,EST,KGZ,EST,1353.893,1605640.576,7308609.024,4990.7,1379.35,3823,0,0,1,1,0,0,1,0,0
2003,KGZ,EST,KGZ,EST,795.987,1919012.736,9822143.488,5043.3,1370.72,3823,0,0,1,1,0,0,1,0,0
2004,KGZ,EST,KGZ,EST,1904.489,2211535.36,12057639.936,5104.7,1362.55,3823,0,0,1,1,0,0,1,0,0
2005,KGZ,EST,KGZ,EST,897.6030000000001,2459876.096,14003096.576,5162.6,1354.775,3823,0,0,1,1,0,0,1,0,0
2006,KGZ,EST,KGZ,EST,186.13,2834168.832,16958045.184,5218.4000000000005,1346.81,3823,0,0,1,1,0,0,1,0,0
2007,KGZ,EST,KGZ,EST,3659.602,3802566.144,22228670.464,5268.4000000000005,1340.68,3823,0,0,1,1,0,0,1,0,0
2008,KGZ,EST,KGZ,EST,6918.454,5139957.76,24185794.56,5318.7,1337.09,3823,0,0,1,1,0,0,1,0,0
2009,KGZ,EST,KGZ,EST,2033.619,4690062.336,19640621.056,5383.3,1334.515,3823,0,0,1,1,0,0,1,0,0
2010,KGZ,EST,KGZ,EST,2259.505,4794357.76,19479013.376,5447.9000000000005,1331.475,3823,0,0,1,1,0,0,1,0,0
2011,KGZ,EST,KGZ,EST,116.305,6197766.144,22803433.472,5514.6,1327.439,3823,0,0,1,1,0,0,1,0,0
2012,KGZ,EST,KGZ,EST,79.146,6605139.968,22660753.408,5607.2,1325.016,3823,0,0,1,1,0,0,1,0,0
2013,KGZ,EST,KGZ,EST,127.71,7226303.488,24880265.216,5719.5,1324.612,3823,0,0,1,1,0,0,1,0,0
2014,KGZ,EST,KGZ,EST,8.247,7468096.512,26213941.248,5835.5,1314.545,3823,0,0,1,1,0,0,1,0,0
2015,KGZ,EST,KGZ,EST,4.765,6678178.3040000005,22460471.296,5956.9000000000005,1315.407,3823,0,0,1,1,0,0,1,0,0
2016,KGZ,EST,KGZ,EST,224.916,6551287.808,23136741.376,6082.7,1316.481,3823,0,0,1,1,0,0,1,0,0
2017,KGZ,EST,KGZ,EST,648.196,7702934.8,26924385.103,6198.2,1317.384,3823,0,0,1,1,0,0,1,0,0
2018,KGZ,EST,KGZ,EST,486.441,8271108.638,30489500.905,6322.8,1321.977,3823,0,0,1,1,0,0,1,0,0
2019,KGZ,EST,KGZ,EST,591.235,8871026.074000001,31045591.753,6456.2,1326.855,3823,0,0,1,1,0,0,1,0,0
2020,KGZ,EST,KGZ,EST,829.4490000000001,7780874.537,30650285.472,6579.9000000000005,1329.479,3823,0,0,1,1,0,0,1,0,0
1995,KGZ,GEO,KGZ,GEO,689.493,1661018.496,2693731.84,4560.4000000000005,4734,2445,0,0,0,0,0,0,0,0,0
1996,KGZ,GEO,KGZ,GEO,96.696,1827570.56,3094915.5840000003,4628.4000000000005,4616.1,2445,0,0,0,0,0,0,0,0,0
1997,KGZ,GEO,KGZ,GEO,683.182,1767864.064,3510540.8000000003,4696.4000000000005,4531.6,2445,0,0,0,0,0,0,0,0,0
1998,KGZ,GEO,KGZ,GEO,661.517,1645963.776,3613500.16,4769,4487.3,2445,0,0,1,0,0,0,0,0,0
1999,KGZ,GEO,KGZ,GEO,363.301,1249062.016,2800024.32,4840.4000000000005,4452.5,2445,0,0,1,0,0,0,0,0,0
2000,KGZ,GEO,KGZ,GEO,274.904,1369691.904,3057453.568,4898.4000000000005,4418.3,2445,0,0,1,1,0,0,1,0,0
2001,KGZ,GEO,KGZ,GEO,230.277,1525113.472,3219487.744,4945.1,4386.4000000000005,2445,0,0,1,1,0,0,1,0,0
2002,KGZ,GEO,KGZ,GEO,187.385,1605640.576,3395778.56,4990.7,4357,2445,0,0,1,1,0,0,1,0,0
2003,KGZ,GEO,KGZ,GEO,337.712,1919012.736,3991374.592,5043.3,4328.9,2445,0,0,1,1,0,0,1,0,0
2004,KGZ,GEO,KGZ,GEO,677.0260000000001,2211535.36,5125274.112,5104.7,4318.3,2445,0,0,1,1,0,0,1,0,0
2005,KGZ,GEO,KGZ,GEO,483.706,2459876.096,6411147.264,5162.6,4361.4,2445,0,0,1,1,0,0,1,0,0
2006,KGZ,GEO,KGZ,GEO,1858.497,2834168.832,7761900.032000001,5218.4000000000005,4398,2445,0,0,1,1,0,0,1,0,0
2007,KGZ,GEO,KGZ,GEO,1167.79,3802566.144,10172260.352,5268.4000000000005,4388.4000000000005,2445,0,0,1,1,0,0,1,0,0
2008,KGZ,GEO,KGZ,GEO,1162.191,5139957.76,12799337.472,5318.7,4383.8,2445,0,0,1,1,0,0,1,0,0
2009,KGZ,GEO,KGZ,GEO,1065,4690062.336,10766836.736,5383.3,4410.9000000000005,2445,0,0,1,1,0,0,1,0,0
2010,KGZ,GEO,KGZ,GEO,1662.3,4794357.76,11638537.216,5447.9000000000005,4452.8,2445,0,0,1,1,0,0,1,0,0
2011,KGZ,GEO,KGZ,GEO,1413.286,6197766.144,14434620.416,5514.6,4483.35,2445,0,0,1,1,0,0,1,0,0
2012,KGZ,GEO,KGZ,GEO,2579.765,6605139.968,15846474.752,5607.2,4490.7,2445,0,0,1,1,0,0,1,0,0
2013,KGZ,GEO,KGZ,GEO,2774.922,7226303.488,16140047.36,5719.5,4476.9000000000005,2445,0,0,1,1,0,0,1,0,0
2014,KGZ,GEO,KGZ,GEO,3088.909,7468096.512,16509305.856,5835.5,3727,2445,0,0,1,1,0,0,1,0,0
2015,KGZ,GEO,KGZ,GEO,1857.74,6678178.3040000005,13993546.752,5956.9000000000005,3717.1,2445,0,0,1,1,0,0,1,0,0
2016,KGZ,GEO,KGZ,GEO,2507.832,6551287.808,14332879.872,6082.7,3719.3,2445,0,0,1,1,0,0,1,0,0
2017,KGZ,GEO,KGZ,GEO,2153.527,7702934.8,16242916.916,6198.2,3728.004,2445,0,0,1,1,0,0,1,0,0
2018,KGZ,GEO,KGZ,GEO,2408.4210000000003,8271108.638,17596922.47,6322.8,3726.549,2445,0,0,1,1,0,0,1,0,0
2019,KGZ,GEO,KGZ,GEO,3114.328,8871026.074000001,17470436.259,6456.2,3720.161,2445,0,0,1,1,0,0,1,0,0
2020,KGZ,GEO,KGZ,GEO,4762.9710000000005,7780874.537,15842922.533,6579.9000000000005,3722.716,2445,0,0,1,1,0,0,1,0,0
1995,KGZ,KAZ,KGZ,KAZ,67230.788,1661018.496,20374306.816,4560.4000000000005,15815.626,380,1,1,0,0,0,0,0,0,0
1996,KGZ,KAZ,KGZ,KAZ,112985.261,1827570.56,21035358.208,4628.4000000000005,15577.894,380,1,1,0,0,0,0,0,0,0
1997,KGZ,KAZ,KGZ,KAZ,63446.41,1767864.064,22165932.032,4696.4000000000005,15333.703,380,1,1,0,0,0,0,0,0,0
1998,KGZ,KAZ,KGZ,KAZ,85514.504,1645963.776,22135244.8,4769,15071.3,380,1,1,1,0,0,0,0,0,0
1999,KGZ,KAZ,KGZ,KAZ,44948.377,1249062.016,16870816.768,4840.4000000000005,14928.426,380,1,1,1,0,0,0,0,0,0
2000,KGZ,KAZ,KGZ,KAZ,33393.75,1369691.904,18291990.528,4898.4000000000005,14883.626,376,1,1,1,0,0,0,0,0,0
2001,KGZ,KAZ,KGZ,KAZ,39032.179,1525113.472,22152689.664,4945.1,14858.335,376,1,1,1,0,0,0,0,0,0
2002,KGZ,KAZ,KGZ,KAZ,36749.664,1605640.576,24636598.272,4990.7,14858.948,376,1,1,1,0,0,0,0,0,0
2003,KGZ,KAZ,KGZ,KAZ,57102.739,1919012.736,30833692.672,5043.3,14909.018,376,1,1,1,0,0,0,0,0,0
2004,KGZ,KAZ,KGZ,KAZ,91140.739,2211535.36,43151646.72,5104.7,15012.985,376,1,1,1,0,0,0,0,0,0
2005,KGZ,KAZ,KGZ,KAZ,118586.846,2459876.096,57123672.064,5162.6,15147.029,379,1,1,1,0,0,0,0,0,0
2006,KGZ,KAZ,KGZ,KAZ,162638.159,2834168.832,81003864.064,5218.4000000000005,15308.084,379,1,1,1,0,0,0,0,0,0
2007,KGZ,KAZ,KGZ,KAZ,204581.986,3802566.144,104849883.136,5268.4000000000005,15484.192,379,1,1,1,0,0,0,0,0,0
2008,KGZ,KAZ,KGZ,KAZ,184073.513,5139957.76,133441609.728,5318.7,15674,379,1,1,1,0,0,0,0,0,0
2009,KGZ,KAZ,KGZ,KAZ,119245.77,4690062.336,115308658.688,5383.3,16092.701,379,1,1,1,0,0,0,0,0,0
2010,KGZ,KAZ,KGZ,KAZ,181684.843,4794357.76,148047347.712,5447.9000000000005,16321.581,382,1,1,1,0,0,0,0,0,0
2011,KGZ,KAZ,KGZ,KAZ,289705.226,6197766.144,188048965.632,5514.6,16556.601,382,1,1,1,0,0,0,0,0,0
2012,KGZ,KAZ,KGZ,KAZ,404930.555,6605139.968,203517198.336,5607.2,16791.426,382,1,1,1,0,0,0,0,0,0
2013,KGZ,KAZ,KGZ,KAZ,382453.238,7226303.488,231876280.32,5719.5,17037.508,382,1,1,1,0,0,0,0,0,0
2014,KGZ,KAZ,KGZ,KAZ,458906.8,7468096.512,221415571.456,5835.5,17289.225,382,1,1,1,0,0,0,0,0,0
2015,KGZ,KAZ,KGZ,KAZ,227702.888,6678178.3040000005,184388435.968,5956.9000000000005,17544.127,380,1,1,1,1,0,0,1,0,1
2016,KGZ,KAZ,KGZ,KAZ,200579.516,6551287.808,133657083.904,6082.7,17797.031,380,1,1,1,1,0,0,1,0,1
2017,KGZ,KAZ,KGZ,KAZ,265792.624,7702934.8,166805800.59600002,6198.2,18037.777,380,1,1,1,1,0,0,1,0,1
2018,KGZ,KAZ,KGZ,KAZ,269950.641,8271108.638,179339994.859,6322.8,18276.451,380,1,1,1,1,0,0,1,0,1
2019,KGZ,KAZ,KGZ,KAZ,347065.658,8871026.074000001,181667190.076,6456.2,18513.674,380,1,1,1,1,0,0,1,0,1
2020,KGZ,KAZ,KGZ,KAZ,233604.869,7780874.537,171082379.533,6579.9000000000005,18755.667,380,1,1,1,1,0,0,1,0,1
1992,KGZ,LTU,KGZ,LTU,6293.477,2316562.432,8562311.168,4515.4000000000005,3700.114,3764,0,0,0,0,0,0,0,0,0
1994,KGZ,LTU,KGZ,LTU,861.803,1681006.976,6958637.056,4515.1,3657.144,3764,0,0,0,0,0,0,0,0,0
1995,KGZ,LTU,KGZ,LTU,752.292,1661018.496,7904896,4560.4000000000005,3629.102,3764,0,0,0,0,0,0,0,0,0
1996,KGZ,LTU,KGZ,LTU,490.397,1827570.56,8426599.936,4628.4000000000005,3601.6130000000003,3764,0,0,0,0,0,0,0,0,0
1997,KGZ,LTU,KGZ,LTU,2761.493,1767864.064,10128700.416,4696.4000000000005,3575.137,3764,0,0,0,0,0,0,0,0,0
1998,KGZ,LTU,KGZ,LTU,6256.727,1645963.776,11254049.792,4769,3549.331,3764,0,0,1,0,0,0,0,0,0
1999,KGZ,LTU,KGZ,LTU,4995.459,1249062.016,10971374.592,4840.4000000000005,3524.2380000000003,3764,0,0,1,0,0,0,0,0,0
2000,KGZ,LTU,KGZ,LTU,1223.032,1369691.904,11434200.064,4898.4000000000005,3499.536,3764,0,0,1,0,0,0,0,0,0
2001,KGZ,LTU,KGZ,LTU,779.422,1525113.472,12159224.832,4945.1,3470.818,3764,0,0,1,1,0,0,1,0,0
2002,KGZ,LTU,KGZ,LTU,225.649,1605640.576,14163949.568,4990.7,3443.067,3764,0,0,1,1,0,0,1,0,0
2003,KGZ,LTU,KGZ,LTU,169.162,1919012.736,18608709.632,5043.3,3415.213,3764,0,0,1,1,0,0,1,0,0
2004,KGZ,LTU,KGZ,LTU,172.4,2211535.36,22659295.232,5104.7,3377.0750000000003,3764,0,0,1,1,0,0,1,0,0
2005,KGZ,LTU,KGZ,LTU,120.496,2459876.096,26085306.368,5162.6,3322.528,3764,0,0,1,1,0,0,1,0,0
2006,KGZ,LTU,KGZ,LTU,1228.206,2834168.832,30246361.088,5218.4000000000005,3269.909,3764,0,0,1,1,0,0,1,0,0
2007,KGZ,LTU,KGZ,LTU,4219.703,3802566.144,39325986.816,5268.4000000000005,3231.294,3764,0,0,1,1,0,0,1,0,0
2008,KGZ,LTU,KGZ,LTU,3768.057,5139957.76,47438364.672,5318.7,3198.231,3764,0,0,1,1,0,0,1,0,0
2009,KGZ,LTU,KGZ,LTU,348.246,4690062.336,37050081.28,5383.3,3162.916,3764,0,0,1,1,0,0,1,0,0
2010,KGZ,LTU,KGZ,LTU,1645.902,4794357.76,36709511.168,5447.9000000000005,3097.282,3764,0,0,1,1,0,0,1,0,0
2011,KGZ,LTU,KGZ,LTU,2774.163,6197766.144,43083067.392,5514.6,3028.115,3764,0,0,1,1,0,0,1,0,0
2012,KGZ,LTU,KGZ,LTU,1966.696,6605139.968,42343559.168,5607.2,2987.773,3764,0,0,1,1,0,0,1,0,0
2013,KGZ,LTU,KGZ,LTU,13006.096,7226303.488,45931966.464,5719.5,2956.121,3764,0,0,1,1,0,0,1,0,0
2014,KGZ,LTU,KGZ,LTU,18172.216,7468096.512,48545251.328,5835.5,2932.367,3764,0,0,1,1,0,0,1,0,0
2015,KGZ,LTU,KGZ,LTU,16968.964,6678178.3040000005,41402023.936,5956.9000000000005,2904.91,3764,0,0,1,1,0,0,1,0,0
2016,KGZ,LTU,KGZ,LTU,10785.646,6551287.808,42738876.416,6082.7,2872.298,3764,0,0,1,1,0,0,1,0,0
2017,KGZ,LTU,KGZ,LTU,15399.046,7702934.8,47758736.932,6198.2,2828.403,3764,0,0,1,1,0,0,1,0,0
2018,KGZ,LTU,KGZ,LTU,53814.802,8271108.638,53750911.866,6322.8,2801.543,3764,0,0,1,1,0,0,1,0,0
2019,KGZ,LTU,KGZ,LTU,76881.936,8871026.074000001,54697379.017000005,6456.2,2794.137,3764,0,0,1,1,0,0,1,0,0
2020,KGZ,LTU,KGZ,LTU,46656.648,7780874.537,56546957.475,6579.9000000000005,2794.885,3764,0,0,1,1,0,0,1,0,0
1994,KGZ,LVA,KGZ,LVA,291.641,1681006.976,5060854.784,4515.1,2520.742,3841,0,0,0,0,0,0,0,0,0
1995,KGZ,LVA,KGZ,LVA,2253.297,1661018.496,5235719.68,4560.4000000000005,2485.056,3841,0,0,0,0,0,0,0,0,0
1996,KGZ,LVA,KGZ,LVA,348.898,1827570.56,5585292.8,4628.4000000000005,2457.222,3841,0,0,0,0,0,0,0,0,0
1997,KGZ,LVA,KGZ,LVA,7.0840000000000005,1767864.064,6133234.176,4696.4000000000005,2432.851,3841,0,0,0,0,0,0,0,0,0
1998,KGZ,LVA,KGZ,LVA,2883.509,1645963.776,6616957.44,4769,2410.019,3841,0,0,1,0,0,0,0,0,0
1999,KGZ,LVA,KGZ,LVA,2215.1240000000003,1249062.016,7288524.288,4840.4000000000005,2390.482,3841,0,0,1,1,0,0,1,0,0
2000,KGZ,LVA,KGZ,LVA,10497.265,1369691.904,7833068.544,4898.4000000000005,2367.55,3841,0,0,1,1,0,0,1,0,0
2001,KGZ,LVA,KGZ,LVA,3441.63,1525113.472,8313047.552,4945.1,2337.17,3841,0,0,1,1,0,0,1,0,0
2002,KGZ,LVA,KGZ,LVA,8659.296,1605640.576,9314784.256,4990.7,2310.173,3841,0,0,1,1,0,0,1,0,0
2003,KGZ,LVA,KGZ,LVA,9378.125,1919012.736,11186452.48,5043.3,2287.955,3841,0,0,1,1,0,0,1,0,0
2004,KGZ,LVA,KGZ,LVA,9036.081,2211535.36,13761569.792,5104.7,2263.122,3841,0,0,1,1,0,0,1,0,0
2005,KGZ,LVA,KGZ,LVA,4214.659,2459876.096,16041840.64,5162.6,2238.799,3841,0,0,1,1,0,0,1,0,0
2006,KGZ,LVA,KGZ,LVA,1963.685,2834168.832,19935045.632,5218.4000000000005,2218.357,3841,0,0,1,1,0,0,1,0,0
2007,KGZ,LVA,KGZ,LVA,16547.545000000002,3802566.144,28765687.808,5268.4000000000005,2200.3250000000003,3841,0,0,1,1,0,0,1,0,0
2008,KGZ,LVA,KGZ,LVA,30664.107,5139957.76,33669367.808,5318.7,2177.322,3841,0,0,1,1,0,0,1,0,0
2009,KGZ,LVA,KGZ,LVA,636.3240000000001,4690062.336,25875781.632,5383.3,2141.669,3841,0,0,1,1,0,0,1,0,0
2010,KGZ,LVA,KGZ,LVA,846.424,4794357.76,24009680.896,5447.9000000000005,2097.555,3841,0,0,1,1,0,0,1,0,0
2011,KGZ,LVA,KGZ,LVA,1735.436,6197766.144,28480337.92,5514.6,2059.709,3841,0,0,1,1,0,0,1,0,0
2012,KGZ,LVA,KGZ,LVA,527.97,6605139.968,28372578.304,5607.2,2034.319,3841,0,0,1,1,0,0,1,0,0
2013,KGZ,LVA,KGZ,LVA,1411.463,7226303.488,30956691.456,5719.5,2013.385,3841,0,0,1,1,0,0,1,0,0
2014,KGZ,LVA,KGZ,LVA,3862.834,7468096.512,31352250.368,5835.5,1993.782,3841,0,0,1,1,0,0,1,0,0
2015,KGZ,LVA,KGZ,LVA,3371.123,6678178.3040000005,27026036.736,5956.9000000000005,1977.527,3841,0,0,1,1,0,0,1,0,0
2016,KGZ,LVA,KGZ,LVA,5416.362,6551287.808,27677390.848,6082.7,1960.424,3841,0,0,1,1,0,0,1,0,0
2017,KGZ,LVA,KGZ,LVA,2648.797,7702934.8,30483806.018,6198.2,1942.248,3841,0,0,1,1,0,0,1,0,0
2018,KGZ,LVA,KGZ,LVA,5564.486,8271108.638,34429023.435,6322.8,1927.174,3841,0,0,1,1,0,0,1,0,0
2019,KGZ,LVA,KGZ,LVA,3001.342,8871026.074000001,34308783.825,6456.2,1913.822,3841,0,0,1,1,0,0,1,0,0
2020,KGZ,LVA,KGZ,LVA,2862.5080000000003,7780874.537,33645460.617,6579.9000000000005,1900.449,3841,0,0,1,1,0,0,1,0,0
1994,KGZ,MDA,KGZ,MDA,901.792,1681006.976,1702314.368,4515.1,3694,3587,0,0,0,0,0,0,0,0,0
1995,KGZ,MDA,KGZ,MDA,978.193,1661018.496,1752995.328,4560.4000000000005,3675.099,3587,0,0,0,0,0,0,0,0,0
1996,KGZ,MDA,KGZ,MDA,765.642,1827570.56,1695130.496,4628.4000000000005,3667.748,3587,0,0,0,0,0,0,0,0,0
1998,KGZ,MDA,KGZ,MDA,359.584,1645963.776,1639497.216,4769,3652.732,3587,0,0,1,0,0,0,0,0,0
1999,KGZ,MDA,KGZ,MDA,796.623,1249062.016,1170785.024,4840.4000000000005,3647.001,3587,0,0,1,0,0,0,0,0,0
2000,KGZ,MDA,KGZ,MDA,398.982,1369691.904,1288420.224,4898.4000000000005,3639.592,3587,0,0,1,0,0,0,0,0,0
2001,KGZ,MDA,KGZ,MDA,887.371,1525113.472,1480656.896,4945.1,3631.462,3587,0,0,1,1,0,0,1,0,0
2002,KGZ,MDA,KGZ,MDA,587.854,1605640.576,1661818.112,4990.7,3623.062,3587,0,0,1,1,0,0,1,0,0
2003,KGZ,MDA,KGZ,MDA,757.4730000000001,1919012.736,1980901.504,5043.3,3612.874,3587,0,0,1,1,0,0,1,0,0
2004,KGZ,MDA,KGZ,MDA,462.89,2211535.36,2598231.552,5104.7,3603.945,3587,0,0,1,1,0,0,1,0,0
2005,KGZ,MDA,KGZ,MDA,286.746,2459876.096,2988172.544,5162.6,3595.187,3587,0,0,1,1,0,0,1,0,0
2006,KGZ,MDA,KGZ,MDA,355.582,2834168.832,3408454.144,5218.4000000000005,3585.2090000000003,3587,0,0,1,1,0,0,1,0,0
2007,KGZ,MDA,KGZ,MDA,1134.497,3802566.144,4402496,5268.4000000000005,3576.91,3587,0,0,1,1,0,0,1,0,0
2008,KGZ,MDA,KGZ,MDA,690.816,5139957.76,6054806.016,5318.7,3570.108,3587,0,0,1,1,0,0,1,0,0
2009,KGZ,MDA,KGZ,MDA,2703.827,4690062.336,5439421.9520000005,5383.3,3565.6040000000003,3587,0,0,1,1,0,0,1,0,0
2010,KGZ,MDA,KGZ,MDA,949.471,4794357.76,5811603.968,5447.9000000000005,3562.045,3587,0,0,1,1,0,0,1,0,0
2011,KGZ,MDA,KGZ,MDA,264.469,6197766.144,7016162.816000001,5514.6,3559.986,3587,0,0,1,1,0,0,1,0,0
2012,KGZ,MDA,KGZ,MDA,572.787,6605139.968,7284686.336,5607.2,3559.519,3587,0,0,1,1,0,0,1,0,0
2013,KGZ,MDA,KGZ,MDA,294.752,7226303.488,7969618.944,5719.5,3559,3587,0,0,1,1,0,0,1,0,0
2014,KGZ,MDA,KGZ,MDA,894.4060000000001,7468096.512,7983270.912,5835.5,3556.397,3587,0,0,1,1,0,0,1,0,0
2015,KGZ,MDA,KGZ,MDA,215.754,6678178.3040000005,6512899.584,5956.9000000000005,3554.108,3587,0,0,1,1,0,0,1,0,0
2016,KGZ,MDA,KGZ,MDA,148.04500000000002,6551287.808,6749515.776000001,6082.7,3552,3587,0,0,1,1,0,0,1,0,0
2017,KGZ,MDA,KGZ,MDA,457.978,7702934.8,9669741.744,6198.2,2755.158,3587,0,0,1,1,0,0,1,0,0
2018,KGZ,MDA,KGZ,MDA,1039.366,8271108.638,11457443.185,6322.8,2708.214,3587,0,0,1,1,0,0,1,0,0
2019,KGZ,MDA,KGZ,MDA,850.179,8871026.074000001,11971345.003,6456.2,2664.974,3587,0,0,1,1,0,0,1,0,0
2020,KGZ,MDA,KGZ,MDA,381.898,7780874.537,11859730.544,6579.9000000000005,2620.495,3587,0,0,1,1,0,0,1,0,0
1995,KGZ,RUS,KGZ,RUS,106566.076,1661018.496,395528503.296,4560.4000000000005,148141.006,2416,1,0,0,0,0,0,0,0,0
1996,KGZ,RUS,KGZ,RUS,146640.131,1827570.56,391721385.984,4628.4000000000005,148160.126,2416,1,0,0,0,0,0,0,0,0
1997,KGZ,RUS,KGZ,RUS,148028.744,1767864.064,404926529.536,4696.4000000000005,147915.375,2416,1,0,0,0,0,0,0,0,0
1998,KGZ,RUS,KGZ,RUS,132543.389,1645963.776,270953119.744,4769,147670.776,2416,1,0,1,0,0,0,0,0,0
1999,KGZ,RUS,KGZ,RUS,94908.993,1249062.016,195905765.376,4840.4000000000005,147214.783,2416,1,0,1,0,0,0,0,0,0
2000,KGZ,RUS,KGZ,RUS,88638.906,1369691.904,259708502.016,4898.4000000000005,146596.863,2422,1,0,1,0,0,0,0,0,0
2001,KGZ,RUS,KGZ,RUS,64510.211,1525113.472,306602672.128,4945.1,145976.471,2422,1,0,1,0,0,0,0,0,0
2002,KGZ,RUS,KGZ,RUS,79384.194,1605640.576,345110446.08,4990.7,145408.035,2422,1,0,1,0,0,0,0,0,0
2003,KGZ,RUS,KGZ,RUS,104419.256,1919012.736,430347780.096,5043.3,144667.465,2422,1,0,1,0,0,0,0,0,0
2004,KGZ,RUS,KGZ,RUS,148944.00400000002,2211535.36,591016689.664,5104.7,143821.213,2422,1,0,1,0,0,0,0,0,0
2005,KGZ,RUS,KGZ,RUS,144690.27,2459876.096,764000927.744,5162.6,143113.892,2428,1,0,1,0,0,0,0,0,0
2006,KGZ,RUS,KGZ,RUS,190731.369,2834168.832,989930520.576,5218.4000000000005,142487.259,2428,1,0,1,0,0,0,0,0,0
2007,KGZ,RUS,KGZ,RUS,290059.978,3802566.144,1299705233.408,5268.4000000000005,142114.899,2428,1,0,1,0,0,0,0,0,0
2008,KGZ,RUS,KGZ,RUS,489774.001,5139957.76,1660844376.064,5318.7,141956.40600000002,2428,1,0,1,0,0,0,0,0,0
2009,KGZ,RUS,KGZ,RUS,364342.201,4690062.336,1222643679.232,5383.3,141909.241,2428,1,0,1,0,0,0,0,0,0
2010,KGZ,RUS,KGZ,RUS,393290.059,4794357.76,1524916158.464,5447.9000000000005,142385.529,2433,1,0,1,0,0,0,0,0,0
2011,KGZ,RUS,KGZ,RUS,290837.881,6197766.144,1904792961.024,5514.6,142956.467,2433,1,0,1,0,0,0,0,0,0
2012,KGZ,RUS,KGZ,RUS,219116.114,6605139.968,2017470971.904,5607.2,143177.994,2433,1,0,1,1,0,0,1,0,0
2013,KGZ,RUS,KGZ,RUS,152700.65600000002,7226303.488,2096777003.008,5719.5,143499.863,2433,1,0,1,1,0,0,1,0,0
2014,KGZ,RUS,KGZ,RUS,114145.273,7468096.512,2063662317.568,5835.5,143819.672,2433,1,0,1,1,0,0,1,0,0
2015,KGZ,RUS,KGZ,RUS,157300.977,6678178.3040000005,1365865267.2,5956.9000000000005,144096.863,2435,1,0,1,1,0,0,1,0,1
2016,KGZ,RUS,KGZ,RUS,191101.766,6551287.808,1283162374.144,6082.7,144342.392,2435,1,0,1,1,0,0,1,0,1
2017,KGZ,RUS,KGZ,RUS,262896.275,7702934.8,1574199387.071,6198.2,144496.73500000002,2435,1,0,1,1,0,0,1,0,1
2018,KGZ,RUS,KGZ,RUS,349782.49700000003,8271108.638,1657329646.184,6322.8,144477.859,2435,1,0,1,1,0,0,1,0,1
2019,KGZ,RUS,KGZ,RUS,321864.681,8871026.074000001,1693113904.263,6456.2,144406.265,2435,1,0,1,1,0,0,1,0,1
2020,KGZ,RUS,KGZ,RUS,239448.038,7780874.537,1488321875.49,6579.9000000000005,144073.135,2437,1,0,1,1,0,0,1,0,1
1995,KGZ,TJK,KGZ,TJK,8262.25,1661018.496,1231523.072,4560.4000000000005,5784.33,687,0,1,0,0,0,0,0,0,0
1996,KGZ,TJK,KGZ,TJK,8290.154,1827570.56,1043893.056,4628.4000000000005,5862.347,687,0,1,0,0,0,0,0,0,0
1998,KGZ,TJK,KGZ,TJK,8283.081,1645963.776,1320126.72,4769,6012.933,687,0,1,1,0,0,0,0,0,0
1999,KGZ,TJK,KGZ,TJK,9447.5,1249062.016,1086567.424,4840.4000000000005,6094.661,687,0,1,1,0,0,0,0,0,0
2000,KGZ,TJK,KGZ,TJK,7545,1369691.904,860550.272,4898.4000000000005,6186.152,687,0,1,1,0,0,0,0,0,0
2001,KGZ,TJK,KGZ,TJK,6743.29,1525113.472,1080774.016,4945.1,6289.34,687,0,1,1,0,0,0,0,0,0
2002,KGZ,TJK,KGZ,TJK,10193.916,1605640.576,1221113.856,4990.7,6404.118,687,0,1,1,0,0,0,0,0,0
2003,KGZ,TJK,KGZ,TJK,18855.906,1919012.736,1554125.568,5043.3,6529.609,687,0,1,1,0,0,0,0,0,0
2004,KGZ,TJK,KGZ,TJK,22073.078,2211535.36,2076148.736,5104.7,6663.929,687,0,1,1,0,0,0,0,0,0
2005,KGZ,TJK,KGZ,TJK,22903.869,2459876.096,2312319.488,5162.6,6805.655,687,0,1,1,0,0,0,0,0,0
2006,KGZ,TJK,KGZ,TJK,23934.215,2834168.832,2830236.16,5218.4000000000005,6954.522,687,0,1,1,0,0,0,0,0,0
2007,KGZ,TJK,KGZ,TJK,28130.264,3802566.144,3719497.472,5268.4000000000005,7111.0250000000005,687,0,1,1,0,0,0,0,0,0
2008,KGZ,TJK,KGZ,TJK,26983.143,5139957.76,5161336.32,5318.7,7275.252,687,0,1,1,0,0,0,0,0,0
2009,KGZ,TJK,KGZ,TJK,14799.374,4690062.336,4979482.112,5383.3,7447.396,687,0,1,1,0,0,0,0,0,0
2010,KGZ,TJK,KGZ,TJK,15402.322,4794357.76,5642178.5600000005,5447.9000000000005,7627.326,687,0,1,1,0,0,0,0,0,0
2011,KGZ,TJK,KGZ,TJK,36261.011,6197766.144,6522732.032000001,5514.6,7814.85,687,0,1,1,0,0,0,0,0,0
2012,KGZ,TJK,KGZ,TJK,39677.529,6605139.968,7633049.600000001,5607.2,8008.99,687,0,1,1,0,0,0,0,0,0
2013,KGZ,TJK,KGZ,TJK,50535.628,7226303.488,8508103.68,5719.5,8207.834,687,0,1,1,1,0,0,1,0,0
2014,KGZ,TJK,KGZ,TJK,75053.992,7468096.512,9236308.992,5835.5,8362.745,687,0,1,1,1,0,0,1,0,0
2015,KGZ,TJK,KGZ,TJK,24205.532,6678178.3040000005,7853450.24,5956.9000000000005,8548.651,687,0,1,1,1,0,0,1,0,0
2016,KGZ,TJK,KGZ,TJK,21840.49,6551287.808,6951656.96,6082.7,8734.951000000001,687,0,1,1,1,0,0,1,0,0
2017,KGZ,TJK,KGZ,TJK,37496.225,7702934.8,7536439.875,6198.2,8880.27,687,0,1,1,1,0,0,1,0,0
2018,KGZ,TJK,KGZ,TJK,48488.043,8271108.638,7765014.424000001,6322.8,9100.847,687,0,1,1,1,0,0,1,0,0
2019,KGZ,TJK,KGZ,TJK,57205.443,8871026.074000001,8300784.857,6456.2,9321.023,687,0,1,1,1,0,0,1,0,0
2020,KGZ,TJK,KGZ,TJK,28055.534,7780874.537,8133996.648,6579.9000000000005,9537.642,687,0,1,1,1,0,0,1,0,0
1995,KGZ,TKM,KGZ,TKM,2216.491,1661018.496,2482228.48,4560.4000000000005,4188.01,1477,0,0,0,0,0,0,0,0,0
1996,KGZ,TKM,KGZ,TKM,3163.983,1827570.56,2379281.664,4628.4000000000005,4267.6900000000005,1477,0,0,0,0,0,0,0,0,0
1997,KGZ,TKM,KGZ,TKM,2267.879,1767864.064,2450084.864,4696.4000000000005,4335.991,1477,0,0,0,0,0,0,0,0,0
1998,KGZ,TKM,KGZ,TKM,2086.811,1645963.776,2605688.064,4769,4395.293,1477,0,0,1,0,0,0,0,0,0
1999,KGZ,TKM,KGZ,TKM,2983.444,1249062.016,2450686.72,4840.4000000000005,4449.427,1477,0,0,1,0,0,0,0,0,0
2000,KGZ,TKM,KGZ,TKM,4583.1050000000005,1369691.904,2904662.528,4898.4000000000005,4501.419,1477,0,0,1,0,0,0,0,0,0
2001,KGZ,TKM,KGZ,TKM,1546.331,1525113.472,3534771.968,4945.1,4551.762,1477,0,0,1,0,0,0,0,0,0
2002,KGZ,TKM,KGZ,TKM,2404.254,1605640.576,4462028.8,4990.7,4600.171,1477,0,0,1,0,0,0,0,0,0
2003,KGZ,TKM,KGZ,TKM,2342.208,1919012.736,5977440.768,5043.3,4648.037,1477,0,0,1,0,0,0,0,0,0
2004,KGZ,TKM,KGZ,TKM,4038.173,2211535.36,6838350.848,5104.7,4696.876,1477,0,0,1,0,0,0,0,0,0
2005,KGZ,TKM,KGZ,TKM,2830.654,2459876.096,8104355.84,5162.6,4747.839,1477,0,0,1,0,0,0,0,0,0
2006,KGZ,TKM,KGZ,TKM,2139.7870000000003,2834168.832,10277598.208,5218.4000000000005,4801.595,1477,0,0,1,0,0,0,0,0,0
2007,KGZ,TKM,KGZ,TKM,1918.527,3802566.144,12664165.376,5268.4000000000005,4858.236,1477,0,0,1,0,0,0,0,0,0
2008,KGZ,TKM,KGZ,TKM,4288.093,5139957.76,19271522.304,5318.7,4917.543,1477,0,0,1,0,0,0,0,0,0
2009,KGZ,TKM,KGZ,TKM,4221.246,4690062.336,20214386.688,5383.3,4978.962,1477,0,0,1,0,0,0,0,0,0
2010,KGZ,TKM,KGZ,TKM,4738.019,4794357.76,22148069.376,5447.9000000000005,5041.995,1477,0,0,1,0,0,0,0,0,0
2011,KGZ,TKM,KGZ,TKM,7578.436000000001,6197766.144,29233334.272,5514.6,5106.668,1477,0,0,1,0,0,0,0,0,0
2012,KGZ,TKM,KGZ,TKM,5186.194,6605139.968,35164209.152,5607.2,5172.9310000000005,1477,0,0,1,0,0,0,0,0,0
2013,KGZ,TKM,KGZ,TKM,5051.867,7226303.488,41850875.904,5719.5,5240.072,1477,0,0,1,0,0,0,0,0,0
2014,KGZ,TKM,KGZ,TKM,7853.426,7468096.512,43524210.688,5835.5,5466.241,1477,0,0,1,0,0,0,0,0,0
2015,KGZ,TKM,KGZ,TKM,6307.383,6678178.3040000005,35799629.824,5956.9000000000005,5565.284000000001,1477,0,0,1,0,0,0,0,0,0
2016,KGZ,TKM,KGZ,TKM,5698.099,6551287.808,36179886.08,6082.7,5662.544,1477,0,0,1,0,0,0,0,0,0
2017,KGZ,TKM,KGZ,TKM,4891.634,7702934.8,37926285.714,6198.2,5757.667,1477,0,0,1,0,0,0,0,0,0
2018,KGZ,TKM,KGZ,TKM,3306.756,8271108.638,40765428.571,6322.8,5850.902,1477,0,0,1,0,0,0,0,0,0
2019,KGZ,TKM,KGZ,TKM,3004.933,8871026.074000001,45231428.571,6456.2,5942.094,1477,0,0,1,0,0,0,0,0,0
1995,KGZ,UKR,KGZ,UKR,8342.367,1661018.496,48213868.544,4560.4000000000005,51512.299,3211,0,0,0,0,0,0,0,0,0
1996,KGZ,UKR,KGZ,UKR,9602.882,1827570.56,44558077.952,4628.4000000000005,51057.19,3211,0,0,0,0,0,0,0,0,0
1997,KGZ,UKR,KGZ,UKR,8690.81,1767864.064,50150400,4696.4000000000005,50594.105,3211,0,0,0,0,0,0,0,0,0
1998,KGZ,UKR,KGZ,UKR,10479.781,1645963.776,41883242.496,4769,50143.94,3211,0,0,1,0,0,0,0,0,0
1999,KGZ,UKR,KGZ,UKR,7482.164,1249062.016,31580639.232,4840.4000000000005,49673.351,3211,0,0,1,0,0,0,0,0,0
2000,KGZ,UKR,KGZ,UKR,2362.34,1369691.904,31261528.064,4898.4000000000005,49175.846,3213,0,0,1,0,0,0,0,0,0
2001,KGZ,UKR,KGZ,UKR,2899.919,1525113.472,38009344,4945.1,48683.865,3213,0,0,1,0,0,0,0,0,0
2002,KGZ,UKR,KGZ,UKR,4313.07,1605640.576,42392895.488,4990.7,48202.499,3213,0,0,1,0,0,0,0,0,0
2003,KGZ,UKR,KGZ,UKR,5418.371,1919012.736,50132955.136,5043.3,47812.95,3213,0,0,1,0,0,0,0,0,0
2004,KGZ,UKR,KGZ,UKR,5228.59,2211535.36,64883060.736,5104.7,47451.599,3213,0,0,1,0,0,0,0,0,0
2005,KGZ,UKR,KGZ,UKR,6014.5830000000005,2459876.096,86142017.536,5162.6,47105.148,3217,0,0,1,0,0,0,0,0,0
2006,KGZ,UKR,KGZ,UKR,5353.86,2834168.832,107753070.592,5218.4000000000005,46787.75,3217,0,0,1,0,0,0,0,0,0
2007,KGZ,UKR,KGZ,UKR,6330.539,3802566.144,142719008.768,5268.4000000000005,46509.35,3217,0,0,1,0,0,0,0,0,0
2008,KGZ,UKR,KGZ,UKR,9118.878,5139957.76,179992412.16,5318.7,46258.202,3217,0,0,1,1,0,0,1,0,0
2009,KGZ,UKR,KGZ,UKR,4012.474,4690062.336,117227765.76,5383.3,46053.299,3217,0,0,1,1,0,0,1,0,0
2010,KGZ,UKR,KGZ,UKR,6175.299,4794357.76,136419303.424,5447.9000000000005,45870.701,3222,0,0,1,1,0,0,1,0,0
2011,KGZ,UKR,KGZ,UKR,7493.332,6197766.144,163421732.864,5514.6,45706.1,3222,0,0,1,1,0,0,1,0,0
2012,KGZ,UKR,KGZ,UKR,6521.214,6605139.968,176603430.912,5607.2,45593.3,3222,0,0,1,1,0,0,1,0,0
2013,KGZ,UKR,KGZ,UKR,11779.143,7226303.488,177430609.92000002,5719.5,45489.601,3222,0,0,1,1,0,0,1,0,0
2014,KGZ,UKR,KGZ,UKR,4587.403,7468096.512,133503410.176,5835.5,45271.946,3222,0,0,1,1,0,0,1,0,0
2015,KGZ,UKR,KGZ,UKR,7941.85,6678178.3040000005,91030962.176,5956.9000000000005,45154.03,3226,0,0,1,1,0,0,1,0,0
2016,KGZ,UKR,KGZ,UKR,3166.56,6551287.808,93270482.944,6082.7,45004.646,3226,0,0,1,1,0,0,1,0,0
2017,KGZ,UKR,KGZ,UKR,3545.2380000000003,7702934.8,112090530.369,6198.2,44831.135,3226,0,0,1,1,0,0,1,0,0
2018,KGZ,UKR,KGZ,UKR,6425.143,8271108.638,130891049.797,6322.8,44622.517,3226,0,0,1,1,0,0,1,0,0
2019,KGZ,UKR,KGZ,UKR,13630.197,8871026.074000001,153882982.016,6456.2,44386.204,3226,0,0,1,1,0,0,1,0,0
2020,KGZ,UKR,KGZ,UKR,8593.762,7780874.537,156617861.449,6579.9000000000005,44132.05,3230,0,0,1,1,0,0,1,0,0
1995,KGZ,UZB,KGZ,UZB,70821.30900000001,1661018.496,13350461.44,4560.4000000000005,22785,462,0,1,0,0,0,0,0,0,0
1996,KGZ,UZB,KGZ,UZB,116810.494,1827570.56,13948892.16,4628.4000000000005,23225,462,0,1,0,0,0,0,0,0,0
1998,KGZ,UZB,KGZ,UZB,38535.28,1645963.776,14988971.008,4769,24051.001,462,0,1,1,0,0,0,0,0,0
1999,KGZ,UZB,KGZ,UZB,46562.1,1249062.016,17078465.536000002,4840.4000000000005,24311.649,462,0,1,1,0,0,0,0,0,0
2000,KGZ,UZB,KGZ,UZB,89413.55500000001,1369691.904,13760374.784,4898.4000000000005,24650.4,460,0,1,1,0,0,0,0,0,0
2001,KGZ,UZB,KGZ,UZB,47997.644,1525113.472,11401351.168,4945.1,24964.451,460,0,1,1,0,0,0,0,0,0
2002,KGZ,UZB,KGZ,UZB,27740.96,1605640.576,9687951.36,4990.7,25271.851,460,0,1,1,0,0,0,0,0,0
2003,KGZ,UZB,KGZ,UZB,16258.855,1919012.736,10128112.64,5043.3,25567.65,460,0,1,1,0,0,0,0,0,0
2004,KGZ,UZB,KGZ,UZB,14690.752,2211535.36,12030023.68,5104.7,25864.349,460,0,1,1,0,0,0,0,0,0
2005,KGZ,UZB,KGZ,UZB,17095.415,2459876.096,14307510.272,5162.6,26167,460,0,1,1,0,0,0,0,0,0
2006,KGZ,UZB,KGZ,UZB,27856.494,2834168.832,17030896.64,5218.4000000000005,26488.251,460,0,1,1,0,0,0,0,0,0
2007,KGZ,UZB,KGZ,UZB,85671.792,3802566.144,22311393.28,5268.4000000000005,26868,460,0,1,1,0,0,0,0,0,0
2008,KGZ,UZB,KGZ,UZB,232106.515,5139957.76,27934031.872,5318.7,27302.799,460,0,1,1,0,0,0,0,0,0
2009,KGZ,UZB,KGZ,UZB,166609.874,4690062.336,32816828.416,5383.3,27767.401,460,0,1,1,0,0,0,0,0,0
2010,KGZ,UZB,KGZ,UZB,40173.644,4794357.76,39332769.792,5447.9000000000005,28562.401,462,0,1,1,0,0,0,0,0,0
2011,KGZ,UZB,KGZ,UZB,124437.322,6197766.144,45324320.768,5514.6,29339.399,462,0,1,1,0,0,0,0,0,0
2012,KGZ,UZB,KGZ,UZB,190127.727,6605139.968,51183443.968,5607.2,29774.5,462,0,1,1,0,0,0,0,0,0
2013,KGZ,UZB,KGZ,UZB,159010.508,7226303.488,56795656.192,5719.5,30241.1,462,0,1,1,0,0,0,0,0,0
2014,KGZ,UZB,KGZ,UZB,163698.424,7468096.512,63067078.656,5835.5,30757.7,462,0,1,1,0,0,0,0,0,0
2015,KGZ,UZB,KGZ,UZB,95029.823,6678178.3040000005,66903805.952,5956.9000000000005,31298.901,463,0,1,1,0,0,0,0,0,0
2016,KGZ,UZB,KGZ,UZB,125073.97,6551287.808,67220336.64,6082.7,31848.2,463,0,1,1,0,0,0,0,0,0
2017,KGZ,UZB,KGZ,UZB,146285.445,7702934.8,62081323.299,6198.2,32388.599,463,0,1,1,0,0,0,0,0,0
2018,KGZ,UZB,KGZ,UZB,158499.56,8271108.638,52633143.808,6322.8,32956.1,463,0,1,1,0,0,0,0,0,0
2019,KGZ,UZB,KGZ,UZB,138879.699,8871026.074000001,59907674.027,6456.2,33580.349,463,0,1,1,0,0,0,0,0,0
2020,KGZ,UZB,KGZ,UZB,152549.306,7780874.537,59894305.353,6579.9000000000005,34232.052,465,0,1,1,0,0,0,0,0,0
1992,LTU,ARM,LTU,ARM,6628.2750000000005,8562311.168,1272577.536,3700.114,3449.4970000000003,2155,0,0,0,0,0,0,0,0,0
1994,LTU,ARM,LTU,ARM,2161.871,6958637.056,1315158.656,3657.144,3289.943,2155,0,0,0,0,0,0,0,0,0
1995,LTU,ARM,LTU,ARM,1485.792,7904896,1468317.312,3629.102,3223.173,2155,0,0,0,0,0,0,0,0,0
1996,LTU,ARM,LTU,ARM,3117.184,8426599.936,1596968.96,3601.6130000000003,3173.425,2155,0,0,0,0,0,0,0,0,0
1997,LTU,ARM,LTU,ARM,1096.872,10128700.416,1639492.48,3575.137,3137.652,2155,0,0,0,0,0,0,0,0,0
1998,LTU,ARM,LTU,ARM,2178.295,11254049.792,1893726.464,3549.331,3112.958,2155,0,0,0,0,0,0,0,0,0
1999,LTU,ARM,LTU,ARM,1316.309,10971374.592,1845482.24,3524.2380000000003,3093.82,2155,0,0,0,0,0,0,0,0,0
2000,LTU,ARM,LTU,ARM,2650.541,11434200.064,1911563.648,3499.536,3076.098,2155,0,0,0,0,0,0,0,0,0
2001,LTU,ARM,LTU,ARM,4612.3330000000005,12159224.832,2118467.968,3470.818,3059.96,2155,0,0,1,0,0,0,0,0,0
2002,LTU,ARM,LTU,ARM,4311.46,14163949.568,2376335.104,3443.067,3047.002,2155,0,0,1,0,0,0,0,0,0
2003,LTU,ARM,LTU,ARM,1173.746,18608709.632,2807060.992,3415.213,3036.032,2155,0,0,1,1,0,0,1,0,0
2004,LTU,ARM,LTU,ARM,898.599,22659295.232,3576615.168,3377.0750000000003,3025.652,2155,0,0,1,1,0,0,1,0,0
2005,LTU,ARM,LTU,ARM,1755.366,26085306.368,4900436.992000001,3322.528,3014.917,2155,0,0,1,1,0,0,1,0,0
2006,LTU,ARM,LTU,ARM,1336.742,30246361.088,6384457.728,3269.909,3002.911,2155,0,0,1,1,0,0,1,0,0
2007,LTU,ARM,LTU,ARM,1360.201,39325986.816,9206301.696,3231.294,2989.882,2155,0,0,1,1,0,0,1,0,0
2008,LTU,ARM,LTU,ARM,1578.941,47438364.672,11662041.088,3198.231,2977.4880000000003,2155,0,0,1,1,0,0,1,0,0
2009,LTU,ARM,LTU,ARM,2457.1710000000003,37050081.28,8647937.024,3162.916,2968.154,2155,0,0,1,1,0,0,1,0,0
2010,LTU,ARM,LTU,ARM,5387.388,36709511.168,9260286.976,3097.282,2963.496,2155,0,0,1,1,0,0,1,0,0
2011,LTU,ARM,LTU,ARM,6213.376,43083067.392,10142343.168,3028.115,2964.12,2155,0,0,1,1,0,0,1,0,0
2012,LTU,ARM,LTU,ARM,7177.798,42343559.168,9958217.728,2987.773,2969.081,2155,0,0,1,1,0,0,1,0,0
2013,LTU,ARM,LTU,ARM,10248.456,45931966.464,10432169.984,2956.121,2976.5660000000003,2155,0,0,1,1,0,0,1,0,0
2014,LTU,ARM,LTU,ARM,11998.67,48545251.328,11609512.96,2932.367,2906.2200000000003,2155,0,0,1,1,0,0,1,0,0
2015,LTU,ARM,LTU,ARM,17583.905,41402023.936,10529182.72,2904.91,2916.9500000000003,2155,0,0,1,1,0,0,1,0,0
2016,LTU,ARM,LTU,ARM,22764.851,42738876.416,10547331.072,2872.298,2924.8160000000003,2155,0,0,1,1,0,0,1,0,0
2017,LTU,ARM,LTU,ARM,39905.461,47758736.932,11527458.566,2828.403,2944.789,2155,0,0,1,1,0,0,1,0,0
2018,LTU,ARM,LTU,ARM,27301.82,53750911.866,12457941.907,2801.543,2951.741,2155,0,0,1,1,0,0,1,0,0
2019,LTU,ARM,LTU,ARM,13639.289,54697379.017000005,13619291.361,2794.137,2957.728,2155,0,0,1,1,0,0,1,0,0
2020,LTU,ARM,LTU,ARM,15498.021,56546957.475,12641209.802,2794.885,2963.234,2155,0,0,1,1,0,0,1,0,0
1992,LTU,AZE,LTU,AZE,17567.41,8562311.168,4991350.272,3700.114,7382,2388,0,0,0,0,0,0,0,0,0
1994,LTU,AZE,LTU,AZE,9297.666,6958637.056,3313739.776,3657.144,7597,2388,0,0,0,0,0,0,0,0,0
1995,LTU,AZE,LTU,AZE,5211.057,7904896,3052467.456,3629.102,7685,2387,0,0,0,0,0,0,0,0,0
1996,LTU,AZE,LTU,AZE,6033.246,8426599.936,3176749.568,3601.6130000000003,7763,2387,0,0,0,0,0,0,0,0,0
1997,LTU,AZE,LTU,AZE,7343.862,10128700.416,3962710.272,3575.137,7838.25,2387,0,0,0,0,0,0,0,0,0
1998,LTU,AZE,LTU,AZE,6313.578,11254049.792,4446396.416,3549.331,7913,2387,0,0,0,0,0,0,0,0,0
1999,LTU,AZE,LTU,AZE,2511.108,10971374.592,4581222.4,3524.2380000000003,7982.75,2387,0,0,0,0,0,0,0,0,0
2000,LTU,AZE,LTU,AZE,1394.924,11434200.064,5272616.96,3499.536,8048.6,2387,0,0,0,0,0,0,0,0,0
2001,LTU,AZE,LTU,AZE,1181.989,12159224.832,5707618.3040000005,3470.818,8111.2,2387,0,0,1,0,0,0,0,0,0
2002,LTU,AZE,LTU,AZE,1692.067,14163949.568,6236024.832,3443.067,8171.95,2387,0,0,1,0,0,0,0,0,0
2003,LTU,AZE,LTU,AZE,2546.777,18608709.632,7275766.272,3415.213,8234.1,2387,0,0,1,0,0,0,0,0,0
2004,LTU,AZE,LTU,AZE,6999.107,22659295.232,8680511.488,3377.0750000000003,8306.5,2387,0,0,1,0,0,0,0,0,0
2005,LTU,AZE,LTU,AZE,8128.064,26085306.368,13245421.568,3322.528,8391.85,2387,0,0,1,0,0,0,0,0,0
2006,LTU,AZE,LTU,AZE,8757.387,30246361.088,20982269.952,3269.909,8484.55,2387,0,0,1,0,0,0,0,0,0
2007,LTU,AZE,LTU,AZE,12232.156,39325986.816,33050343.424,3231.294,8581.3,2387,0,0,1,0,0,0,0,0,0
2008,LTU,AZE,LTU,AZE,22033.998,47438364.672,48852484.096,3198.231,8763.4,2387,0,0,1,0,0,0,0,0,0
2009,LTU,AZE,LTU,AZE,24589.953,37050081.28,44291489.792,3162.916,8947.243,2387,0,0,1,0,0,0,0,0,0
2010,LTU,AZE,LTU,AZE,43273.577,36709511.168,52902703.104,3097.282,9054.332,2389,0,0,1,0,0,0,0,0,0
2011,LTU,AZE,LTU,AZE,32335.213,43083067.392,65951625.216,3028.115,9173.082,2389,0,0,1,0,0,0,0,0,0
2012,LTU,AZE,LTU,AZE,45134.727,42343559.168,68730904.576,2987.773,9295.784,2389,0,0,1,0,0,0,0,0,0
2013,LTU,AZE,LTU,AZE,37163.518,45931966.464,73560481.792,2956.121,9416.598,2389,0,0,1,0,0,0,0,0,0
2014,LTU,AZE,LTU,AZE,55973.617,48545251.328,75244167.168,2932.367,9535.079,2389,0,0,1,0,0,0,0,0,0
2015,LTU,AZE,LTU,AZE,41241.35,41402023.936,53074370.56,2904.91,9649.341,2389,0,0,1,0,0,0,0,0,0
2016,LTU,AZE,LTU,AZE,30818.251,42738876.416,37847715.84,2872.298,9762.274,2389,0,0,1,0,0,0,0,0,0
2017,LTU,AZE,LTU,AZE,37402.302,47758736.932,40865558.912,2828.403,9854.033,2389,0,0,1,0,0,0,0,0,0
2018,LTU,AZE,LTU,AZE,30709.035,53750911.866,47112941.176,2801.543,9939.771,2389,0,0,1,0,0,0,0,0,0
2019,LTU,AZE,LTU,AZE,45463.942,54697379.017000005,48174235.294,2794.137,10024.283,2389,0,0,1,0,0,0,0,0,0
2020,LTU,AZE,LTU,AZE,41558.262,56546957.475,42693000,2794.885,10093.121,2390,0,0,1,0,0,0,0,0,0
1992,LTU,BLR,LTU,BLR,213963.845,8562311.168,17022180.352,3700.114,10216,219,0,1,0,0,0,0,0,0,0
1994,LTU,BLR,LTU,BLR,131638.878,6958637.056,14931599.36,3657.144,10227,219,0,1,0,0,0,0,0,0,0
1995,LTU,BLR,LTU,BLR,290967.961,7904896,13972637.696,3629.102,10194,218,0,1,0,0,0,0,0,0,0
1996,LTU,BLR,LTU,BLR,341971.23600000003,8426599.936,14756861.952,3601.6130000000003,10160,218,0,1,0,0,0,0,0,0,0
1997,LTU,BLR,LTU,BLR,397146.001,10128700.416,14128412.672,3575.137,10117,218,0,1,0,0,0,0,0,0,0
1998,LTU,BLR,LTU,BLR,328523.85000000003,11254049.792,15222014.976,3549.331,10069,218,0,1,0,0,0,0,0,0,0
1999,LTU,BLR,LTU,BLR,177488.168,10971374.592,12138485.76,3524.2380000000003,10035,218,0,1,0,0,0,0,0,0,0
2000,LTU,BLR,LTU,BLR,110690.243,11434200.064,12736856.064,3499.536,10005,217,0,1,0,0,0,0,0,0,0
2001,LTU,BLR,LTU,BLR,178624.158,12159224.832,12354820.096,3470.818,9928,217,0,1,1,0,0,0,0,0,0
2002,LTU,BLR,LTU,BLR,173398.503,14163949.568,14594925.568,3443.067,9865,217,0,1,1,0,0,0,0,0,0
2003,LTU,BLR,LTU,BLR,226869.217,18608709.632,17825435.648000002,3415.213,9797,217,0,1,1,0,0,0,0,0,0
2004,LTU,BLR,LTU,BLR,296816.782,22659295.232,23141586.944,3377.0750000000003,9730,217,0,1,1,0,0,0,0,0,0
2005,LTU,BLR,LTU,BLR,406671.987,26085306.368,30210091.008,3322.528,9663,216,0,1,1,0,0,0,0,0,0
2006,LTU,BLR,LTU,BLR,536371.279,30246361.088,36961918.976,3269.909,9604,216,0,1,1,0,0,0,0,0,0
2007,LTU,BLR,LTU,BLR,689575.557,39325986.816,45275713.536,3231.294,9560,216,0,1,1,0,0,0,0,0,0
2008,LTU,BLR,LTU,BLR,1059701.096,47438364.672,60763484.16,3198.231,9528,216,0,1,1,0,0,0,0,0,0
2009,LTU,BLR,LTU,BLR,779235.405,37050081.28,49208655.872,3162.916,9507,216,0,1,1,0,0,0,0,0,0
2010,LTU,BLR,LTU,BLR,1088791.408,36709511.168,55220932.608,3097.282,9490,215,0,1,1,0,0,0,0,0,0
2011,LTU,BLR,LTU,BLR,1459403.976,43083067.392,59734593.536,3028.115,9473,215,0,1,1,0,0,0,0,0,0
2012,LTU,BLR,LTU,BLR,1358866.829,42343559.168,63615447.04,2987.773,9464,215,0,1,1,0,0,0,0,0,0
2013,LTU,BLR,LTU,BLR,1693375.287,45931966.464,71709515.77600001,2956.121,9466,215,0,1,1,0,0,0,0,0,0
2014,LTU,BLR,LTU,BLR,3290013.6,48545251.328,78813052.928,2932.367,9474.511,215,0,1,1,0,0,0,0,0,0
2015,LTU,BLR,LTU,BLR,1171132.461,41402023.936,56454774.784,2904.91,9489.616,215,0,1,1,0,0,0,0,0,0
2016,LTU,BLR,LTU,BLR,962976.596,42738876.416,47433441.28,2872.298,9507.12,215,0,1,1,0,0,0,0,0,0
2017,LTU,BLR,LTU,BLR,1136018.177,47758736.932,54726595.249,2828.403,9458.989,215,0,1,1,0,0,0,0,0,0
2018,LTU,BLR,LTU,BLR,1271305.78,53750911.866,60031262.269,2801.543,9438.785,215,0,1,1,0,0,0,0,0,0
2019,LTU,BLR,LTU,BLR,1282895.785,54697379.017000005,64409647.194,2794.137,9419.758,215,0,1,1,0,0,0,0,0,0
2020,LTU,BLR,LTU,BLR,1189597.539,56546957.475,61489588.895,2794.885,9379.952,215,0,1,1,0,0,0,0,0,0
1995,LTU,EST,LTU,EST,60355.193,7904896,4362191.36,3629.102,1436.634,530,0,0,0,0,0,0,0,0,0
1996,LTU,EST,LTU,EST,84081.657,8426599.936,4739181.568,3601.6130000000003,1415.594,530,0,0,0,0,0,0,0,0,0
1997,LTU,EST,LTU,EST,97263.924,10128700.416,5059146.752,3575.137,1399.535,530,0,0,0,0,0,0,0,0,0
1998,LTU,EST,LTU,EST,97520.521,11254049.792,5608007.1680000005,3549.331,1386.156,530,0,0,0,0,0,0,0,0,0
1999,LTU,EST,LTU,EST,70561.42,10971374.592,5715278.848,3524.2380000000003,1380.62,530,0,0,0,1,0,0,0,0,0
2000,LTU,EST,LTU,EST,85752.278,11434200.064,5685561.3440000005,3499.536,1396.985,530,0,0,0,1,0,0,0,0,0
2001,LTU,EST,LTU,EST,148806.678,12159224.832,6233506.3040000005,3470.818,1388.115,530,0,0,1,1,0,0,1,0,0
2002,LTU,EST,LTU,EST,207884.685,14163949.568,7308609.024,3443.067,1379.35,530,0,0,1,1,0,0,1,0,0
2003,LTU,EST,LTU,EST,308117.114,18608709.632,9822143.488,3415.213,1370.72,530,0,0,1,1,0,0,1,0,0
2004,LTU,EST,LTU,EST,465849.219,22659295.232,12057639.936,3377.0750000000003,1362.55,530,0,0,1,1,0,0,1,1,0
2005,LTU,EST,LTU,EST,692014.855,26085306.368,14003096.576,3322.528,1354.775,530,0,0,1,1,0,0,1,1,0
2006,LTU,EST,LTU,EST,913542.093,30246361.088,16958045.184,3269.909,1346.81,530,0,0,1,1,0,0,1,1,0
2007,LTU,EST,LTU,EST,997694.512,39325986.816,22228670.464,3231.294,1340.68,530,0,0,1,1,0,0,1,1,0
2008,LTU,EST,LTU,EST,1360301.238,47438364.672,24185794.56,3198.231,1337.09,530,0,0,1,1,0,0,1,1,0
2009,LTU,EST,LTU,EST,1159513.021,37050081.28,19640621.056,3162.916,1334.515,530,0,0,1,1,0,0,1,1,0
2010,LTU,EST,LTU,EST,1051342.779,36709511.168,19479013.376,3097.282,1331.475,530,0,0,1,1,0,0,1,1,0
2011,LTU,EST,LTU,EST,1820638.013,43083067.392,22803433.472,3028.115,1327.439,530,0,0,1,1,0,0,1,1,0
2012,LTU,EST,LTU,EST,2319394.143,42343559.168,22660753.408,2987.773,1325.016,530,0,0,1,1,0,0,1,1,0
2013,LTU,EST,LTU,EST,1822739.835,45931966.464,24880265.216,2956.121,1324.612,530,0,0,1,1,0,0,1,1,0
2014,LTU,EST,LTU,EST,1398902.492,48545251.328,26213941.248,2932.367,1314.545,530,0,0,1,1,0,0,1,1,0
2015,LTU,EST,LTU,EST,1337138.229,41402023.936,22460471.296,2904.91,1315.407,530,0,0,1,1,0,0,1,1,0
2016,LTU,EST,LTU,EST,1325789.311,42738876.416,23136741.376,2872.298,1316.481,530,0,0,1,1,0,0,1,1,0
2017,LTU,EST,LTU,EST,1411823.704,47758736.932,26924385.103,2828.403,1317.384,530,0,0,1,1,0,0,1,1,0
2018,LTU,EST,LTU,EST,1638900.561,53750911.866,30489500.905,2801.543,1321.977,530,0,0,1,1,0,0,1,1,0
2019,LTU,EST,LTU,EST,1696541.603,54697379.017000005,31045591.753,2794.137,1326.855,530,0,0,1,1,0,0,1,1,0
2020,LTU,EST,LTU,EST,1520294.965,56546957.475,30650285.472,2794.885,1329.479,530,0,0,1,1,0,0,1,1,0
1992,LTU,GEO,LTU,GEO,4013.484,8562311.168,3690615.808,3700.114,4873.5,2036,0,0,0,0,0,0,0,0,0
1994,LTU,GEO,LTU,GEO,14404.875,6958637.056,2513870.592,3657.144,4861.6,2036,0,0,0,0,0,0,0,0,0
1995,LTU,GEO,LTU,GEO,7761.683,7904896,2693731.84,3629.102,4734,2036,0,0,0,0,0,0,0,0,0
1996,LTU,GEO,LTU,GEO,7653.373,8426599.936,3094915.5840000003,3601.6130000000003,4616.1,2036,0,0,0,0,0,0,0,0,0
1997,LTU,GEO,LTU,GEO,4519.9310000000005,10128700.416,3510540.8000000003,3575.137,4531.6,2036,0,0,0,0,0,0,0,0,0
1998,LTU,GEO,LTU,GEO,2450.935,11254049.792,3613500.16,3549.331,4487.3,2036,0,0,0,0,0,0,0,0,0
1999,LTU,GEO,LTU,GEO,2545.942,10971374.592,2800024.32,3524.2380000000003,4452.5,2036,0,0,0,0,0,0,0,0,0
2000,LTU,GEO,LTU,GEO,3098.221,11434200.064,3057453.568,3499.536,4418.3,2036,0,0,0,1,0,0,0,0,0
2001,LTU,GEO,LTU,GEO,4510.578,12159224.832,3219487.744,3470.818,4386.4000000000005,2036,0,0,1,1,0,0,1,0,0
2002,LTU,GEO,LTU,GEO,2106.596,14163949.568,3395778.56,3443.067,4357,2036,0,0,1,1,0,0,1,0,0
2003,LTU,GEO,LTU,GEO,2015.202,18608709.632,3991374.592,3415.213,4328.9,2036,0,0,1,1,0,0,1,0,0
2004,LTU,GEO,LTU,GEO,5278.803,22659295.232,5125274.112,3377.0750000000003,4318.3,2036,0,0,1,1,0,0,1,0,0
2005,LTU,GEO,LTU,GEO,30621.789,26085306.368,6411147.264,3322.528,4361.4,2036,0,0,1,1,0,0,1,0,0
2006,LTU,GEO,LTU,GEO,9321.237,30246361.088,7761900.032000001,3269.909,4398,2036,0,0,1,1,0,0,1,0,0
2007,LTU,GEO,LTU,GEO,15804.247,39325986.816,10172260.352,3231.294,4388.4000000000005,2036,0,0,1,1,0,0,1,0,0
2008,LTU,GEO,LTU,GEO,25680.297,47438364.672,12799337.472,3198.231,4383.8,2036,0,0,1,1,0,0,1,0,0
2009,LTU,GEO,LTU,GEO,17735.124,37050081.28,10766836.736,3162.916,4410.9000000000005,2036,0,0,1,1,0,0,1,0,0
2010,LTU,GEO,LTU,GEO,26133.148,36709511.168,11638537.216,3097.282,4452.8,2036,0,0,1,1,0,0,1,0,0
2011,LTU,GEO,LTU,GEO,39842.477,43083067.392,14434620.416,3028.115,4483.35,2036,0,0,1,1,0,0,1,0,0
2012,LTU,GEO,LTU,GEO,51482.257,42343559.168,15846474.752,2987.773,4490.7,2036,0,0,1,1,0,0,1,0,0
2013,LTU,GEO,LTU,GEO,37139.842,45931966.464,16140047.36,2956.121,4476.9000000000005,2036,0,0,1,1,0,0,1,0,0
2014,LTU,GEO,LTU,GEO,49638.405,48545251.328,16509305.856,2932.367,3727,2036,0,0,1,1,0,0,1,0,0
2015,LTU,GEO,LTU,GEO,51123.484,41402023.936,13993546.752,2904.91,3717.1,2036,0,0,1,1,0,0,1,0,0
2016,LTU,GEO,LTU,GEO,40808.71,42738876.416,14332879.872,2872.298,3719.3,2036,0,0,1,1,0,0,1,0,0
2017,LTU,GEO,LTU,GEO,45715.89,47758736.932,16242916.916,2828.403,3728.004,2036,0,0,1,1,0,0,1,0,0
2018,LTU,GEO,LTU,GEO,36895.257,53750911.866,17596922.47,2801.543,3726.549,2036,0,0,1,1,0,0,1,0,0
2019,LTU,GEO,LTU,GEO,37026.185,54697379.017000005,17470436.259,2794.137,3720.161,2036,0,0,1,1,0,0,1,0,0
2020,LTU,GEO,LTU,GEO,37869.654,56546957.475,15842922.533,2794.885,3722.716,2036,0,0,1,1,0,0,1,0,0
1992,LTU,KAZ,LTU,KAZ,26639.942,8562311.168,24906940.416,3700.114,16439.095,3419,0,0,0,0,0,0,0,0,0
1994,LTU,KAZ,LTU,KAZ,42204.355,6958637.056,21250838.528,3657.144,16095.2,3419,0,0,0,0,0,0,0,0,0
1995,LTU,KAZ,LTU,KAZ,34193.63,7904896,20374306.816,3629.102,15815.626,3420,0,0,0,0,0,0,0,0,0
1996,LTU,KAZ,LTU,KAZ,30851.911,8426599.936,21035358.208,3601.6130000000003,15577.894,3420,0,0,0,0,0,0,0,0,0
1997,LTU,KAZ,LTU,KAZ,43928.816,10128700.416,22165932.032,3575.137,15333.703,3420,0,0,0,0,0,0,0,0,0
1998,LTU,KAZ,LTU,KAZ,40375.859,11254049.792,22135244.8,3549.331,15071.3,3420,0,0,0,0,0,0,0,0,0
1999,LTU,KAZ,LTU,KAZ,14088.274,10971374.592,16870816.768,3524.2380000000003,14928.426,3420,0,0,0,0,0,0,0,0,0
2000,LTU,KAZ,LTU,KAZ,16071.422,11434200.064,18291990.528,3499.536,14883.626,3414,0,0,0,0,0,0,0,0,0
2001,LTU,KAZ,LTU,KAZ,21391.068,12159224.832,22152689.664,3470.818,14858.335,3414,0,0,1,0,0,0,0,0,0
2002,LTU,KAZ,LTU,KAZ,33191.949,14163949.568,24636598.272,3443.067,14858.948,3414,0,0,1,0,0,0,0,0,0
2003,LTU,KAZ,LTU,KAZ,53947.887,18608709.632,30833692.672,3415.213,14909.018,3414,0,0,1,0,0,0,0,0,0
2004,LTU,KAZ,LTU,KAZ,84515.463,22659295.232,43151646.72,3377.0750000000003,15012.985,3414,0,0,1,0,0,0,0,0,0
2005,LTU,KAZ,LTU,KAZ,114991.367,26085306.368,57123672.064,3322.528,15147.029,3392,0,0,1,0,0,0,0,0,0
2006,LTU,KAZ,LTU,KAZ,216952.771,30246361.088,81003864.064,3269.909,15308.084,3392,0,0,1,0,0,0,0,0,0
2007,LTU,KAZ,LTU,KAZ,331666.831,39325986.816,104849883.136,3231.294,15484.192,3392,0,0,1,0,0,0,0,0,0
2008,LTU,KAZ,LTU,KAZ,269146.49700000003,47438364.672,133441609.728,3198.231,15674,3392,0,0,1,0,0,0,0,0,0
2009,LTU,KAZ,LTU,KAZ,282743.184,37050081.28,115308658.688,3162.916,16092.701,3392,0,0,1,0,0,0,0,0,0
2010,LTU,KAZ,LTU,KAZ,313081.835,36709511.168,148047347.712,3097.282,16321.581,3381,0,0,1,0,0,0,0,0,0
2011,LTU,KAZ,LTU,KAZ,443463.245,43083067.392,188048965.632,3028.115,16556.601,3381,0,0,1,0,0,0,0,0,0
2012,LTU,KAZ,LTU,KAZ,443979.138,42343559.168,203517198.336,2987.773,16791.426,3381,0,0,1,0,0,0,0,0,0
2013,LTU,KAZ,LTU,KAZ,586115.667,45931966.464,231876280.32,2956.121,17037.508,3381,0,0,1,0,0,0,0,0,0
2014,LTU,KAZ,LTU,KAZ,544747.349,48545251.328,221415571.456,2932.367,17289.225,3381,0,0,1,0,0,0,0,0,0
2015,LTU,KAZ,LTU,KAZ,430098.715,41402023.936,184388435.968,2904.91,17544.127,3378,0,0,1,1,0,0,1,0,0
2016,LTU,KAZ,LTU,KAZ,316559.139,42738876.416,133657083.904,2872.298,17797.031,3378,0,0,1,1,0,0,1,0,0
2017,LTU,KAZ,LTU,KAZ,472677.03,47758736.932,166805800.59600002,2828.403,18037.777,3378,0,0,1,1,0,0,1,0,0
2018,LTU,KAZ,LTU,KAZ,443398.504,53750911.866,179339994.859,2801.543,18276.451,3378,0,0,1,1,0,0,1,0,0
2019,LTU,KAZ,LTU,KAZ,482216.991,54697379.017000005,181667190.076,2794.137,18513.674,3378,0,0,1,1,0,0,1,0,0
2020,LTU,KAZ,LTU,KAZ,447154.507,56546957.475,171082379.533,2794.885,18755.667,3374,0,0,1,1,0,0,1,0,0
1992,LTU,KGZ,LTU,KGZ,4977.1410000000005,8562311.168,2316562.432,3700.114,4515.4000000000005,3764,0,0,0,0,0,0,0,0,0
1994,LTU,KGZ,LTU,KGZ,2945.501,6958637.056,1681006.976,3657.144,4515.1,3764,0,0,0,0,0,0,0,0,0
1995,LTU,KGZ,LTU,KGZ,2413.872,7904896,1661018.496,3629.102,4560.4000000000005,3764,0,0,0,0,0,0,0,0,0
1996,LTU,KGZ,LTU,KGZ,4923.567,8426599.936,1827570.56,3601.6130000000003,4628.4000000000005,3764,0,0,0,0,0,0,0,0,0
1997,LTU,KGZ,LTU,KGZ,4107.652,10128700.416,1767864.064,3575.137,4696.4000000000005,3764,0,0,0,0,0,0,0,0,0
1998,LTU,KGZ,LTU,KGZ,3293.146,11254049.792,1645963.776,3549.331,4769,3764,0,0,0,1,0,0,0,0,0
1999,LTU,KGZ,LTU,KGZ,2783.2290000000003,10971374.592,1249062.016,3524.2380000000003,4840.4000000000005,3764,0,0,0,1,0,0,0,0,0
2000,LTU,KGZ,LTU,KGZ,2619.156,11434200.064,1369691.904,3499.536,4898.4000000000005,3764,0,0,0,1,0,0,0,0,0
2001,LTU,KGZ,LTU,KGZ,3570.977,12159224.832,1525113.472,3470.818,4945.1,3764,0,0,1,1,0,0,1,0,0
2002,LTU,KGZ,LTU,KGZ,6784.527,14163949.568,1605640.576,3443.067,4990.7,3764,0,0,1,1,0,0,1,0,0
2003,LTU,KGZ,LTU,KGZ,5977.527,18608709.632,1919012.736,3415.213,5043.3,3764,0,0,1,1,0,0,1,0,0
2004,LTU,KGZ,LTU,KGZ,8128.318,22659295.232,2211535.36,3377.0750000000003,5104.7,3764,0,0,1,1,0,0,1,0,0
2005,LTU,KGZ,LTU,KGZ,11324.577,26085306.368,2459876.096,3322.528,5162.6,3764,0,0,1,1,0,0,1,0,0
2006,LTU,KGZ,LTU,KGZ,16998.422,30246361.088,2834168.832,3269.909,5218.4000000000005,3764,0,0,1,1,0,0,1,0,0
2007,LTU,KGZ,LTU,KGZ,36010.477,39325986.816,3802566.144,3231.294,5268.4000000000005,3764,0,0,1,1,0,0,1,0,0
2008,LTU,KGZ,LTU,KGZ,44819.979,47438364.672,5139957.76,3198.231,5318.7,3764,0,0,1,1,0,0,1,0,0
2009,LTU,KGZ,LTU,KGZ,20573.275,37050081.28,4690062.336,3162.916,5383.3,3764,0,0,1,1,0,0,1,0,0
2010,LTU,KGZ,LTU,KGZ,36915.208,36709511.168,4794357.76,3097.282,5447.9000000000005,3764,0,0,1,1,0,0,1,0,0
2011,LTU,KGZ,LTU,KGZ,125292.179,43083067.392,6197766.144,3028.115,5514.6,3764,0,0,1,1,0,0,1,0,0
2012,LTU,KGZ,LTU,KGZ,89701.95300000001,42343559.168,6605139.968,2987.773,5607.2,3764,0,0,1,1,0,0,1,0,0
2013,LTU,KGZ,LTU,KGZ,118212.798,45931966.464,7226303.488,2956.121,5719.5,3764,0,0,1,1,0,0,1,0,0
2014,LTU,KGZ,LTU,KGZ,143167.447,48545251.328,7468096.512,2932.367,5835.5,3764,0,0,1,1,0,0,1,0,0
2015,LTU,KGZ,LTU,KGZ,26143.927,41402023.936,6678178.3040000005,2904.91,5956.9000000000005,3764,0,0,1,1,0,0,1,0,0
2016,LTU,KGZ,LTU,KGZ,19742.207,42738876.416,6551287.808,2872.298,6082.7,3764,0,0,1,1,0,0,1,0,0
2017,LTU,KGZ,LTU,KGZ,46188.604,47758736.932,7702934.8,2828.403,6198.2,3764,0,0,1,1,0,0,1,0,0
2018,LTU,KGZ,LTU,KGZ,55209.474,53750911.866,8271108.638,2801.543,6322.8,3764,0,0,1,1,0,0,1,0,0
2019,LTU,KGZ,LTU,KGZ,84521.35,54697379.017000005,8871026.074000001,2794.137,6456.2,3764,0,0,1,1,0,0,1,0,0
2020,LTU,KGZ,LTU,KGZ,37913.016,56546957.475,7780874.537,2794.885,6579.9000000000005,3764,0,0,1,1,0,0,1,0,0
1992,LTU,LVA,LTU,LVA,62561.912,8562311.168,4848056.832,3700.114,2614.338,262,0,1,0,0,0,0,0,0,0
1994,LTU,LVA,LTU,LVA,170617.578,6958637.056,5060854.784,3657.144,2520.742,262,0,1,0,0,0,0,0,0,0
1995,LTU,LVA,LTU,LVA,191098.005,7904896,5235719.68,3629.102,2485.056,262,0,1,0,0,0,0,0,0,0
1996,LTU,LVA,LTU,LVA,309021.50800000003,8426599.936,5585292.8,3601.6130000000003,2457.222,262,0,1,0,0,0,0,0,0,0
1997,LTU,LVA,LTU,LVA,332257.129,10128700.416,6133234.176,3575.137,2432.851,262,0,1,0,0,0,0,0,0,0
1998,LTU,LVA,LTU,LVA,410022.192,11254049.792,6616957.44,3549.331,2410.019,262,0,1,0,0,0,0,0,0,0
1999,LTU,LVA,LTU,LVA,383674.356,10971374.592,7288524.288,3524.2380000000003,2390.482,262,0,1,0,1,0,0,0,0,0
2000,LTU,LVA,LTU,LVA,571967.137,11434200.064,7833068.544,3499.536,2367.55,262,0,1,0,1,0,0,0,0,0
2001,LTU,LVA,LTU,LVA,579085.427,12159224.832,8313047.552,3470.818,2337.17,262,0,1,1,1,0,0,1,0,0
2002,LTU,LVA,LTU,LVA,530472.1730000001,14163949.568,9314784.256,3443.067,2310.173,262,0,1,1,1,0,0,1,0,0
2003,LTU,LVA,LTU,LVA,692133.263,18608709.632,11186452.48,3415.213,2287.955,262,0,1,1,1,0,0,1,0,0
2004,LTU,LVA,LTU,LVA,947371.614,22659295.232,13761569.792,3377.0750000000003,2263.122,262,0,1,1,1,0,0,1,1,0
2005,LTU,LVA,LTU,LVA,1206757.072,26085306.368,16041840.64,3322.528,2238.799,262,0,1,1,1,0,0,1,1,0
2006,LTU,LVA,LTU,LVA,1569442.675,30246361.088,19935045.632,3269.909,2218.357,262,0,1,1,1,0,0,1,1,0
2007,LTU,LVA,LTU,LVA,2210568.981,39325986.816,28765687.808,3231.294,2200.3250000000003,262,0,1,1,1,0,0,1,1,0
2008,LTU,LVA,LTU,LVA,2750870.9590000003,47438364.672,33669367.808,3198.231,2177.322,262,0,1,1,1,0,0,1,1,0
2009,LTU,LVA,LTU,LVA,1658736.91,37050081.28,25875781.632,3162.916,2141.669,262,0,1,1,1,0,0,1,1,0
2010,LTU,LVA,LTU,LVA,1987677.67,36709511.168,24009680.896,3097.282,2097.555,262,0,1,1,1,0,0,1,1,0
2011,LTU,LVA,LTU,LVA,2897647.431,43083067.392,28480337.92,3028.115,2059.709,262,0,1,1,1,0,0,1,1,0
2012,LTU,LVA,LTU,LVA,3223463.517,42343559.168,28372578.304,2987.773,2034.319,262,0,1,1,1,0,0,1,1,0
2013,LTU,LVA,LTU,LVA,3416816.108,45931966.464,30956691.456,2956.121,2013.385,262,0,1,1,1,0,0,1,1,0
2014,LTU,LVA,LTU,LVA,2971588.508,48545251.328,31352250.368,2932.367,1993.782,262,0,1,1,1,0,0,1,1,0
2015,LTU,LVA,LTU,LVA,2519233.284,41402023.936,27026036.736,2904.91,1977.527,262,0,1,1,1,0,0,1,1,0
2016,LTU,LVA,LTU,LVA,2469547.695,42738876.416,27677390.848,2872.298,1960.424,262,0,1,1,1,0,0,1,1,0
2017,LTU,LVA,LTU,LVA,2974375.205,47758736.932,30483806.018,2828.403,1942.248,262,0,1,1,1,0,0,1,1,0
2018,LTU,LVA,LTU,LVA,3266510.41,53750911.866,34429023.435,2801.543,1927.174,262,0,1,1,1,0,0,1,1,0
2019,LTU,LVA,LTU,LVA,3161401.607,54697379.017000005,34308783.825,2794.137,1913.822,262,0,1,1,1,0,0,1,1,0
2020,LTU,LVA,LTU,LVA,3102706.54,56546957.475,33645460.617,2794.885,1900.449,262,0,1,1,1,0,0,1,1,0
1992,LTU,MDA,LTU,MDA,19971.971,8562311.168,2319243.52,3700.114,3709,891,0,0,0,0,0,0,0,0,0
1994,LTU,MDA,LTU,MDA,12593.661,6958637.056,1702314.368,3657.144,3694,891,0,0,0,0,0,0,0,0,0
1995,LTU,MDA,LTU,MDA,13517.785,7904896,1752995.328,3629.102,3675.099,891,0,0,0,0,0,0,0,0,0
1996,LTU,MDA,LTU,MDA,10672.901,8426599.936,1695130.496,3601.6130000000003,3667.748,891,0,0,0,0,0,0,0,0,0
1997,LTU,MDA,LTU,MDA,11054.504,10128700.416,1930071.424,3575.137,3654.208,891,0,0,0,0,0,0,0,0,0
1998,LTU,MDA,LTU,MDA,7390.693,11254049.792,1639497.216,3549.331,3652.732,891,0,0,0,0,0,0,0,0,0
1999,LTU,MDA,LTU,MDA,5420.457,10971374.592,1170785.024,3524.2380000000003,3647.001,891,0,0,0,0,0,0,0,0,0
2000,LTU,MDA,LTU,MDA,4691.399,11434200.064,1288420.224,3499.536,3639.592,891,0,0,0,0,0,0,0,0,0
2001,LTU,MDA,LTU,MDA,10515.753,12159224.832,1480656.896,3470.818,3631.462,891,0,0,1,1,0,0,1,0,0
2002,LTU,MDA,LTU,MDA,6216.5650000000005,14163949.568,1661818.112,3443.067,3623.062,891,0,0,1,1,0,0,1,0,0
2003,LTU,MDA,LTU,MDA,12304.973,18608709.632,1980901.504,3415.213,3612.874,891,0,0,1,1,0,0,1,0,0
2004,LTU,MDA,LTU,MDA,15103.716,22659295.232,2598231.552,3377.0750000000003,3603.945,891,0,0,1,1,0,0,1,0,0
2005,LTU,MDA,LTU,MDA,18392.458,26085306.368,2988172.544,3322.528,3595.187,891,0,0,1,1,0,0,1,0,0
2006,LTU,MDA,LTU,MDA,15390.392,30246361.088,3408454.144,3269.909,3585.2090000000003,891,0,0,1,1,0,0,1,0,0
2007,LTU,MDA,LTU,MDA,22022.248,39325986.816,4402496,3231.294,3576.91,891,0,0,1,1,0,0,1,0,0
2008,LTU,MDA,LTU,MDA,31056.331,47438364.672,6054806.016,3198.231,3570.108,891,0,0,1,1,0,0,1,0,0
2009,LTU,MDA,LTU,MDA,25921.475,37050081.28,5439421.9520000005,3162.916,3565.6040000000003,891,0,0,1,1,0,0,1,0,0
2010,LTU,MDA,LTU,MDA,35906.418,36709511.168,5811603.968,3097.282,3562.045,891,0,0,1,1,0,0,1,0,0
2011,LTU,MDA,LTU,MDA,38851.833,43083067.392,7016162.816000001,3028.115,3559.986,891,0,0,1,1,0,0,1,0,0
2012,LTU,MDA,LTU,MDA,38953.824,42343559.168,7284686.336,2987.773,3559.519,891,0,0,1,1,0,0,1,0,0
2013,LTU,MDA,LTU,MDA,41263.86,45931966.464,7969618.944,2956.121,3559,891,0,0,1,1,0,0,1,0,0
2014,LTU,MDA,LTU,MDA,40142.271,48545251.328,7983270.912,2932.367,3556.397,891,0,0,1,1,0,0,1,0,0
2015,LTU,MDA,LTU,MDA,39073.44,41402023.936,6512899.584,2904.91,3554.108,891,0,0,1,1,0,0,1,0,0
2016,LTU,MDA,LTU,MDA,41196.827,42738876.416,6749515.776000001,2872.298,3552,891,0,0,1,1,0,0,1,0,0
2017,LTU,MDA,LTU,MDA,42510.727,47758736.932,9669741.744,2828.403,2755.158,891,0,0,1,1,0,0,1,0,0
2018,LTU,MDA,LTU,MDA,37388.051,53750911.866,11457443.185,2801.543,2708.214,891,0,0,1,1,0,0,1,0,0
2019,LTU,MDA,LTU,MDA,28815.807,54697379.017000005,11971345.003,2794.137,2664.974,891,0,0,1,1,0,0,1,0,0
2020,LTU,MDA,LTU,MDA,27906.575,56546957.475,11859730.544,2794.885,2620.495,891,0,0,1,1,0,0,1,0,0
1992,LTU,RUS,LTU,RUS,498212.592,8562311.168,460205424.64,3700.114,148688.995,1163,0,1,0,0,0,0,0,0,0
1994,LTU,RUS,LTU,RUS,569004.33,6958637.056,395086561.28,3657.144,148335.999,1163,0,1,0,0,0,0,0,0,0
1995,LTU,RUS,LTU,RUS,551857.501,7904896,395528503.296,3629.102,148141.006,1162,0,1,0,0,0,0,0,0,0
1996,LTU,RUS,LTU,RUS,806820.225,8426599.936,391721385.984,3601.6130000000003,148160.126,1162,0,1,0,0,0,0,0,0,0
1997,LTU,RUS,LTU,RUS,945357.14,10128700.416,404926529.536,3575.137,147915.375,1162,0,1,0,0,0,0,0,0,0
1998,LTU,RUS,LTU,RUS,612854.154,11254049.792,270953119.744,3549.331,147670.776,1162,0,1,0,0,0,0,0,0,0
1999,LTU,RUS,LTU,RUS,210629.385,10971374.592,195905765.376,3524.2380000000003,147214.783,1162,0,1,0,0,0,0,0,0,0
2000,LTU,RUS,LTU,RUS,270927.919,11434200.064,259708502.016,3499.536,146596.863,1154,0,1,0,0,0,0,0,0,0
2001,LTU,RUS,LTU,RUS,504931.331,12159224.832,306602672.128,3470.818,145976.471,1154,0,1,1,0,0,0,0,0,0
2002,LTU,RUS,LTU,RUS,663828.13,14163949.568,345110446.08,3443.067,145408.035,1154,0,1,1,0,0,0,0,0,0
2003,LTU,RUS,LTU,RUS,725866.861,18608709.632,430347780.096,3415.213,144667.465,1154,0,1,1,0,0,0,0,0,0
2004,LTU,RUS,LTU,RUS,863559.192,22659295.232,591016689.664,3377.0750000000003,143821.213,1154,0,1,1,0,0,0,0,0,0
2005,LTU,RUS,LTU,RUS,1374896.698,26085306.368,764000927.744,3322.528,143113.892,1149,0,1,1,0,0,0,0,0,0
2006,LTU,RUS,LTU,RUS,1807286.035,30246361.088,989930520.576,3269.909,142487.259,1149,0,1,1,0,0,0,0,0,0
2007,LTU,RUS,LTU,RUS,2579340.761,39325986.816,1299705233.408,3231.294,142114.899,1149,0,1,1,0,0,0,0,0,0
2008,LTU,RUS,LTU,RUS,3799670.265,47438364.672,1660844376.064,3198.231,141956.40600000002,1149,0,1,1,0,0,0,0,0,0
2009,LTU,RUS,LTU,RUS,2188922.005,37050081.28,1222643679.232,3162.916,141909.241,1149,0,1,1,0,0,0,0,0,0
2010,LTU,RUS,LTU,RUS,3239568.353,36709511.168,1524916158.464,3097.282,142385.529,1145,0,1,1,0,0,0,0,0,0
2011,LTU,RUS,LTU,RUS,4651346.459,43083067.392,1904792961.024,3028.115,142956.467,1145,0,1,1,0,0,0,0,0,0
2012,LTU,RUS,LTU,RUS,5598035.933,42343559.168,2017470971.904,2987.773,143177.994,1145,0,1,1,1,0,0,1,0,0
2013,LTU,RUS,LTU,RUS,6467128.388,45931966.464,2096777003.008,2956.121,143499.863,1145,0,1,1,1,0,0,1,0,0
2014,LTU,RUS,LTU,RUS,6755115.664,48545251.328,2063662317.568,2932.367,143819.672,1145,0,1,1,1,0,0,1,0,0
2015,LTU,RUS,LTU,RUS,3479312.194,41402023.936,1365865267.2,2904.91,144096.863,1143,0,1,1,1,0,0,1,0,0
2016,LTU,RUS,LTU,RUS,3371117.679,42738876.416,1283162374.144,2872.298,144342.392,1143,0,1,1,1,0,0,1,0,0
2017,LTU,RUS,LTU,RUS,4449006.576,47758736.932,1574199387.071,2828.403,144496.73500000002,1143,0,1,1,1,0,0,1,0,0
2018,LTU,RUS,LTU,RUS,4665575.238,53750911.866,1657329646.184,2801.543,144477.859,1143,0,1,1,1,0,0,1,0,0
2019,LTU,RUS,LTU,RUS,4632254.716,54697379.017000005,1693113904.263,2794.137,144406.265,1143,0,1,1,1,0,0,1,0,0
2020,LTU,RUS,LTU,RUS,4386405.229,56546957.475,1488321875.49,2794.885,144073.135,1143,0,1,1,1,0,0,1,0,0
1992,LTU,TJK,LTU,TJK,3313.496,8562311.168,1909246.592,3700.114,5523.207,3704,0,0,0,0,0,0,0,0,0
1994,LTU,TJK,LTU,TJK,4320.664,6958637.056,1346074.496,3657.144,5702.611,3704,0,0,0,0,0,0,0,0,0
1995,LTU,TJK,LTU,TJK,2642.369,7904896,1231523.072,3629.102,5784.33,3704,0,0,0,0,0,0,0,0,0
1996,LTU,TJK,LTU,TJK,2490.069,8426599.936,1043893.056,3601.6130000000003,5862.347,3704,0,0,0,0,0,0,0,0,0
1997,LTU,TJK,LTU,TJK,6139.186,10128700.416,921843.136,3575.137,5937.177,3704,0,0,0,0,0,0,0,0,0
1998,LTU,TJK,LTU,TJK,6432.175,11254049.792,1320126.72,3549.331,6012.933,3704,0,0,0,0,0,0,0,0,0
1999,LTU,TJK,LTU,TJK,2915.715,10971374.592,1086567.424,3524.2380000000003,6094.661,3704,0,0,0,0,0,0,0,0,0
2000,LTU,TJK,LTU,TJK,5945,11434200.064,860550.272,3499.536,6186.152,3704,0,0,0,0,0,0,0,0,0
2001,LTU,TJK,LTU,TJK,1459.065,12159224.832,1080774.016,3470.818,6289.34,3704,0,0,1,0,0,0,0,0,0
2002,LTU,TJK,LTU,TJK,2937.877,14163949.568,1221113.856,3443.067,6404.118,3704,0,0,1,0,0,0,0,0,0
2003,LTU,TJK,LTU,TJK,3775.773,18608709.632,1554125.568,3415.213,6529.609,3704,0,0,1,0,0,0,0,0,0
2004,LTU,TJK,LTU,TJK,11461.998,22659295.232,2076148.736,3377.0750000000003,6663.929,3704,0,0,1,0,0,0,0,0,0
2005,LTU,TJK,LTU,TJK,20637.417,26085306.368,2312319.488,3322.528,6805.655,3704,0,0,1,0,0,0,0,0,0
2006,LTU,TJK,LTU,TJK,18996.195,30246361.088,2830236.16,3269.909,6954.522,3704,0,0,1,0,0,0,0,0,0
2007,LTU,TJK,LTU,TJK,34895.242,39325986.816,3719497.472,3231.294,7111.0250000000005,3704,0,0,1,0,0,0,0,0,0
2008,LTU,TJK,LTU,TJK,50967.941,47438364.672,5161336.32,3198.231,7275.252,3704,0,0,1,0,0,0,0,0,0
2009,LTU,TJK,LTU,TJK,29404.911,37050081.28,4979482.112,3162.916,7447.396,3704,0,0,1,0,0,0,0,0,0
2010,LTU,TJK,LTU,TJK,33098.968,36709511.168,5642178.5600000005,3097.282,7627.326,3704,0,0,1,0,0,0,0,0,0
2011,LTU,TJK,LTU,TJK,53906.503,43083067.392,6522732.032000001,3028.115,7814.85,3704,0,0,1,0,0,0,0,0,0
2012,LTU,TJK,LTU,TJK,66354.89,42343559.168,7633049.600000001,2987.773,8008.99,3704,0,0,1,0,0,0,0,0,0
2013,LTU,TJK,LTU,TJK,88503.47,45931966.464,8508103.68,2956.121,8207.834,3704,0,0,1,1,0,0,1,0,0
2014,LTU,TJK,LTU,TJK,78241.935,48545251.328,9236308.992,2932.367,8362.745,3704,0,0,1,1,0,0,1,0,0
2015,LTU,TJK,LTU,TJK,23968.737,41402023.936,7853450.24,2904.91,8548.651,3704,0,0,1,1,0,0,1,0,0
2016,LTU,TJK,LTU,TJK,21233.814,42738876.416,6951656.96,2872.298,8734.951000000001,3704,0,0,1,1,0,0,1,0,0
2017,LTU,TJK,LTU,TJK,40666.369,47758736.932,7536439.875,2828.403,8880.27,3704,0,0,1,1,0,0,1,0,0
2018,LTU,TJK,LTU,TJK,31680.545,53750911.866,7765014.424000001,2801.543,9100.847,3704,0,0,1,1,0,0,1,0,0
2019,LTU,TJK,LTU,TJK,38551.995,54697379.017000005,8300784.857,2794.137,9321.023,3704,0,0,1,1,0,0,1,0,0
2020,LTU,TJK,LTU,TJK,37514.569,56546957.475,8133996.648,2794.885,9537.642,3704,0,0,1,1,0,0,1,0,0
1992,LTU,TKM,LTU,TKM,11257.672,8562311.168,3200539.904,3700.114,3881.973,3109,0,0,0,0,0,0,0,0,0
1994,LTU,TKM,LTU,TKM,11536.699,6958637.056,2561118.72,3657.144,4095.512,3109,0,0,0,0,0,0,0,0,0
1995,LTU,TKM,LTU,TKM,4282.075,7904896,2482228.48,3629.102,4188.01,3109,0,0,0,0,0,0,0,0,0
1996,LTU,TKM,LTU,TKM,7838.367,8426599.936,2379281.664,3601.6130000000003,4267.6900000000005,3109,0,0,0,0,0,0,0,0,0
1997,LTU,TKM,LTU,TKM,14448.956,10128700.416,2450084.864,3575.137,4335.991,3109,0,0,0,0,0,0,0,0,0
1998,LTU,TKM,LTU,TKM,6035.348,11254049.792,2605688.064,3549.331,4395.293,3109,0,0,0,0,0,0,0,0,0
1999,LTU,TKM,LTU,TKM,4385.002,10971374.592,2450686.72,3524.2380000000003,4449.427,3109,0,0,0,0,0,0,0,0,0
2000,LTU,TKM,LTU,TKM,17086.712,11434200.064,2904662.528,3499.536,4501.419,3109,0,0,0,0,0,0,0,0,0
2001,LTU,TKM,LTU,TKM,901.617,12159224.832,3534771.968,3470.818,4551.762,3109,0,0,1,0,0,0,0,0,0
2002,LTU,TKM,LTU,TKM,1668.837,14163949.568,4462028.8,3443.067,4600.171,3109,0,0,1,0,0,0,0,0,0
2003,LTU,TKM,LTU,TKM,4441.697,18608709.632,5977440.768,3415.213,4648.037,3109,0,0,1,0,0,0,0,0,0
2004,LTU,TKM,LTU,TKM,1424.295,22659295.232,6838350.848,3377.0750000000003,4696.876,3109,0,0,1,0,0,0,0,0,0
2005,LTU,TKM,LTU,TKM,1186.807,26085306.368,8104355.84,3322.528,4747.839,3109,0,0,1,0,0,0,0,0,0
2006,LTU,TKM,LTU,TKM,430.285,30246361.088,10277598.208,3269.909,4801.595,3109,0,0,1,0,0,0,0,0,0
2007,LTU,TKM,LTU,TKM,501.958,39325986.816,12664165.376,3231.294,4858.236,3109,0,0,1,0,0,0,0,0,0
2008,LTU,TKM,LTU,TKM,2942.7000000000003,47438364.672,19271522.304,3198.231,4917.543,3109,0,0,1,0,0,0,0,0,0
2009,LTU,TKM,LTU,TKM,6380.107,37050081.28,20214386.688,3162.916,4978.962,3109,0,0,1,0,0,0,0,0,0
2010,LTU,TKM,LTU,TKM,17886.054,36709511.168,22148069.376,3097.282,5041.995,3109,0,0,1,0,0,0,0,0,0
2011,LTU,TKM,LTU,TKM,17370.33,43083067.392,29233334.272,3028.115,5106.668,3109,0,0,1,0,0,0,0,0,0
2012,LTU,TKM,LTU,TKM,26745.963,42343559.168,35164209.152,2987.773,5172.9310000000005,3109,0,0,1,0,0,0,0,0,0
2013,LTU,TKM,LTU,TKM,34120.542,45931966.464,41850875.904,2956.121,5240.072,3109,0,0,1,0,0,0,0,0,0
2014,LTU,TKM,LTU,TKM,34532.498,48545251.328,43524210.688,2932.367,5466.241,3109,0,0,1,0,0,0,0,0,0
2015,LTU,TKM,LTU,TKM,33644.287000000004,41402023.936,35799629.824,2904.91,5565.284000000001,3109,0,0,1,0,0,0,0,0,0
2016,LTU,TKM,LTU,TKM,19812.884,42738876.416,36179886.08,2872.298,5662.544,3109,0,0,1,0,0,0,0,0,0
2017,LTU,TKM,LTU,TKM,11699.351,47758736.932,37926285.714,2828.403,5757.667,3109,0,0,1,0,0,0,0,0,0
2018,LTU,TKM,LTU,TKM,9421.608,53750911.866,40765428.571,2801.543,5850.902,3109,0,0,1,0,0,0,0,0,0
2019,LTU,TKM,LTU,TKM,17243.253,54697379.017000005,45231428.571,2794.137,5942.094,3109,0,0,1,0,0,0,0,0,0
1992,LTU,UKR,LTU,UKR,249679.777,8562311.168,73942294.528,3700.114,52150.265,844,0,0,0,0,0,0,0,0,0
1994,LTU,UKR,LTU,UKR,123980.997,6958637.056,52549554.176,3657.144,51921.04,844,0,0,0,0,0,0,0,0,0
1995,LTU,UKR,LTU,UKR,202769.062,7904896,48213868.544,3629.102,51512.299,842,0,0,0,0,0,0,0,0,0
1996,LTU,UKR,LTU,UKR,257054.356,8426599.936,44558077.952,3601.6130000000003,51057.19,842,0,0,0,0,0,0,0,0,0
1997,LTU,UKR,LTU,UKR,341511.643,10128700.416,50150400,3575.137,50594.105,842,0,0,0,0,0,0,0,0,0
1998,LTU,UKR,LTU,UKR,288009.756,11254049.792,41883242.496,3549.331,50143.94,842,0,0,0,0,0,0,0,0,0
1999,LTU,UKR,LTU,UKR,110428.527,10971374.592,31580639.232,3524.2380000000003,49673.351,842,0,0,0,0,0,0,0,0,0
2000,LTU,UKR,LTU,UKR,167702.821,11434200.064,31261528.064,3499.536,49175.846,840,0,0,0,0,0,0,0,0,0
2001,LTU,UKR,LTU,UKR,154724.683,12159224.832,38009344,3470.818,48683.865,840,0,0,1,0,0,0,0,0,0
2002,LTU,UKR,LTU,UKR,143300.866,14163949.568,42392895.488,3443.067,48202.499,840,0,0,1,0,0,0,0,0,0
2003,LTU,UKR,LTU,UKR,171735.312,18608709.632,50132955.136,3415.213,47812.95,840,0,0,1,0,0,0,0,0,0
2004,LTU,UKR,LTU,UKR,213161.144,22659295.232,64883060.736,3377.0750000000003,47451.599,840,0,0,1,0,0,0,0,0,0
2005,LTU,UKR,LTU,UKR,281378.804,26085306.368,86142017.536,3322.528,47105.148,835,0,0,1,0,0,0,0,0,0
2006,LTU,UKR,LTU,UKR,366307.142,30246361.088,107753070.592,3269.909,46787.75,835,0,0,1,0,0,0,0,0,0
2007,LTU,UKR,LTU,UKR,469390.386,39325986.816,142719008.768,3231.294,46509.35,835,0,0,1,0,0,0,0,0,0
2008,LTU,UKR,LTU,UKR,775911.24,47438364.672,179992412.16,3198.231,46258.202,835,0,0,1,1,0,0,1,0,0
2009,LTU,UKR,LTU,UKR,497324.877,37050081.28,117227765.76,3162.916,46053.299,835,0,0,1,1,0,0,1,0,0
2010,LTU,UKR,LTU,UKR,747647.762,36709511.168,136419303.424,3097.282,45870.701,830,0,0,1,1,0,0,1,0,0
2011,LTU,UKR,LTU,UKR,929329.442,43083067.392,163421732.864,3028.115,45706.1,830,0,0,1,1,0,0,1,0,0
2012,LTU,UKR,LTU,UKR,1061557.693,42343559.168,176603430.912,2987.773,45593.3,830,0,0,1,1,0,0,1,0,0
2013,LTU,UKR,LTU,UKR,1128455.724,45931966.464,177430609.92000002,2956.121,45489.601,830,0,0,1,1,0,0,1,0,0
2014,LTU,UKR,LTU,UKR,1191797.86,48545251.328,133503410.176,2932.367,45271.946,830,0,0,1,1,0,0,1,0,0
2015,LTU,UKR,LTU,UKR,712048.829,41402023.936,91030962.176,2904.91,45154.03,826,0,0,1,1,0,0,1,0,0
2016,LTU,UKR,LTU,UKR,675306.976,42738876.416,93270482.944,2872.298,45004.646,826,0,0,1,1,0,0,1,0,0
2017,LTU,UKR,LTU,UKR,837755.672,47758736.932,112090530.369,2828.403,44831.135,826,0,0,1,1,0,0,1,0,0
2018,LTU,UKR,LTU,UKR,1020205.568,53750911.866,130891049.797,2801.543,44622.517,826,0,0,1,1,0,0,1,0,0
2019,LTU,UKR,LTU,UKR,1199384.765,54697379.017000005,153882982.016,2794.137,44386.204,826,0,0,1,1,0,0,1,0,0
2020,LTU,UKR,LTU,UKR,1022708.52,56546957.475,156617861.449,2794.885,44132.05,821,0,0,1,1,0,0,1,0,0
1992,LTU,UZB,LTU,UZB,34326.211,8562311.168,12953800.704,3700.114,21448.999,3518,0,0,0,0,0,0,0,0,0
1994,LTU,UZB,LTU,UZB,17287.785,6958637.056,12899074.048,3657.144,22377.001,3518,0,0,0,0,0,0,0,0,0
1995,LTU,UZB,LTU,UZB,26538.398,7904896,13350461.44,3629.102,22785,3517,0,0,0,0,0,0,0,0,0
1996,LTU,UZB,LTU,UZB,45856.941,8426599.936,13948892.16,3601.6130000000003,23225,3517,0,0,0,0,0,0,0,0,0
1997,LTU,UZB,LTU,UZB,24723.694,10128700.416,14744603.648,3575.137,23667,3517,0,0,0,0,0,0,0,0,0
1998,LTU,UZB,LTU,UZB,22220.724,11254049.792,14988971.008,3549.331,24051.001,3517,0,0,0,0,0,0,0,0,0
1999,LTU,UZB,LTU,UZB,13660.937,10971374.592,17078465.536000002,3524.2380000000003,24311.649,3517,0,0,0,0,0,0,0,0,0
2000,LTU,UZB,LTU,UZB,29264.464,11434200.064,13760374.784,3499.536,24650.4,3515,0,0,0,0,0,0,0,0,0
2001,LTU,UZB,LTU,UZB,19808.252,12159224.832,11401351.168,3470.818,24964.451,3515,0,0,1,0,0,0,0,0,0
2002,LTU,UZB,LTU,UZB,10946.721,14163949.568,9687951.36,3443.067,25271.851,3515,0,0,1,0,0,0,0,0,0
2003,LTU,UZB,LTU,UZB,5544.33,18608709.632,10128112.64,3415.213,25567.65,3515,0,0,1,0,0,0,0,0,0
2004,LTU,UZB,LTU,UZB,12646.278,22659295.232,12030023.68,3377.0750000000003,25864.349,3515,0,0,1,0,0,0,0,0,0
2005,LTU,UZB,LTU,UZB,23689.488,26085306.368,14307510.272,3322.528,26167,3513,0,0,1,0,0,0,0,0,0
2006,LTU,UZB,LTU,UZB,13160.763,30246361.088,17030896.64,3269.909,26488.251,3513,0,0,1,0,0,0,0,0,0
2007,LTU,UZB,LTU,UZB,17499.072,39325986.816,22311393.28,3231.294,26868,3513,0,0,1,0,0,0,0,0,0
2008,LTU,UZB,LTU,UZB,19108.487,47438364.672,27934031.872,3198.231,27302.799,3513,0,0,1,0,0,0,0,0,0
2009,LTU,UZB,LTU,UZB,17933.216,37050081.28,32816828.416,3162.916,27767.401,3513,0,0,1,0,0,0,0,0,0
2010,LTU,UZB,LTU,UZB,31052.361,36709511.168,39332769.792,3097.282,28562.401,3509,0,0,1,0,0,0,0,0,0
2011,LTU,UZB,LTU,UZB,31141.344,43083067.392,45324320.768,3028.115,29339.399,3509,0,0,1,0,0,0,0,0,0
2012,LTU,UZB,LTU,UZB,48207.248,42343559.168,51183443.968,2987.773,29774.5,3509,0,0,1,0,0,0,0,0,0
2013,LTU,UZB,LTU,UZB,102094.298,45931966.464,56795656.192,2956.121,30241.1,3509,0,0,1,0,0,0,0,0,0
2014,LTU,UZB,LTU,UZB,133181.378,48545251.328,63067078.656,2932.367,30757.7,3509,0,0,1,0,0,0,0,0,0
2015,LTU,UZB,LTU,UZB,123529.611,41402023.936,66903805.952,2904.91,31298.901,3506,0,0,1,0,0,0,0,0,0
2016,LTU,UZB,LTU,UZB,124140.189,42738876.416,67220336.64,2872.298,31848.2,3506,0,0,1,0,0,0,0,0,0
2017,LTU,UZB,LTU,UZB,257824.528,47758736.932,62081323.299,2828.403,32388.599,3506,0,0,1,0,0,0,0,0,0
2018,LTU,UZB,LTU,UZB,276546.216,53750911.866,52633143.808,2801.543,32956.1,3506,0,0,1,0,0,0,0,0,0
2019,LTU,UZB,LTU,UZB,441930.875,54697379.017000005,59907674.027,2794.137,33580.349,3506,0,0,1,0,0,0,0,0,0
2020,LTU,UZB,LTU,UZB,471655.151,56546957.475,59894305.353,2794.885,34232.052,3503,0,0,1,0,0,0,0,0,0
1994,LVA,ARM,LVA,ARM,1031.083,5060854.784,1315158.656,2520.742,3289.943,2377,0,0,0,0,0,0,0,0,0
1995,LVA,ARM,LVA,ARM,190.437,5235719.68,1468317.312,2485.056,3223.173,2377,0,0,0,0,0,0,0,0,0
1996,LVA,ARM,LVA,ARM,493.252,5585292.8,1596968.96,2457.222,3173.425,2377,0,0,0,0,0,0,0,0,0
1997,LVA,ARM,LVA,ARM,435.293,6133234.176,1639492.48,2432.851,3137.652,2377,0,0,0,0,0,0,0,0,0
1998,LVA,ARM,LVA,ARM,871.65,6616957.44,1893726.464,2410.019,3112.958,2377,0,0,0,0,0,0,0,0,0
1999,LVA,ARM,LVA,ARM,1025.5,7288524.288,1845482.24,2390.482,3093.82,2377,0,0,1,0,0,0,0,0,0
2000,LVA,ARM,LVA,ARM,886.506,7833068.544,1911563.648,2367.55,3076.098,2377,0,0,1,0,0,0,0,0,0
2001,LVA,ARM,LVA,ARM,614.4780000000001,8313047.552,2118467.968,2337.17,3059.96,2377,0,0,1,0,0,0,0,0,0
2002,LVA,ARM,LVA,ARM,582.582,9314784.256,2376335.104,2310.173,3047.002,2377,0,0,1,0,0,0,0,0,0
2003,LVA,ARM,LVA,ARM,1161.044,11186452.48,2807060.992,2287.955,3036.032,2377,0,0,1,1,0,0,1,0,0
2004,LVA,ARM,LVA,ARM,1790.46,13761569.792,3576615.168,2263.122,3025.652,2377,0,0,1,1,0,0,1,0,0
2005,LVA,ARM,LVA,ARM,1933.899,16041840.64,4900436.992000001,2238.799,3014.917,2377,0,0,1,1,0,0,1,0,0
2006,LVA,ARM,LVA,ARM,1887.13,19935045.632,6384457.728,2218.357,3002.911,2377,0,0,1,1,0,0,1,0,0
2007,LVA,ARM,LVA,ARM,2392.99,28765687.808,9206301.696,2200.3250000000003,2989.882,2377,0,0,1,1,0,0,1,0,0
2008,LVA,ARM,LVA,ARM,10112.69,33669367.808,11662041.088,2177.322,2977.4880000000003,2377,0,0,1,1,0,0,1,0,0
2009,LVA,ARM,LVA,ARM,1934.565,25875781.632,8647937.024,2141.669,2968.154,2377,0,0,1,1,0,0,1,0,0
2010,LVA,ARM,LVA,ARM,2862.51,24009680.896,9260286.976,2097.555,2963.496,2377,0,0,1,1,0,0,1,0,0
2011,LVA,ARM,LVA,ARM,3055.105,28480337.92,10142343.168,2059.709,2964.12,2377,0,0,1,1,0,0,1,0,0
2012,LVA,ARM,LVA,ARM,2830.221,28372578.304,9958217.728,2034.319,2969.081,2377,0,0,1,1,0,0,1,0,0
2013,LVA,ARM,LVA,ARM,2982.71,30956691.456,10432169.984,2013.385,2976.5660000000003,2377,0,0,1,1,0,0,1,0,0
2014,LVA,ARM,LVA,ARM,4088.306,31352250.368,11609512.96,1993.782,2906.2200000000003,2377,0,0,1,1,0,0,1,0,0
2015,LVA,ARM,LVA,ARM,5732.938,27026036.736,10529182.72,1977.527,2916.9500000000003,2377,0,0,1,1,0,0,1,0,0
2016,LVA,ARM,LVA,ARM,4137.841,27677390.848,10547331.072,1960.424,2924.8160000000003,2377,0,0,1,1,0,0,1,0,0
2017,LVA,ARM,LVA,ARM,5602.478,30483806.018,11527458.566,1942.248,2944.789,2377,0,0,1,1,0,0,1,0,0
2018,LVA,ARM,LVA,ARM,7979.694,34429023.435,12457941.907,1927.174,2951.741,2377,0,0,1,1,0,0,1,0,0
2019,LVA,ARM,LVA,ARM,7668.342000000001,34308783.825,13619291.361,1913.822,2957.728,2377,0,0,1,1,0,0,1,0,0
2020,LVA,ARM,LVA,ARM,7619.454,33645460.617,12641209.802,1900.449,2963.234,2377,0,0,1,1,0,0,1,0,0
1994,LVA,AZE,LVA,AZE,5625.661,5060854.784,3313739.776,2520.742,7597,2586,0,0,0,0,0,0,0,0,0
1995,LVA,AZE,LVA,AZE,2056.385,5235719.68,3052467.456,2485.056,7685,2586,0,0,0,0,0,0,0,0,0
1996,LVA,AZE,LVA,AZE,1836.436,5585292.8,3176749.568,2457.222,7763,2586,0,0,0,0,0,0,0,0,0
1997,LVA,AZE,LVA,AZE,2004.367,6133234.176,3962710.272,2432.851,7838.25,2586,0,0,0,0,0,0,0,0,0
1998,LVA,AZE,LVA,AZE,2807.222,6616957.44,4446396.416,2410.019,7913,2586,0,0,0,0,0,0,0,0,0
1999,LVA,AZE,LVA,AZE,1167.526,7288524.288,4581222.4,2390.482,7982.75,2586,0,0,1,0,0,0,0,0,0
2000,LVA,AZE,LVA,AZE,781.731,7833068.544,5272616.96,2367.55,8048.6,2586,0,0,1,0,0,0,0,0,0
2001,LVA,AZE,LVA,AZE,632.567,8313047.552,5707618.3040000005,2337.17,8111.2,2586,0,0,1,0,0,0,0,0,0
2002,LVA,AZE,LVA,AZE,573.505,9314784.256,6236024.832,2310.173,8171.95,2586,0,0,1,0,0,0,0,0,0
2003,LVA,AZE,LVA,AZE,1314.837,11186452.48,7275766.272,2287.955,8234.1,2586,0,0,1,0,0,0,0,0,0
2004,LVA,AZE,LVA,AZE,3045.022,13761569.792,8680511.488,2263.122,8306.5,2586,0,0,1,0,0,0,0,0,0
2005,LVA,AZE,LVA,AZE,4185.219,16041840.64,13245421.568,2238.799,8391.85,2586,0,0,1,0,0,0,0,0,0
2006,LVA,AZE,LVA,AZE,7565.244000000001,19935045.632,20982269.952,2218.357,8484.55,2586,0,0,1,0,0,0,0,0,0
2007,LVA,AZE,LVA,AZE,8114.585,28765687.808,33050343.424,2200.3250000000003,8581.3,2586,0,0,1,0,0,0,0,0,0
2008,LVA,AZE,LVA,AZE,15912.208,33669367.808,48852484.096,2177.322,8763.4,2586,0,0,1,0,0,0,0,0,0
2009,LVA,AZE,LVA,AZE,15814.265,25875781.632,44291489.792,2141.669,8947.243,2586,0,0,1,0,0,0,0,0,0
2010,LVA,AZE,LVA,AZE,18283.487,24009680.896,52902703.104,2097.555,9054.332,2588,0,0,1,0,0,0,0,0,0
2011,LVA,AZE,LVA,AZE,25478.784,28480337.92,65951625.216,2059.709,9173.082,2588,0,0,1,0,0,0,0,0,0
2012,LVA,AZE,LVA,AZE,21772.591,28372578.304,68730904.576,2034.319,9295.784,2588,0,0,1,0,0,0,0,0,0
2013,LVA,AZE,LVA,AZE,31072.684,30956691.456,73560481.792,2013.385,9416.598,2588,0,0,1,0,0,0,0,0,0
2014,LVA,AZE,LVA,AZE,33457.145000000004,31352250.368,75244167.168,1993.782,9535.079,2588,0,0,1,0,0,0,0,0,0
2015,LVA,AZE,LVA,AZE,24161.228,27026036.736,53074370.56,1977.527,9649.341,2588,0,0,1,0,0,0,0,0,0
2016,LVA,AZE,LVA,AZE,14068.504,27677390.848,37847715.84,1960.424,9762.274,2588,0,0,1,0,0,0,0,0,0
2017,LVA,AZE,LVA,AZE,17787.908,30483806.018,40865558.912,1942.248,9854.033,2588,0,0,1,0,0,0,0,0,0
2018,LVA,AZE,LVA,AZE,23559.287,34429023.435,47112941.176,1927.174,9939.771,2588,0,0,1,0,0,0,0,0,0
2019,LVA,AZE,LVA,AZE,18697.768,34308783.825,48174235.294,1913.822,10024.283,2588,0,0,1,0,0,0,0,0,0
2020,LVA,AZE,LVA,AZE,20503.026,33645460.617,42693000,1900.449,10093.121,2589,0,0,1,0,0,0,0,0,0
1994,LVA,BLR,LVA,BLR,42667.44,5060854.784,14931599.36,2520.742,10227,448,0,1,0,0,0,0,0,0,0
1995,LVA,BLR,LVA,BLR,56632.567,5235719.68,13972637.696,2485.056,10194,447,0,1,0,0,0,0,0,0,0
1996,LVA,BLR,LVA,BLR,64046.121,5585292.8,14756861.952,2457.222,10160,447,0,1,0,0,0,0,0,0,0
1997,LVA,BLR,LVA,BLR,52684.225,6133234.176,14128412.672,2432.851,10117,447,0,1,0,0,0,0,0,0,0
1998,LVA,BLR,LVA,BLR,56516.794,6616957.44,15222014.976,2410.019,10069,447,0,1,0,0,0,0,0,0,0
1999,LVA,BLR,LVA,BLR,32202,7288524.288,12138485.76,2390.482,10035,447,0,1,1,0,0,0,0,0,0
2000,LVA,BLR,LVA,BLR,29716.9,7833068.544,12736856.064,2367.55,10005,446,0,1,1,0,0,0,0,0,0
2001,LVA,BLR,LVA,BLR,36143.3,8313047.552,12354820.096,2337.17,9928,446,0,1,1,0,0,0,0,0,0
2002,LVA,BLR,LVA,BLR,36069.9,9314784.256,14594925.568,2310.173,9865,446,0,1,1,0,0,0,0,0,0
2003,LVA,BLR,LVA,BLR,44314.6,11186452.48,17825435.648000002,2287.955,9797,446,0,1,1,0,0,0,0,0,0
2004,LVA,BLR,LVA,BLR,91099.872,13761569.792,23141586.944,2263.122,9730,446,0,1,1,0,0,0,0,0,0
2005,LVA,BLR,LVA,BLR,112861.544,16041840.64,30210091.008,2238.799,9663,445,0,1,1,0,0,0,0,0,0
2006,LVA,BLR,LVA,BLR,135858.64,19935045.632,36961918.976,2218.357,9604,445,0,1,1,0,0,0,0,0,0
2007,LVA,BLR,LVA,BLR,180895.963,28765687.808,45275713.536,2200.3250000000003,9560,445,0,1,1,0,0,0,0,0,0
2008,LVA,BLR,LVA,BLR,205286.691,33669367.808,60763484.16,2177.322,9528,445,0,1,1,0,0,0,0,0,0
2009,LVA,BLR,LVA,BLR,183521.574,25875781.632,49208655.872,2141.669,9507,445,0,1,1,0,0,0,0,0,0
2010,LVA,BLR,LVA,BLR,188222.693,24009680.896,55220932.608,2097.555,9490,444,0,1,1,0,0,0,0,0,0
2011,LVA,BLR,LVA,BLR,214698.019,28480337.92,59734593.536,2059.709,9473,444,0,1,1,0,0,0,0,0,0
2012,LVA,BLR,LVA,BLR,232274.071,28372578.304,63615447.04,2034.319,9464,444,0,1,1,0,0,0,0,0,0
2013,LVA,BLR,LVA,BLR,248519.559,30956691.456,71709515.77600001,2013.385,9466,444,0,1,1,0,0,0,0,0,0
2014,LVA,BLR,LVA,BLR,958356.2,31352250.368,78813052.928,1993.782,9474.511,444,0,1,1,0,0,0,0,0,0
2015,LVA,BLR,LVA,BLR,168143.407,27026036.736,56454774.784,1977.527,9489.616,444,0,1,1,0,0,0,0,0,0
2016,LVA,BLR,LVA,BLR,118773.254,27677390.848,47433441.28,1960.424,9507.12,444,0,1,1,0,0,0,0,0,0
2017,LVA,BLR,LVA,BLR,174588.303,30483806.018,54726595.249,1942.248,9458.989,444,0,1,1,0,0,0,0,0,0
2018,LVA,BLR,LVA,BLR,193188.08,34429023.435,60031262.269,1927.174,9438.785,444,0,1,1,0,0,0,0,0,0
2019,LVA,BLR,LVA,BLR,214910.512,34308783.825,64409647.194,1913.822,9419.758,444,0,1,1,0,0,0,0,0,0
2020,LVA,BLR,LVA,BLR,209084.439,33645460.617,61489588.895,1900.449,9379.952,444,0,1,1,0,0,0,0,0,0
1995,LVA,EST,LVA,EST,50496.053,5235719.68,4362191.36,2485.056,1436.634,280,0,1,0,0,0,0,0,0,0
1996,LVA,EST,LVA,EST,62463.34,5585292.8,4739181.568,2457.222,1415.594,280,0,1,0,0,0,0,0,0,0
1997,LVA,EST,LVA,EST,77405.254,6133234.176,5059146.752,2432.851,1399.535,280,0,1,0,0,0,0,0,0,0
1998,LVA,EST,LVA,EST,96840.181,6616957.44,5608007.1680000005,2410.019,1386.156,280,0,1,0,0,0,0,0,0,0
1999,LVA,EST,LVA,EST,88953.943,7288524.288,5715278.848,2390.482,1380.62,280,0,1,1,1,0,0,1,0,0
2000,LVA,EST,LVA,EST,101143.421,7833068.544,5685561.3440000005,2367.55,1396.985,280,0,1,1,1,0,0,1,0,0
2001,LVA,EST,LVA,EST,114792.843,8313047.552,6233506.3040000005,2337.17,1388.115,280,0,1,1,1,0,0,1,0,0
2002,LVA,EST,LVA,EST,137104.793,9314784.256,7308609.024,2310.173,1379.35,280,0,1,1,1,0,0,1,0,0
2003,LVA,EST,LVA,EST,190470.995,11186452.48,9822143.488,2287.955,1370.72,280,0,1,1,1,0,0,1,0,0
2004,LVA,EST,LVA,EST,333735.202,13761569.792,12057639.936,2263.122,1362.55,280,0,1,1,1,0,0,1,1,0
2005,LVA,EST,LVA,EST,553513.784,16041840.64,14003096.576,2238.799,1354.775,280,0,1,1,1,0,0,1,1,0
2006,LVA,EST,LVA,EST,749798.015,19935045.632,16958045.184,2218.357,1346.81,280,0,1,1,1,0,0,1,1,0
2007,LVA,EST,LVA,EST,1136529.177,28765687.808,22228670.464,2200.3250000000003,1340.68,280,0,1,1,1,0,0,1,1,0
2008,LVA,EST,LVA,EST,1302600.619,33669367.808,24185794.56,2177.322,1337.09,280,0,1,1,1,0,0,1,1,0
2009,LVA,EST,LVA,EST,1032019.25,25875781.632,19640621.056,2141.669,1334.515,280,0,1,1,1,0,0,1,1,0
2010,LVA,EST,LVA,EST,1193273.479,24009680.896,19479013.376,2097.555,1331.475,280,0,1,1,1,0,0,1,1,0
2011,LVA,EST,LVA,EST,1632877.695,28480337.92,22803433.472,2059.709,1327.439,280,0,1,1,1,0,0,1,1,0
2012,LVA,EST,LVA,EST,1641494.515,28372578.304,22660753.408,2034.319,1325.016,280,0,1,1,1,0,0,1,1,0
2013,LVA,EST,LVA,EST,1670562.591,30956691.456,24880265.216,2013.385,1324.612,280,0,1,1,1,0,0,1,1,0
2014,LVA,EST,LVA,EST,1588012.691,31352250.368,26213941.248,1993.782,1314.545,280,0,1,1,1,0,0,1,1,0
2015,LVA,EST,LVA,EST,1334433.533,27026036.736,22460471.296,1977.527,1315.407,280,0,1,1,1,0,0,1,1,0
2016,LVA,EST,LVA,EST,1370550.394,27677390.848,23136741.376,1960.424,1316.481,280,0,1,1,1,0,0,1,1,0
2017,LVA,EST,LVA,EST,1522155.942,30483806.018,26924385.103,1942.248,1317.384,280,0,1,1,1,0,0,1,1,0
2018,LVA,EST,LVA,EST,1655363.002,34429023.435,30489500.905,1927.174,1321.977,280,0,1,1,1,0,0,1,1,0
2019,LVA,EST,LVA,EST,1686415.005,34308783.825,31045591.753,1913.822,1326.855,280,0,1,1,1,0,0,1,1,0
2020,LVA,EST,LVA,EST,1769988.205,33645460.617,30650285.472,1900.449,1329.479,280,0,1,1,1,0,0,1,1,0
1994,LVA,GEO,LVA,GEO,495.438,5060854.784,2513870.592,2520.742,4861.6,2251,0,0,0,0,0,0,0,0,0
1995,LVA,GEO,LVA,GEO,231.707,5235719.68,2693731.84,2485.056,4734,2251,0,0,0,0,0,0,0,0,0
1996,LVA,GEO,LVA,GEO,1458.328,5585292.8,3094915.5840000003,2457.222,4616.1,2251,0,0,0,0,0,0,0,0,0
1997,LVA,GEO,LVA,GEO,495.701,6133234.176,3510540.8000000003,2432.851,4531.6,2251,0,0,0,0,0,0,0,0,0
1998,LVA,GEO,LVA,GEO,2645.849,6616957.44,3613500.16,2410.019,4487.3,2251,0,0,0,0,0,0,0,0,0
1999,LVA,GEO,LVA,GEO,336.298,7288524.288,2800024.32,2390.482,4452.5,2251,0,0,1,0,0,0,0,0,0
2000,LVA,GEO,LVA,GEO,2427.686,7833068.544,3057453.568,2367.55,4418.3,2251,0,0,1,1,0,0,1,0,0
2001,LVA,GEO,LVA,GEO,4028.766,8313047.552,3219487.744,2337.17,4386.4000000000005,2251,0,0,1,1,0,0,1,0,0
2002,LVA,GEO,LVA,GEO,922.806,9314784.256,3395778.56,2310.173,4357,2251,0,0,1,1,0,0,1,0,0
2003,LVA,GEO,LVA,GEO,4038.989,11186452.48,3991374.592,2287.955,4328.9,2251,0,0,1,1,0,0,1,0,0
2004,LVA,GEO,LVA,GEO,4252.578,13761569.792,5125274.112,2263.122,4318.3,2251,0,0,1,1,0,0,1,0,0
2005,LVA,GEO,LVA,GEO,6186.214,16041840.64,6411147.264,2238.799,4361.4,2251,0,0,1,1,0,0,1,0,0
2006,LVA,GEO,LVA,GEO,6368.5380000000005,19935045.632,7761900.032000001,2218.357,4398,2251,0,0,1,1,0,0,1,0,0
2007,LVA,GEO,LVA,GEO,8337.178,28765687.808,10172260.352,2200.3250000000003,4388.4000000000005,2251,0,0,1,1,0,0,1,0,0
2008,LVA,GEO,LVA,GEO,10891.667,33669367.808,12799337.472,2177.322,4383.8,2251,0,0,1,1,0,0,1,0,0
2009,LVA,GEO,LVA,GEO,16758.539,25875781.632,10766836.736,2141.669,4410.9000000000005,2251,0,0,1,1,0,0,1,0,0
2010,LVA,GEO,LVA,GEO,15337.098,24009680.896,11638537.216,2097.555,4452.8,2251,0,0,1,1,0,0,1,0,0
2011,LVA,GEO,LVA,GEO,17017.932,28480337.92,14434620.416,2059.709,4483.35,2251,0,0,1,1,0,0,1,0,0
2012,LVA,GEO,LVA,GEO,24022.611,28372578.304,15846474.752,2034.319,4490.7,2251,0,0,1,1,0,0,1,0,0
2013,LVA,GEO,LVA,GEO,24632.102,30956691.456,16140047.36,2013.385,4476.9000000000005,2251,0,0,1,1,0,0,1,0,0
2014,LVA,GEO,LVA,GEO,20425.905,31352250.368,16509305.856,1993.782,3727,2251,0,0,1,1,0,0,1,0,0
2015,LVA,GEO,LVA,GEO,19832.008,27026036.736,13993546.752,1977.527,3717.1,2251,0,0,1,1,0,0,1,0,0
2016,LVA,GEO,LVA,GEO,24575.042,27677390.848,14332879.872,1960.424,3719.3,2251,0,0,1,1,0,0,1,0,0
2017,LVA,GEO,LVA,GEO,36866.824,30483806.018,16242916.916,1942.248,3728.004,2251,0,0,1,1,0,0,1,0,0
2018,LVA,GEO,LVA,GEO,43646.891,34429023.435,17596922.47,1927.174,3726.549,2251,0,0,1,1,0,0,1,0,0
2019,LVA,GEO,LVA,GEO,48118.476,34308783.825,17470436.259,1913.822,3720.161,2251,0,0,1,1,0,0,1,0,0
2020,LVA,GEO,LVA,GEO,31277.1,33645460.617,15842922.533,1900.449,3722.716,2251,0,0,1,1,0,0,1,0,0
1994,LVA,KAZ,LVA,KAZ,19095.044,5060854.784,21250838.528,2520.742,16095.2,3472,0,0,0,0,0,0,0,0,0
1995,LVA,KAZ,LVA,KAZ,15353.612,5235719.68,20374306.816,2485.056,15815.626,3474,0,0,0,0,0,0,0,0,0
1996,LVA,KAZ,LVA,KAZ,12203.936,5585292.8,21035358.208,2457.222,15577.894,3474,0,0,0,0,0,0,0,0,0
1997,LVA,KAZ,LVA,KAZ,31846.329,6133234.176,22165932.032,2432.851,15333.703,3474,0,0,0,0,0,0,0,0,0
1998,LVA,KAZ,LVA,KAZ,12716.456,6616957.44,22135244.8,2410.019,15071.3,3474,0,0,0,0,0,0,0,0,0
1999,LVA,KAZ,LVA,KAZ,4884.149,7288524.288,16870816.768,2390.482,14928.426,3474,0,0,1,0,0,0,0,0,0
2000,LVA,KAZ,LVA,KAZ,5848.5,7833068.544,18291990.528,2367.55,14883.626,3470,0,0,1,0,0,0,0,0,0
2001,LVA,KAZ,LVA,KAZ,9258.1,8313047.552,22152689.664,2337.17,14858.335,3470,0,0,1,0,0,0,0,0,0
2002,LVA,KAZ,LVA,KAZ,14050.9,9314784.256,24636598.272,2310.173,14858.948,3470,0,0,1,0,0,0,0,0,0
2003,LVA,KAZ,LVA,KAZ,13340.8,11186452.48,30833692.672,2287.955,14909.018,3470,0,0,1,0,0,0,0,0,0
2004,LVA,KAZ,LVA,KAZ,29332.777,13761569.792,43151646.72,2263.122,15012.985,3470,0,0,1,0,0,0,0,0,0
2005,LVA,KAZ,LVA,KAZ,21606.97,16041840.64,57123672.064,2238.799,15147.029,3448,0,0,1,0,0,0,0,0,0
2006,LVA,KAZ,LVA,KAZ,32538.856,19935045.632,81003864.064,2218.357,15308.084,3448,0,0,1,0,0,0,0,0,0
2007,LVA,KAZ,LVA,KAZ,51713.109,28765687.808,104849883.136,2200.3250000000003,15484.192,3448,0,0,1,0,0,0,0,0,0
2008,LVA,KAZ,LVA,KAZ,56891.272,33669367.808,133441609.728,2177.322,15674,3448,0,0,1,0,0,0,0,0,0
2009,LVA,KAZ,LVA,KAZ,43720.714,25875781.632,115308658.688,2141.669,16092.701,3448,0,0,1,0,0,0,0,0,0
2010,LVA,KAZ,LVA,KAZ,65866.391,24009680.896,148047347.712,2097.555,16321.581,3438,0,0,1,0,0,0,0,0,0
2011,LVA,KAZ,LVA,KAZ,68594.532,28480337.92,188048965.632,2059.709,16556.601,3438,0,0,1,0,0,0,0,0,0
2012,LVA,KAZ,LVA,KAZ,60410.682,28372578.304,203517198.336,2034.319,16791.426,3438,0,0,1,0,0,0,0,0,0
2013,LVA,KAZ,LVA,KAZ,80020.363,30956691.456,231876280.32,2013.385,17037.508,3438,0,0,1,0,0,0,0,0,0
2014,LVA,KAZ,LVA,KAZ,64433.029,31352250.368,221415571.456,1993.782,17289.225,3438,0,0,1,0,0,0,0,0,0
2015,LVA,KAZ,LVA,KAZ,46842.797,27026036.736,184388435.968,1977.527,17544.127,3435,0,0,1,1,0,0,1,0,0
2016,LVA,KAZ,LVA,KAZ,44260.152,27677390.848,133657083.904,1960.424,17797.031,3435,0,0,1,1,0,0,1,0,0
2017,LVA,KAZ,LVA,KAZ,41681.682,30483806.018,166805800.59600002,1942.248,18037.777,3435,0,0,1,1,0,0,1,0,0
2018,LVA,KAZ,LVA,KAZ,48168.819,34429023.435,179339994.859,1927.174,18276.451,3435,0,0,1,1,0,0,1,0,0
2019,LVA,KAZ,LVA,KAZ,62683.143,34308783.825,181667190.076,1913.822,18513.674,3435,0,0,1,1,0,0,1,0,0
2020,LVA,KAZ,LVA,KAZ,48575.207,33645460.617,171082379.533,1900.449,18755.667,3431,0,0,1,1,0,0,1,0,0
1994,LVA,KGZ,LVA,KGZ,474.988,5060854.784,1681006.976,2520.742,4515.1,3841,0,0,0,0,0,0,0,0,0
1995,LVA,KGZ,LVA,KGZ,1907.584,5235719.68,1661018.496,2485.056,4560.4000000000005,3841,0,0,0,0,0,0,0,0,0
1996,LVA,KGZ,LVA,KGZ,6425.687,5585292.8,1827570.56,2457.222,4628.4000000000005,3841,0,0,0,0,0,0,0,0,0
1997,LVA,KGZ,LVA,KGZ,1118.833,6133234.176,1767864.064,2432.851,4696.4000000000005,3841,0,0,0,0,0,0,0,0,0
1998,LVA,KGZ,LVA,KGZ,2322.284,6616957.44,1645963.776,2410.019,4769,3841,0,0,0,1,0,0,0,0,0
1999,LVA,KGZ,LVA,KGZ,919.989,7288524.288,1249062.016,2390.482,4840.4000000000005,3841,0,0,1,1,0,0,1,0,0
2000,LVA,KGZ,LVA,KGZ,798.499,7833068.544,1369691.904,2367.55,4898.4000000000005,3841,0,0,1,1,0,0,1,0,0
2001,LVA,KGZ,LVA,KGZ,696.537,8313047.552,1525113.472,2337.17,4945.1,3841,0,0,1,1,0,0,1,0,0
2002,LVA,KGZ,LVA,KGZ,924.761,9314784.256,1605640.576,2310.173,4990.7,3841,0,0,1,1,0,0,1,0,0
2003,LVA,KGZ,LVA,KGZ,904.606,11186452.48,1919012.736,2287.955,5043.3,3841,0,0,1,1,0,0,1,0,0
2004,LVA,KGZ,LVA,KGZ,1687.391,13761569.792,2211535.36,2263.122,5104.7,3841,0,0,1,1,0,0,1,0,0
2005,LVA,KGZ,LVA,KGZ,1319.653,16041840.64,2459876.096,2238.799,5162.6,3841,0,0,1,1,0,0,1,0,0
2006,LVA,KGZ,LVA,KGZ,2657.583,19935045.632,2834168.832,2218.357,5218.4000000000005,3841,0,0,1,1,0,0,1,0,0
2007,LVA,KGZ,LVA,KGZ,6881.742,28765687.808,3802566.144,2200.3250000000003,5268.4000000000005,3841,0,0,1,1,0,0,1,0,0
2008,LVA,KGZ,LVA,KGZ,6129.371,33669367.808,5139957.76,2177.322,5318.7,3841,0,0,1,1,0,0,1,0,0
2009,LVA,KGZ,LVA,KGZ,4593.502,25875781.632,4690062.336,2141.669,5383.3,3841,0,0,1,1,0,0,1,0,0
2010,LVA,KGZ,LVA,KGZ,5178.607,24009680.896,4794357.76,2097.555,5447.9000000000005,3841,0,0,1,1,0,0,1,0,0
2011,LVA,KGZ,LVA,KGZ,17932.023,28480337.92,6197766.144,2059.709,5514.6,3841,0,0,1,1,0,0,1,0,0
2012,LVA,KGZ,LVA,KGZ,14374.278,28372578.304,6605139.968,2034.319,5607.2,3841,0,0,1,1,0,0,1,0,0
2013,LVA,KGZ,LVA,KGZ,15674.689,30956691.456,7226303.488,2013.385,5719.5,3841,0,0,1,1,0,0,1,0,0
2014,LVA,KGZ,LVA,KGZ,16788.15,31352250.368,7468096.512,1993.782,5835.5,3841,0,0,1,1,0,0,1,0,0
2015,LVA,KGZ,LVA,KGZ,12501.681,27026036.736,6678178.3040000005,1977.527,5956.9000000000005,3841,0,0,1,1,0,0,1,0,0
2016,LVA,KGZ,LVA,KGZ,13425.047,27677390.848,6551287.808,1960.424,6082.7,3841,0,0,1,1,0,0,1,0,0
2017,LVA,KGZ,LVA,KGZ,13040.912,30483806.018,7702934.8,1942.248,6198.2,3841,0,0,1,1,0,0,1,0,0
2018,LVA,KGZ,LVA,KGZ,10747.682,34429023.435,8271108.638,1927.174,6322.8,3841,0,0,1,1,0,0,1,0,0
2019,LVA,KGZ,LVA,KGZ,10478.769,34308783.825,8871026.074000001,1913.822,6456.2,3841,0,0,1,1,0,0,1,0,0
2020,LVA,KGZ,LVA,KGZ,10018.782,33645460.617,7780874.537,1900.449,6579.9000000000005,3841,0,0,1,1,0,0,1,0,0
1992,LVA,LTU,LVA,LTU,38374.215,4848056.832,8562311.168,2614.338,3700.114,262,0,1,0,0,0,0,0,0,0
1994,LVA,LTU,LVA,LTU,69838.79000000001,5060854.784,6958637.056,2520.742,3657.144,262,0,1,0,0,0,0,0,0,0
1995,LVA,LTU,LVA,LTU,114712.176,5235719.68,7904896,2485.056,3629.102,262,0,1,0,0,0,0,0,0,0
1996,LVA,LTU,LVA,LTU,148194.835,5585292.8,8426599.936,2457.222,3601.6130000000003,262,0,1,0,0,0,0,0,0,0
1997,LVA,LTU,LVA,LTU,189185.413,6133234.176,10128700.416,2432.851,3575.137,262,0,1,0,0,0,0,0,0,0
1998,LVA,LTU,LVA,LTU,226640.599,6616957.44,11254049.792,2410.019,3549.331,262,0,1,0,0,0,0,0,0,0
1999,LVA,LTU,LVA,LTU,221955.566,7288524.288,10971374.592,2390.482,3524.2380000000003,262,0,1,1,0,0,0,0,0,0
2000,LVA,LTU,LVA,LTU,141570.354,7833068.544,11434200.064,2367.55,3499.536,262,0,1,1,0,0,0,0,0,0
2001,LVA,LTU,LVA,LTU,162327.08800000002,8313047.552,12159224.832,2337.17,3470.818,262,0,1,1,1,0,0,1,0,0
2002,LVA,LTU,LVA,LTU,190788.858,9314784.256,14163949.568,2310.173,3443.067,262,0,1,1,1,0,0,1,0,0
2003,LVA,LTU,LVA,LTU,237131.131,11186452.48,18608709.632,2287.955,3415.213,262,0,1,1,1,0,0,1,0,0
2004,LVA,LTU,LVA,LTU,474674.558,13761569.792,22659295.232,2263.122,3377.0750000000003,262,0,1,1,1,0,0,1,1,0
2005,LVA,LTU,LVA,LTU,604963.072,16041840.64,26085306.368,2238.799,3322.528,262,0,1,1,1,0,0,1,1,0
2006,LVA,LTU,LVA,LTU,927150.7,19935045.632,30246361.088,2218.357,3269.909,262,0,1,1,1,0,0,1,1,0
2007,LVA,LTU,LVA,LTU,1340215.071,28765687.808,39325986.816,2200.3250000000003,3231.294,262,0,1,1,1,0,0,1,1,0
2008,LVA,LTU,LVA,LTU,1623451.161,33669367.808,47438364.672,2177.322,3198.231,262,0,1,1,1,0,0,1,1,0
2009,LVA,LTU,LVA,LTU,1176258.688,25875781.632,37050081.28,2141.669,3162.916,262,0,1,1,1,0,0,1,1,0
2010,LVA,LTU,LVA,LTU,1461403.425,24009680.896,36709511.168,2097.555,3097.282,262,0,1,1,1,0,0,1,1,0
2011,LVA,LTU,LVA,LTU,2171782.139,28480337.92,43083067.392,2059.709,3028.115,262,0,1,1,1,0,0,1,1,0
2012,LVA,LTU,LVA,LTU,2028740.563,28372578.304,42343559.168,2034.319,2987.773,262,0,1,1,1,0,0,1,1,0
2013,LVA,LTU,LVA,LTU,2291484.259,30956691.456,45931966.464,2013.385,2956.121,262,0,1,1,1,0,0,1,1,0
2014,LVA,LTU,LVA,LTU,2733840.087,31352250.368,48545251.328,1993.782,2932.367,262,0,1,1,1,0,0,1,1,0
2015,LVA,LTU,LVA,LTU,2365834.346,27026036.736,41402023.936,1977.527,2904.91,262,0,1,1,1,0,0,1,1,0
2016,LVA,LTU,LVA,LTU,2228873.556,27677390.848,42738876.416,1960.424,2872.298,262,0,1,1,1,0,0,1,1,0
2017,LVA,LTU,LVA,LTU,2310279.289,30483806.018,47758736.932,1942.248,2828.403,262,0,1,1,1,0,0,1,1,0
2018,LVA,LTU,LVA,LTU,2611941.346,34429023.435,53750911.866,1927.174,2801.543,262,0,1,1,1,0,0,1,1,0
2019,LVA,LTU,LVA,LTU,2540212.029,34308783.825,54697379.017000005,1913.822,2794.137,262,0,1,1,1,0,0,1,1,0
2020,LVA,LTU,LVA,LTU,2607568.9590000003,33645460.617,56546957.475,1900.449,2794.885,262,0,1,1,1,0,0,1,1,0
1994,LVA,MDA,LVA,MDA,3684.75,5060854.784,1702314.368,2520.742,3694,1153,0,0,0,0,0,0,0,0,0
1995,LVA,MDA,LVA,MDA,4687.722,5235719.68,1752995.328,2485.056,3675.099,1153,0,0,0,0,0,0,0,0,0
1996,LVA,MDA,LVA,MDA,3842.981,5585292.8,1695130.496,2457.222,3667.748,1153,0,0,0,0,0,0,0,0,0
1997,LVA,MDA,LVA,MDA,2989.565,6133234.176,1930071.424,2432.851,3654.208,1153,0,0,0,0,0,0,0,0,0
1998,LVA,MDA,LVA,MDA,3973.045,6616957.44,1639497.216,2410.019,3652.732,1153,0,0,0,0,0,0,0,0,0
1999,LVA,MDA,LVA,MDA,3794.377,7288524.288,1170785.024,2390.482,3647.001,1153,0,0,1,0,0,0,0,0,0
2000,LVA,MDA,LVA,MDA,4641.544,7833068.544,1288420.224,2367.55,3639.592,1153,0,0,1,0,0,0,0,0,0
2001,LVA,MDA,LVA,MDA,1684.949,8313047.552,1480656.896,2337.17,3631.462,1153,0,0,1,1,0,0,1,0,0
2002,LVA,MDA,LVA,MDA,2049.622,9314784.256,1661818.112,2310.173,3623.062,1153,0,0,1,1,0,0,1,0,0
2003,LVA,MDA,LVA,MDA,4501.421,11186452.48,1980901.504,2287.955,3612.874,1153,0,0,1,1,0,0,1,0,0
2004,LVA,MDA,LVA,MDA,9130.661,13761569.792,2598231.552,2263.122,3603.945,1153,0,0,1,1,0,0,1,0,0
2005,LVA,MDA,LVA,MDA,9417.756,16041840.64,2988172.544,2238.799,3595.187,1153,0,0,1,1,0,0,1,0,0
2006,LVA,MDA,LVA,MDA,10137.152,19935045.632,3408454.144,2218.357,3585.2090000000003,1153,0,0,1,1,0,0,1,0,0
2007,LVA,MDA,LVA,MDA,10299.943,28765687.808,4402496,2200.3250000000003,3576.91,1153,0,0,1,1,0,0,1,0,0
2008,LVA,MDA,LVA,MDA,11498.652,33669367.808,6054806.016,2177.322,3570.108,1153,0,0,1,1,0,0,1,0,0
2009,LVA,MDA,LVA,MDA,8715.024,25875781.632,5439421.9520000005,2141.669,3565.6040000000003,1153,0,0,1,1,0,0,1,0,0
2010,LVA,MDA,LVA,MDA,9041.796,24009680.896,5811603.968,2097.555,3562.045,1153,0,0,1,1,0,0,1,0,0
2011,LVA,MDA,LVA,MDA,12719.152,28480337.92,7016162.816000001,2059.709,3559.986,1153,0,0,1,1,0,0,1,0,0
2012,LVA,MDA,LVA,MDA,13334.573,28372578.304,7284686.336,2034.319,3559.519,1153,0,0,1,1,0,0,1,0,0
2013,LVA,MDA,LVA,MDA,14835.678,30956691.456,7969618.944,2013.385,3559,1153,0,0,1,1,0,0,1,0,0
2014,LVA,MDA,LVA,MDA,16716.063000000002,31352250.368,7983270.912,1993.782,3556.397,1153,0,0,1,1,0,0,1,0,0
2015,LVA,MDA,LVA,MDA,13448.557,27026036.736,6512899.584,1977.527,3554.108,1153,0,0,1,1,0,0,1,0,0
2016,LVA,MDA,LVA,MDA,15521.696,27677390.848,6749515.776000001,1960.424,3552,1153,0,0,1,1,0,0,1,0,0
2017,LVA,MDA,LVA,MDA,19596.483,30483806.018,9669741.744,1942.248,2755.158,1153,0,0,1,1,0,0,1,0,0
2018,LVA,MDA,LVA,MDA,22956.552,34429023.435,11457443.185,1927.174,2708.214,1153,0,0,1,1,0,0,1,0,0
2019,LVA,MDA,LVA,MDA,23632.479,34308783.825,11971345.003,1913.822,2664.974,1153,0,0,1,1,0,0,1,0,0
2020,LVA,MDA,LVA,MDA,22404.173,33645460.617,11859730.544,1900.449,2620.495,1153,0,0,1,1,0,0,1,0,0
1994,LVA,RUS,LVA,RUS,278255.918,5060854.784,395086561.28,2520.742,148335.999,1154,0,1,0,0,0,0,0,0,0
1995,LVA,RUS,LVA,RUS,330536.991,5235719.68,395528503.296,2485.056,148141.006,1155,0,1,0,0,0,0,0,0,0
1996,LVA,RUS,LVA,RUS,329578.871,5585292.8,391721385.984,2457.222,148160.126,1155,0,1,0,0,0,0,0,0,0
1997,LVA,RUS,LVA,RUS,350154.871,6133234.176,404926529.536,2432.851,147915.375,1155,0,1,0,0,0,0,0,0,0
1998,LVA,RUS,LVA,RUS,232661.781,6616957.44,270953119.744,2410.019,147670.776,1155,0,1,0,0,0,0,0,0,0
1999,LVA,RUS,LVA,RUS,113354.23,7288524.288,195905765.376,2390.482,147214.783,1155,0,1,1,0,0,0,0,0,0
2000,LVA,RUS,LVA,RUS,85498.58,7833068.544,259708502.016,2367.55,146596.863,1151,0,1,1,0,0,0,0,0,0
2001,LVA,RUS,LVA,RUS,116928.189,8313047.552,306602672.128,2337.17,145976.471,1151,0,1,1,0,0,0,0,0,0
2002,LVA,RUS,LVA,RUS,145065.642,9314784.256,345110446.08,2310.173,145408.035,1151,0,1,1,0,0,0,0,0,0
2003,LVA,RUS,LVA,RUS,169402.268,11186452.48,430347780.096,2287.955,144667.465,1151,0,1,1,0,0,0,0,0,0
2004,LVA,RUS,LVA,RUS,285004.038,13761569.792,591016689.664,2263.122,143821.213,1151,0,1,1,0,0,0,0,0,0
2005,LVA,RUS,LVA,RUS,440226.003,16041840.64,764000927.744,2238.799,143113.892,1148,0,1,1,0,0,0,0,0,0
2006,LVA,RUS,LVA,RUS,522244.614,19935045.632,989930520.576,2218.357,142487.259,1148,0,1,1,0,0,0,0,0,0
2007,LVA,RUS,LVA,RUS,754449.38,28765687.808,1299705233.408,2200.3250000000003,142114.899,1148,0,1,1,0,0,0,0,0,0
2008,LVA,RUS,LVA,RUS,926561.92,33669367.808,1660844376.064,2177.322,141956.40600000002,1148,0,1,1,0,0,0,0,0,0
2009,LVA,RUS,LVA,RUS,629867.827,25875781.632,1222643679.232,2141.669,141909.241,1148,0,1,1,0,0,0,0,0,0
2010,LVA,RUS,LVA,RUS,937216.182,24009680.896,1524916158.464,2097.555,142385.529,1144,0,1,1,0,0,0,0,0,0
2011,LVA,RUS,LVA,RUS,1266231.595,28480337.92,1904792961.024,2059.709,142956.467,1144,0,1,1,0,0,0,0,0,0
2012,LVA,RUS,LVA,RUS,1446447.101,28372578.304,2017470971.904,2034.319,143177.994,1144,0,1,1,1,0,0,1,0,0
2013,LVA,RUS,LVA,RUS,1551457.517,30956691.456,2096777003.008,2013.385,143499.863,1144,0,1,1,1,0,0,1,0,0
2014,LVA,RUS,LVA,RUS,1456525.46,31352250.368,2063662317.568,1993.782,143819.672,1144,0,1,1,1,0,0,1,0,0
2015,LVA,RUS,LVA,RUS,928058.098,27026036.736,1365865267.2,1977.527,144096.863,1141,0,1,1,1,0,0,1,0,0
2016,LVA,RUS,LVA,RUS,878174.97,27677390.848,1283162374.144,1960.424,144342.392,1141,0,1,1,1,0,0,1,0,0
2017,LVA,RUS,LVA,RUS,1188343.794,30483806.018,1574199387.071,1942.248,144496.73500000002,1141,0,1,1,1,0,0,1,0,0
2018,LVA,RUS,LVA,RUS,1339138.54,34429023.435,1657329646.184,1927.174,144477.859,1141,0,1,1,1,0,0,1,0,0
2019,LVA,RUS,LVA,RUS,1323923.252,34308783.825,1693113904.263,1913.822,144406.265,1141,0,1,1,1,0,0,1,0,0
2020,LVA,RUS,LVA,RUS,1292759.392,33645460.617,1488321875.49,1900.449,144073.135,1139,0,1,1,1,0,0,1,0,0
1994,LVA,TJK,LVA,TJK,523.366,5060854.784,1346074.496,2520.742,5702.611,3828,0,0,0,0,0,0,0,0,0
1995,LVA,TJK,LVA,TJK,1391.403,5235719.68,1231523.072,2485.056,5784.33,3828,0,0,0,0,0,0,0,0,0
1996,LVA,TJK,LVA,TJK,550.761,5585292.8,1043893.056,2457.222,5862.347,3828,0,0,0,0,0,0,0,0,0
1997,LVA,TJK,LVA,TJK,257.039,6133234.176,921843.136,2432.851,5937.177,3828,0,0,0,0,0,0,0,0,0
1998,LVA,TJK,LVA,TJK,3728.675,6616957.44,1320126.72,2410.019,6012.933,3828,0,0,0,0,0,0,0,0,0
1999,LVA,TJK,LVA,TJK,171.699,7288524.288,1086567.424,2390.482,6094.661,3828,0,0,1,0,0,0,0,0,0
2000,LVA,TJK,LVA,TJK,563,7833068.544,860550.272,2367.55,6186.152,3828,0,0,1,0,0,0,0,0,0
2001,LVA,TJK,LVA,TJK,10.16,8313047.552,1080774.016,2337.17,6289.34,3828,0,0,1,0,0,0,0,0,0
2002,LVA,TJK,LVA,TJK,261.68,9314784.256,1221113.856,2310.173,6404.118,3828,0,0,1,0,0,0,0,0,0
2003,LVA,TJK,LVA,TJK,2224.097,11186452.48,1554125.568,2287.955,6529.609,3828,0,0,1,0,0,0,0,0,0
2004,LVA,TJK,LVA,TJK,636.716,13761569.792,2076148.736,2263.122,6663.929,3828,0,0,1,0,0,0,0,0,0
2005,LVA,TJK,LVA,TJK,1420.455,16041840.64,2312319.488,2238.799,6805.655,3828,0,0,1,0,0,0,0,0,0
2006,LVA,TJK,LVA,TJK,1432.457,19935045.632,2830236.16,2218.357,6954.522,3828,0,0,1,0,0,0,0,0,0
2007,LVA,TJK,LVA,TJK,2523.763,28765687.808,3719497.472,2200.3250000000003,7111.0250000000005,3828,0,0,1,0,0,0,0,0,0
2008,LVA,TJK,LVA,TJK,2869.898,33669367.808,5161336.32,2177.322,7275.252,3828,0,0,1,0,0,0,0,0,0
2009,LVA,TJK,LVA,TJK,1821.63,25875781.632,4979482.112,2141.669,7447.396,3828,0,0,1,0,0,0,0,0,0
2010,LVA,TJK,LVA,TJK,4448.773,24009680.896,5642178.5600000005,2097.555,7627.326,3828,0,0,1,0,0,0,0,0,0
2011,LVA,TJK,LVA,TJK,12047.597,28480337.92,6522732.032000001,2059.709,7814.85,3828,0,0,1,0,0,0,0,0,0
2012,LVA,TJK,LVA,TJK,10651.723,28372578.304,7633049.600000001,2034.319,8008.99,3828,0,0,1,0,0,0,0,0,0
2013,LVA,TJK,LVA,TJK,7905.431,30956691.456,8508103.68,2013.385,8207.834,3828,0,0,1,1,0,0,1,0,0
2014,LVA,TJK,LVA,TJK,13905.598,31352250.368,9236308.992,1993.782,8362.745,3828,0,0,1,1,0,0,1,0,0
2015,LVA,TJK,LVA,TJK,5965.158,27026036.736,7853450.24,1977.527,8548.651,3828,0,0,1,1,0,0,1,0,0
2016,LVA,TJK,LVA,TJK,6066.86,27677390.848,6951656.96,1960.424,8734.951000000001,3828,0,0,1,1,0,0,1,0,0
2017,LVA,TJK,LVA,TJK,6929.433,30483806.018,7536439.875,1942.248,8880.27,3828,0,0,1,1,0,0,1,0,0
2018,LVA,TJK,LVA,TJK,7048.39,34429023.435,7765014.424000001,1927.174,9100.847,3828,0,0,1,1,0,0,1,0,0
2019,LVA,TJK,LVA,TJK,8320.078,34308783.825,8300784.857,1913.822,9321.023,3828,0,0,1,1,0,0,1,0,0
2020,LVA,TJK,LVA,TJK,6845.2660000000005,33645460.617,8133996.648,1900.449,9537.642,3828,0,0,1,1,0,0,1,0,0
1994,LVA,TKM,LVA,TKM,1983.554,5060854.784,2561118.72,2520.742,4095.512,3279,0,0,0,0,0,0,0,0,0
1995,LVA,TKM,LVA,TKM,1220.468,5235719.68,2482228.48,2485.056,4188.01,3279,0,0,0,0,0,0,0,0,0
1996,LVA,TKM,LVA,TKM,298.495,5585292.8,2379281.664,2457.222,4267.6900000000005,3279,0,0,0,0,0,0,0,0,0
1997,LVA,TKM,LVA,TKM,1966.311,6133234.176,2450084.864,2432.851,4335.991,3279,0,0,0,0,0,0,0,0,0
1998,LVA,TKM,LVA,TKM,1319.519,6616957.44,2605688.064,2410.019,4395.293,3279,0,0,0,0,0,0,0,0,0
1999,LVA,TKM,LVA,TKM,1697.978,7288524.288,2450686.72,2390.482,4449.427,3279,0,0,1,0,0,0,0,0,0
2000,LVA,TKM,LVA,TKM,16267.126,7833068.544,2904662.528,2367.55,4501.419,3279,0,0,1,0,0,0,0,0,0
2001,LVA,TKM,LVA,TKM,516.553,8313047.552,3534771.968,2337.17,4551.762,3279,0,0,1,0,0,0,0,0,0
2002,LVA,TKM,LVA,TKM,77.08500000000001,9314784.256,4462028.8,2310.173,4600.171,3279,0,0,1,0,0,0,0,0,0
2003,LVA,TKM,LVA,TKM,172.101,11186452.48,5977440.768,2287.955,4648.037,3279,0,0,1,0,0,0,0,0,0
2004,LVA,TKM,LVA,TKM,342.338,13761569.792,6838350.848,2263.122,4696.876,3279,0,0,1,0,0,0,0,0,0
2005,LVA,TKM,LVA,TKM,1117.574,16041840.64,8104355.84,2238.799,4747.839,3279,0,0,1,0,0,0,0,0,0
2006,LVA,TKM,LVA,TKM,638.773,19935045.632,10277598.208,2218.357,4801.595,3279,0,0,1,0,0,0,0,0,0
2007,LVA,TKM,LVA,TKM,786.427,28765687.808,12664165.376,2200.3250000000003,4858.236,3279,0,0,1,0,0,0,0,0,0
2008,LVA,TKM,LVA,TKM,4757.862,33669367.808,19271522.304,2177.322,4917.543,3279,0,0,1,0,0,0,0,0,0
2009,LVA,TKM,LVA,TKM,4262.694,25875781.632,20214386.688,2141.669,4978.962,3279,0,0,1,0,0,0,0,0,0
2010,LVA,TKM,LVA,TKM,4958.656,24009680.896,22148069.376,2097.555,5041.995,3279,0,0,1,0,0,0,0,0,0
2011,LVA,TKM,LVA,TKM,7037.939,28480337.92,29233334.272,2059.709,5106.668,3279,0,0,1,0,0,0,0,0,0
2012,LVA,TKM,LVA,TKM,8140.749,28372578.304,35164209.152,2034.319,5172.9310000000005,3279,0,0,1,0,0,0,0,0,0
2013,LVA,TKM,LVA,TKM,10098.176,30956691.456,41850875.904,2013.385,5240.072,3279,0,0,1,0,0,0,0,0,0
2014,LVA,TKM,LVA,TKM,12270.716,31352250.368,43524210.688,1993.782,5466.241,3279,0,0,1,0,0,0,0,0,0
2015,LVA,TKM,LVA,TKM,22377.491,27026036.736,35799629.824,1977.527,5565.284000000001,3279,0,0,1,0,0,0,0,0,0
2016,LVA,TKM,LVA,TKM,21090.555,27677390.848,36179886.08,1960.424,5662.544,3279,0,0,1,0,0,0,0,0,0
2017,LVA,TKM,LVA,TKM,10017.113,30483806.018,37926285.714,1942.248,5757.667,3279,0,0,1,0,0,0,0,0,0
2018,LVA,TKM,LVA,TKM,7687.751,34429023.435,40765428.571,1927.174,5850.902,3279,0,0,1,0,0,0,0,0,0
2019,LVA,TKM,LVA,TKM,3820.83,34308783.825,45231428.571,1913.822,5942.094,3279,0,0,1,0,0,0,0,0,0
1994,LVA,UKR,LVA,UKR,58346.958,5060854.784,52549554.176,2520.742,51921.04,1097,0,0,0,0,0,0,0,0,0
1995,LVA,UKR,LVA,UKR,71515.115,5235719.68,48213868.544,2485.056,51512.299,1095,0,0,0,0,0,0,0,0,0
1996,LVA,UKR,LVA,UKR,92376.039,5585292.8,44558077.952,2457.222,51057.19,1095,0,0,0,0,0,0,0,0,0
1997,LVA,UKR,LVA,UKR,82845.53,6133234.176,50150400,2432.851,50594.105,1095,0,0,0,0,0,0,0,0,0
1998,LVA,UKR,LVA,UKR,51900.597,6616957.44,41883242.496,2410.019,50143.94,1095,0,0,0,0,0,0,0,0,0
1999,LVA,UKR,LVA,UKR,55475.545,7288524.288,31580639.232,2390.482,49673.351,1095,0,0,1,0,0,0,0,0,0
2000,LVA,UKR,LVA,UKR,44423.194,7833068.544,31261528.064,2367.55,49175.846,1093,0,0,1,0,0,0,0,0,0
2001,LVA,UKR,LVA,UKR,35936.12,8313047.552,38009344,2337.17,48683.865,1093,0,0,1,0,0,0,0,0,0
2002,LVA,UKR,LVA,UKR,41981.035,9314784.256,42392895.488,2310.173,48202.499,1093,0,0,1,0,0,0,0,0,0
2003,LVA,UKR,LVA,UKR,60291.393,11186452.48,50132955.136,2287.955,47812.95,1093,0,0,1,0,0,0,0,0,0
2004,LVA,UKR,LVA,UKR,71400.426,13761569.792,64883060.736,2263.122,47451.599,1093,0,0,1,0,0,0,0,0,0
2005,LVA,UKR,LVA,UKR,83908.045,16041840.64,86142017.536,2238.799,47105.148,1089,0,0,1,0,0,0,0,0,0
2006,LVA,UKR,LVA,UKR,103145.639,19935045.632,107753070.592,2218.357,46787.75,1089,0,0,1,0,0,0,0,0,0
2007,LVA,UKR,LVA,UKR,118587.998,28765687.808,142719008.768,2200.3250000000003,46509.35,1089,0,0,1,0,0,0,0,0,0
2008,LVA,UKR,LVA,UKR,135105.654,33669367.808,179992412.16,2177.322,46258.202,1089,0,0,1,1,0,0,1,0,0
2009,LVA,UKR,LVA,UKR,110145.382,25875781.632,117227765.76,2141.669,46053.299,1089,0,0,1,1,0,0,1,0,0
2010,LVA,UKR,LVA,UKR,99525.415,24009680.896,136419303.424,2097.555,45870.701,1084,0,0,1,1,0,0,1,0,0
2011,LVA,UKR,LVA,UKR,105735.693,28480337.92,163421732.864,2059.709,45706.1,1084,0,0,1,1,0,0,1,0,0
2012,LVA,UKR,LVA,UKR,125512.007,28372578.304,176603430.912,2034.319,45593.3,1084,0,0,1,1,0,0,1,0,0
2013,LVA,UKR,LVA,UKR,121977.16,30956691.456,177430609.92000002,2013.385,45489.601,1084,0,0,1,1,0,0,1,0,0
2014,LVA,UKR,LVA,UKR,101575.9,31352250.368,133503410.176,1993.782,45271.946,1084,0,0,1,1,0,0,1,0,0
2015,LVA,UKR,LVA,UKR,87090.854,27026036.736,91030962.176,1977.527,45154.03,1080,0,0,1,1,0,0,1,0,0
2016,LVA,UKR,LVA,UKR,112460.684,27677390.848,93270482.944,1960.424,45004.646,1080,0,0,1,1,0,0,1,0,0
2017,LVA,UKR,LVA,UKR,144188.865,30483806.018,112090530.369,1942.248,44831.135,1080,0,0,1,1,0,0,1,0,0
2018,LVA,UKR,LVA,UKR,159896.641,34429023.435,130891049.797,1927.174,44622.517,1080,0,0,1,1,0,0,1,0,0
2019,LVA,UKR,LVA,UKR,171351.451,34308783.825,153882982.016,1913.822,44386.204,1080,0,0,1,1,0,0,1,0,0
2020,LVA,UKR,LVA,UKR,250331.956,33645460.617,156617861.449,1900.449,44132.05,1076,0,0,1,1,0,0,1,0,0
1994,LVA,UZB,LVA,UZB,9967.798,5060854.784,12899074.048,2520.742,22377.001,3628,0,0,0,0,0,0,0,0,0
1995,LVA,UZB,LVA,UZB,13772.015,5235719.68,13350461.44,2485.056,22785,3627,0,0,0,0,0,0,0,0,0
1996,LVA,UZB,LVA,UZB,16084.083,5585292.8,13948892.16,2457.222,23225,3627,0,0,0,0,0,0,0,0,0
1997,LVA,UZB,LVA,UZB,8037.442,6133234.176,14744603.648,2432.851,23667,3627,0,0,0,0,0,0,0,0,0
1998,LVA,UZB,LVA,UZB,11275.637,6616957.44,14988971.008,2410.019,24051.001,3627,0,0,0,0,0,0,0,0,0
1999,LVA,UZB,LVA,UZB,5811.037,7288524.288,17078465.536000002,2390.482,24311.649,3627,0,0,1,0,0,0,0,0,0
2000,LVA,UZB,LVA,UZB,8010.766,7833068.544,13760374.784,2367.55,24650.4,3626,0,0,1,0,0,0,0,0,0
2001,LVA,UZB,LVA,UZB,5944.542,8313047.552,11401351.168,2337.17,24964.451,3626,0,0,1,0,0,0,0,0,0
2002,LVA,UZB,LVA,UZB,4121.313,9314784.256,9687951.36,2310.173,25271.851,3626,0,0,1,0,0,0,0,0,0
2003,LVA,UZB,LVA,UZB,4901.683,11186452.48,10128112.64,2287.955,25567.65,3626,0,0,1,0,0,0,0,0,0
2004,LVA,UZB,LVA,UZB,9459.976,13761569.792,12030023.68,2263.122,25864.349,3626,0,0,1,0,0,0,0,0,0
2005,LVA,UZB,LVA,UZB,9274.857,16041840.64,14307510.272,2238.799,26167,3624,0,0,1,0,0,0,0,0,0
2006,LVA,UZB,LVA,UZB,10241.513,19935045.632,17030896.64,2218.357,26488.251,3624,0,0,1,0,0,0,0,0,0
2007,LVA,UZB,LVA,UZB,12731.258,28765687.808,22311393.28,2200.3250000000003,26868,3624,0,0,1,0,0,0,0,0,0
2008,LVA,UZB,LVA,UZB,26868.849,33669367.808,27934031.872,2177.322,27302.799,3624,0,0,1,0,0,0,0,0,0
2009,LVA,UZB,LVA,UZB,27545.678,25875781.632,32816828.416,2141.669,27767.401,3624,0,0,1,0,0,0,0,0,0
2010,LVA,UZB,LVA,UZB,16066.194,24009680.896,39332769.792,2097.555,28562.401,3621,0,0,1,0,0,0,0,0,0
2011,LVA,UZB,LVA,UZB,16605.463,28480337.92,45324320.768,2059.709,29339.399,3621,0,0,1,0,0,0,0,0,0
2012,LVA,UZB,LVA,UZB,24099.741,28372578.304,51183443.968,2034.319,29774.5,3621,0,0,1,0,0,0,0,0,0
2013,LVA,UZB,LVA,UZB,52077.241,30956691.456,56795656.192,2013.385,30241.1,3621,0,0,1,0,0,0,0,0,0
2014,LVA,UZB,LVA,UZB,64956.633,31352250.368,63067078.656,1993.782,30757.7,3621,0,0,1,0,0,0,0,0,0
2015,LVA,UZB,LVA,UZB,62908.456,27026036.736,66903805.952,1977.527,31298.901,3618,0,0,1,0,0,0,0,0,0
2016,LVA,UZB,LVA,UZB,94922.696,27677390.848,67220336.64,1960.424,31848.2,3618,0,0,1,0,0,0,0,0,0
2017,LVA,UZB,LVA,UZB,203000.308,30483806.018,62081323.299,1942.248,32388.599,3618,0,0,1,0,0,0,0,0,0
2018,LVA,UZB,LVA,UZB,382399.775,34429023.435,52633143.808,1927.174,32956.1,3618,0,0,1,0,0,0,0,0,0
2019,LVA,UZB,LVA,UZB,310104.051,34308783.825,59907674.027,1913.822,33580.349,3618,0,0,1,0,0,0,0,0,0
2020,LVA,UZB,LVA,UZB,326596.726,33645460.617,59894305.353,1900.449,34232.052,3615,0,0,1,0,0,0,0,0,0
1994,MDA,ARM,MDA,ARM,190.895,1702314.368,1315158.656,3694,3289.943,1470,0,0,0,0,0,0,0,0,0
1995,MDA,ARM,MDA,ARM,2629.815,1752995.328,1468317.312,3675.099,3223.173,1470,0,0,0,0,0,0,0,0,0
1996,MDA,ARM,MDA,ARM,83.324,1695130.496,1596968.96,3667.748,3173.425,1470,0,0,0,0,0,0,0,0,0
1997,MDA,ARM,MDA,ARM,128.7,1930071.424,1639492.48,3654.208,3137.652,1470,0,0,0,0,0,0,0,0,0
1998,MDA,ARM,MDA,ARM,5.947,1639497.216,1893726.464,3652.732,3112.958,1470,0,0,0,0,0,0,0,0,0
1999,MDA,ARM,MDA,ARM,75.07600000000001,1170785.024,1845482.24,3647.001,3093.82,1470,0,0,0,0,0,0,0,0,0
2000,MDA,ARM,MDA,ARM,917.532,1288420.224,1911563.648,3639.592,3076.098,1470,0,0,0,0,0,0,0,0,0
2001,MDA,ARM,MDA,ARM,437.166,1480656.896,2118467.968,3631.462,3059.96,1470,0,0,1,0,0,0,0,0,0
2002,MDA,ARM,MDA,ARM,1330.756,1661818.112,2376335.104,3623.062,3047.002,1470,0,0,1,0,0,0,0,0,0
2003,MDA,ARM,MDA,ARM,2676.484,1980901.504,2807060.992,3612.874,3036.032,1470,0,0,1,1,0,0,1,0,0
2004,MDA,ARM,MDA,ARM,2740.807,2598231.552,3576615.168,3603.945,3025.652,1470,0,0,1,1,0,0,1,0,0
2005,MDA,ARM,MDA,ARM,2243.971,2988172.544,4900436.992000001,3595.187,3014.917,1470,0,0,1,1,0,0,1,0,0
2006,MDA,ARM,MDA,ARM,2664.9410000000003,3408454.144,6384457.728,3585.2090000000003,3002.911,1470,0,0,1,1,0,0,1,0,0
2007,MDA,ARM,MDA,ARM,1613.221,4402496,9206301.696,3576.91,2989.882,1470,0,0,1,1,0,0,1,0,0
2008,MDA,ARM,MDA,ARM,3519.718,6054806.016,11662041.088,3570.108,2977.4880000000003,1470,0,0,1,1,0,0,1,0,0
2009,MDA,ARM,MDA,ARM,1928.73,5439421.9520000005,8647937.024,3565.6040000000003,2968.154,1470,0,0,1,1,0,0,1,0,0
2010,MDA,ARM,MDA,ARM,1442.86,5811603.968,9260286.976,3562.045,2963.496,1470,0,0,1,1,0,0,1,0,0
2011,MDA,ARM,MDA,ARM,2886.685,7016162.816000001,10142343.168,3559.986,2964.12,1470,0,0,1,1,0,0,1,0,0
2012,MDA,ARM,MDA,ARM,1411.26,7284686.336,9958217.728,3559.519,2969.081,1470,0,0,1,1,0,0,1,0,0
2013,MDA,ARM,MDA,ARM,1269.357,7969618.944,10432169.984,3559,2976.5660000000003,1470,0,0,1,1,0,0,1,0,0
2014,MDA,ARM,MDA,ARM,3572.669,7983270.912,11609512.96,3556.397,2906.2200000000003,1470,0,0,1,1,0,0,1,0,0
2015,MDA,ARM,MDA,ARM,1097.166,6512899.584,10529182.72,3554.108,2916.9500000000003,1470,0,0,1,1,0,0,1,0,0
2016,MDA,ARM,MDA,ARM,1018.442,6749515.776000001,10547331.072,3552,2924.8160000000003,1470,0,0,1,1,0,0,1,0,0
2017,MDA,ARM,MDA,ARM,1274.652,9669741.744,11527458.566,2755.158,2944.789,1470,0,0,1,1,0,0,1,0,0
2018,MDA,ARM,MDA,ARM,2391.364,11457443.185,12457941.907,2708.214,2951.741,1470,0,0,1,1,0,0,1,0,0
2019,MDA,ARM,MDA,ARM,3554.568,11971345.003,13619291.361,2664.974,2957.728,1470,0,0,1,1,0,0,1,0,0
2020,MDA,ARM,MDA,ARM,1569.588,11859730.544,12641209.802,2620.495,2963.234,1470,0,0,1,1,0,0,1,0,0
1994,MDA,AZE,MDA,AZE,12989.567,1702314.368,3313739.776,3694,7597,1799,0,0,0,0,0,0,0,0,0
1995,MDA,AZE,MDA,AZE,5354.341,1752995.328,3052467.456,3675.099,7685,1799,0,0,0,0,0,0,0,0,0
1996,MDA,AZE,MDA,AZE,8589.48,1695130.496,3176749.568,3667.748,7763,1799,0,0,0,0,0,0,0,0,0
1997,MDA,AZE,MDA,AZE,7969.462,1930071.424,3962710.272,3654.208,7838.25,1799,0,0,0,0,0,0,0,0,0
1998,MDA,AZE,MDA,AZE,2789.301,1639497.216,4446396.416,3652.732,7913,1799,0,0,0,0,0,0,0,0,0
1999,MDA,AZE,MDA,AZE,1519.303,1170785.024,4581222.4,3647.001,7982.75,1799,0,0,0,0,0,0,0,0,0
2000,MDA,AZE,MDA,AZE,1736.741,1288420.224,5272616.96,3639.592,8048.6,1799,0,0,0,0,0,0,0,0,0
2001,MDA,AZE,MDA,AZE,337.36400000000003,1480656.896,5707618.3040000005,3631.462,8111.2,1799,0,0,1,0,0,0,0,0,0
2002,MDA,AZE,MDA,AZE,1639.536,1661818.112,6236024.832,3623.062,8171.95,1799,0,0,1,0,0,0,0,0,0
2003,MDA,AZE,MDA,AZE,1125.286,1980901.504,7275766.272,3612.874,8234.1,1799,0,0,1,0,0,0,0,0,0
2004,MDA,AZE,MDA,AZE,3084.827,2598231.552,8680511.488,3603.945,8306.5,1799,0,0,1,0,0,0,0,0,0
2005,MDA,AZE,MDA,AZE,3718.214,2988172.544,13245421.568,3595.187,8391.85,1799,0,0,1,0,0,0,0,0,0
2006,MDA,AZE,MDA,AZE,4765.823,3408454.144,20982269.952,3585.2090000000003,8484.55,1799,0,0,1,0,0,0,0,0,0
2007,MDA,AZE,MDA,AZE,9801.081,4402496,33050343.424,3576.91,8581.3,1799,0,0,1,0,0,0,0,0,0
2008,MDA,AZE,MDA,AZE,7128.011,6054806.016,48852484.096,3570.108,8763.4,1799,0,0,1,0,0,0,0,0,0
2009,MDA,AZE,MDA,AZE,3767.921,5439421.9520000005,44291489.792,3565.6040000000003,8947.243,1799,0,0,1,0,0,0,0,0,0
2010,MDA,AZE,MDA,AZE,7480.196,5811603.968,52902703.104,3562.045,9054.332,1801,0,0,1,0,0,0,0,0,0
2011,MDA,AZE,MDA,AZE,5720.1320000000005,7016162.816000001,65951625.216,3559.986,9173.082,1801,0,0,1,0,0,0,0,0,0
2012,MDA,AZE,MDA,AZE,8785.933,7284686.336,68730904.576,3559.519,9295.784,1801,0,0,1,0,0,0,0,0,0
2013,MDA,AZE,MDA,AZE,6467.313,7969618.944,73560481.792,3559,9416.598,1801,0,0,1,0,0,0,0,0,0
2014,MDA,AZE,MDA,AZE,5916.272,7983270.912,75244167.168,3556.397,9535.079,1801,0,0,1,0,0,0,0,0,0
2015,MDA,AZE,MDA,AZE,3559.536,6512899.584,53074370.56,3554.108,9649.341,1802,0,0,1,0,0,0,0,0,0
2016,MDA,AZE,MDA,AZE,4665.186,6749515.776000001,37847715.84,3552,9762.274,1802,0,0,1,0,0,0,0,0,0
2017,MDA,AZE,MDA,AZE,6752.296,9669741.744,40865558.912,2755.158,9854.033,1802,0,0,1,0,0,0,0,0,0
2018,MDA,AZE,MDA,AZE,6216.837,11457443.185,47112941.176,2708.214,9939.771,1802,0,0,1,0,0,0,0,0,0
2019,MDA,AZE,MDA,AZE,5008.5380000000005,11971345.003,48174235.294,2664.974,10024.283,1802,0,0,1,0,0,0,0,0,0
2020,MDA,AZE,MDA,AZE,4041.623,11859730.544,42693000,2620.495,10093.121,1803,0,0,1,0,0,0,0,0,0
1994,MDA,BLR,MDA,BLR,23640.636,1702314.368,14931599.36,3694,10227,754,0,0,0,0,0,0,0,0,0
1995,MDA,BLR,MDA,BLR,26461.872,1752995.328,13972637.696,3675.099,10194,754,0,0,0,0,0,0,0,0,0
1996,MDA,BLR,MDA,BLR,31631.368,1695130.496,14756861.952,3667.748,10160,754,0,0,0,0,0,0,0,0,0
1997,MDA,BLR,MDA,BLR,29025.273,1930071.424,14128412.672,3654.208,10117,754,0,0,0,0,0,0,0,0,0
1998,MDA,BLR,MDA,BLR,49749.096,1639497.216,15222014.976,3652.732,10069,754,0,0,0,0,0,0,0,0,0
1999,MDA,BLR,MDA,BLR,40430.913,1170785.024,12138485.76,3647.001,10035,754,0,0,0,0,0,0,0,0,0
2000,MDA,BLR,MDA,BLR,33575.5,1288420.224,12736856.064,3639.592,10005,755,0,0,0,0,0,0,0,0,0
2001,MDA,BLR,MDA,BLR,38564.8,1480656.896,12354820.096,3631.462,9928,755,0,0,1,0,0,0,0,0,0
2002,MDA,BLR,MDA,BLR,43358.8,1661818.112,14594925.568,3623.062,9865,755,0,0,1,0,0,0,0,0,0
2003,MDA,BLR,MDA,BLR,48139.5,1980901.504,17825435.648000002,3612.874,9797,755,0,0,1,0,0,0,0,0,0
2004,MDA,BLR,MDA,BLR,68492.4,2598231.552,23141586.944,3603.945,9730,755,0,0,1,0,0,0,0,0,0
2005,MDA,BLR,MDA,BLR,72339.40000000001,2988172.544,30210091.008,3595.187,9663,755,0,0,1,0,0,0,0,0,0
2006,MDA,BLR,MDA,BLR,81065.2,3408454.144,36961918.976,3585.2090000000003,9604,755,0,0,1,0,0,0,0,0,0
2007,MDA,BLR,MDA,BLR,81956.14600000001,4402496,45275713.536,3576.91,9560,755,0,0,1,0,0,0,0,0,0
2008,MDA,BLR,MDA,BLR,92663.283,6054806.016,60763484.16,3570.108,9528,755,0,0,1,0,0,0,0,0,0
2009,MDA,BLR,MDA,BLR,84649.1,5439421.9520000005,49208655.872,3565.6040000000003,9507,755,0,0,1,0,0,0,0,0,0
2010,MDA,BLR,MDA,BLR,83937.40000000001,5811603.968,55220932.608,3562.045,9490,755,0,0,1,0,0,0,0,0,0
2011,MDA,BLR,MDA,BLR,77725.6,7016162.816000001,59734593.536,3559.986,9473,755,0,0,1,0,0,0,0,0,0
2012,MDA,BLR,MDA,BLR,85090.8,7284686.336,63615447.04,3559.519,9464,755,0,0,1,0,0,0,0,0,0
2013,MDA,BLR,MDA,BLR,91825.8,7969618.944,71709515.77600001,3559,9466,755,0,0,1,0,0,0,0,0,0
2014,MDA,BLR,MDA,BLR,165926.9,7983270.912,78813052.928,3556.397,9474.511,755,0,0,1,0,0,0,0,0,0
2015,MDA,BLR,MDA,BLR,148876.30000000002,6512899.584,56454774.784,3554.108,9489.616,755,0,0,1,0,0,0,0,0,0
2016,MDA,BLR,MDA,BLR,108951.5,6749515.776000001,47433441.28,3552,9507.12,755,0,0,1,0,0,0,0,0,0
2017,MDA,BLR,MDA,BLR,110076.971,9669741.744,54726595.249,2755.158,9458.989,755,0,0,1,0,0,0,0,0,0
2018,MDA,BLR,MDA,BLR,87234.59,11457443.185,60031262.269,2708.214,9438.785,755,0,0,1,0,0,0,0,0,0
2019,MDA,BLR,MDA,BLR,83650,11971345.003,64409647.194,2664.974,9419.758,755,0,0,1,0,0,0,0,0,0
2020,MDA,BLR,MDA,BLR,71357.40000000001,11859730.544,61489588.895,2620.495,9379.952,754,0,0,1,0,0,0,0,0,0
1995,MDA,EST,MDA,EST,2311.753,1752995.328,4362191.36,3675.099,1436.634,1410,0,0,0,0,0,0,0,0,0
1996,MDA,EST,MDA,EST,3297.649,1695130.496,4739181.568,3667.748,1415.594,1410,0,0,0,0,0,0,0,0,0
1997,MDA,EST,MDA,EST,1526.712,1930071.424,5059146.752,3654.208,1399.535,1410,0,0,0,0,0,0,0,0,0
1998,MDA,EST,MDA,EST,2261.597,1639497.216,5608007.1680000005,3652.732,1386.156,1410,0,0,0,0,0,0,0,0,0
1999,MDA,EST,MDA,EST,2774.107,1170785.024,5715278.848,3647.001,1380.62,1410,0,0,0,1,0,0,0,0,0
2000,MDA,EST,MDA,EST,2229.63,1288420.224,5685561.3440000005,3639.592,1396.985,1410,0,0,0,1,0,0,0,0,0
2001,MDA,EST,MDA,EST,1836.982,1480656.896,6233506.3040000005,3631.462,1388.115,1410,0,0,1,1,0,0,1,0,0
2002,MDA,EST,MDA,EST,1715.4,1661818.112,7308609.024,3623.062,1379.35,1410,0,0,1,1,0,0,1,0,0
2003,MDA,EST,MDA,EST,1431.887,1980901.504,9822143.488,3612.874,1370.72,1410,0,0,1,1,0,0,1,0,0
2004,MDA,EST,MDA,EST,1834.04,2598231.552,12057639.936,3603.945,1362.55,1410,0,0,1,1,0,0,1,0,0
2005,MDA,EST,MDA,EST,1853.716,2988172.544,14003096.576,3595.187,1354.775,1410,0,0,1,1,0,0,1,0,0
2006,MDA,EST,MDA,EST,1898.207,3408454.144,16958045.184,3585.2090000000003,1346.81,1410,0,0,1,1,0,0,1,0,0
2007,MDA,EST,MDA,EST,2220.894,4402496,22228670.464,3576.91,1340.68,1410,0,0,1,1,0,0,1,0,0
2008,MDA,EST,MDA,EST,2440.465,6054806.016,24185794.56,3570.108,1337.09,1410,0,0,1,1,0,0,1,0,0
2009,MDA,EST,MDA,EST,2284.128,5439421.9520000005,19640621.056,3565.6040000000003,1334.515,1410,0,0,1,1,0,0,1,0,0
2010,MDA,EST,MDA,EST,2503.638,5811603.968,19479013.376,3562.045,1331.475,1410,0,0,1,1,0,0,1,0,0
2011,MDA,EST,MDA,EST,3753.751,7016162.816000001,22803433.472,3559.986,1327.439,1410,0,0,1,1,0,0,1,0,0
2012,MDA,EST,MDA,EST,4234.485,7284686.336,22660753.408,3559.519,1325.016,1410,0,0,1,1,0,0,1,0,0
2013,MDA,EST,MDA,EST,3563.146,7969618.944,24880265.216,3559,1324.612,1410,0,0,1,1,0,0,1,0,0
2014,MDA,EST,MDA,EST,5216.643,7983270.912,26213941.248,3556.397,1314.545,1410,0,0,1,1,0,0,1,0,0
2015,MDA,EST,MDA,EST,4545.051,6512899.584,22460471.296,3554.108,1315.407,1410,0,0,1,1,0,0,1,0,0
2016,MDA,EST,MDA,EST,4008.596,6749515.776000001,23136741.376,3552,1316.481,1410,0,0,1,1,0,0,1,0,0
2017,MDA,EST,MDA,EST,4201.783,9669741.744,26924385.103,2755.158,1317.384,1410,0,0,1,1,0,0,1,0,0
2018,MDA,EST,MDA,EST,3880.656,11457443.185,30489500.905,2708.214,1321.977,1410,0,0,1,1,0,0,1,0,0
2019,MDA,EST,MDA,EST,3701.912,11971345.003,31045591.753,2664.974,1326.855,1410,0,0,1,1,0,0,1,0,0
2020,MDA,EST,MDA,EST,5809.467000000001,11859730.544,30650285.472,2620.495,1329.479,1410,0,0,1,1,0,0,1,0,0
1994,MDA,GEO,MDA,GEO,633.193,1702314.368,2513870.592,3694,4861.6,1400,0,0,0,0,0,0,0,0,0
1995,MDA,GEO,MDA,GEO,147.448,1752995.328,2693731.84,3675.099,4734,1400,0,0,0,0,0,0,0,0,0
1996,MDA,GEO,MDA,GEO,776.897,1695130.496,3094915.5840000003,3667.748,4616.1,1400,0,0,0,0,0,0,0,0,0
1997,MDA,GEO,MDA,GEO,3813.999,1930071.424,3510540.8000000003,3654.208,4531.6,1400,0,0,0,0,0,0,0,0,0
1998,MDA,GEO,MDA,GEO,287.599,1639497.216,3613500.16,3652.732,4487.3,1400,0,0,0,0,0,0,0,0,0
1999,MDA,GEO,MDA,GEO,154.128,1170785.024,2800024.32,3647.001,4452.5,1400,0,0,0,0,0,0,0,0,0
2000,MDA,GEO,MDA,GEO,212.382,1288420.224,3057453.568,3639.592,4418.3,1400,0,0,0,1,0,0,0,0,0
2001,MDA,GEO,MDA,GEO,663.583,1480656.896,3219487.744,3631.462,4386.4000000000005,1400,0,0,1,1,0,0,1,0,0
2002,MDA,GEO,MDA,GEO,406.817,1661818.112,3395778.56,3623.062,4357,1400,0,0,1,1,0,0,1,0,0
2003,MDA,GEO,MDA,GEO,1078.34,1980901.504,3991374.592,3612.874,4328.9,1400,0,0,1,1,0,0,1,0,0
2004,MDA,GEO,MDA,GEO,2066.923,2598231.552,5125274.112,3603.945,4318.3,1400,0,0,1,1,0,0,1,0,0
2005,MDA,GEO,MDA,GEO,5248.461,2988172.544,6411147.264,3595.187,4361.4,1400,0,0,1,1,0,0,1,0,0
2006,MDA,GEO,MDA,GEO,4060.704,3408454.144,7761900.032000001,3585.2090000000003,4398,1400,0,0,1,1,0,0,1,0,0
2007,MDA,GEO,MDA,GEO,3810.203,4402496,10172260.352,3576.91,4388.4000000000005,1400,0,0,1,1,0,0,1,0,0
2008,MDA,GEO,MDA,GEO,6349.78,6054806.016,12799337.472,3570.108,4383.8,1400,0,0,1,1,0,0,1,0,0
2009,MDA,GEO,MDA,GEO,8581.937,5439421.9520000005,10766836.736,3565.6040000000003,4410.9000000000005,1400,0,0,1,1,0,0,1,0,0
2010,MDA,GEO,MDA,GEO,12361.064,5811603.968,11638537.216,3562.045,4452.8,1400,0,0,1,1,0,0,1,0,0
2011,MDA,GEO,MDA,GEO,13213.808,7016162.816000001,14434620.416,3559.986,4483.35,1400,0,0,1,1,0,0,1,0,0
2012,MDA,GEO,MDA,GEO,18398.85,7284686.336,15846474.752,3559.519,4490.7,1400,0,0,1,1,0,0,1,0,0
2013,MDA,GEO,MDA,GEO,28045.973,7969618.944,16140047.36,3559,4476.9000000000005,1400,0,0,1,1,0,0,1,0,0
2014,MDA,GEO,MDA,GEO,24491.444,7983270.912,16509305.856,3556.397,3727,1400,0,0,1,1,0,0,1,0,0
2015,MDA,GEO,MDA,GEO,17930.246,6512899.584,13993546.752,3554.108,3717.1,1400,0,0,1,1,0,0,1,0,0
2016,MDA,GEO,MDA,GEO,16892.173,6749515.776000001,14332879.872,3552,3719.3,1400,0,0,1,1,0,0,1,0,0
2017,MDA,GEO,MDA,GEO,18037.853,9669741.744,16242916.916,2755.158,3728.004,1400,0,0,1,1,0,0,1,0,0
2018,MDA,GEO,MDA,GEO,20811.877,11457443.185,17596922.47,2708.214,3726.549,1400,0,0,1,1,0,0,1,0,0
2019,MDA,GEO,MDA,GEO,20969.413,11971345.003,17470436.259,2664.974,3720.161,1400,0,0,1,1,0,0,1,0,0
2020,MDA,GEO,MDA,GEO,22790.746,11859730.544,15842922.533,2620.495,3722.716,1400,0,0,1,1,0,0,1,0,0
1994,MDA,KAZ,MDA,KAZ,7200.545,1702314.368,21250838.528,3694,16095.2,3348,0,0,0,0,0,0,0,0,0
1995,MDA,KAZ,MDA,KAZ,8598.499,1752995.328,20374306.816,3675.099,15815.626,3345,0,0,0,0,0,0,0,0,0
1996,MDA,KAZ,MDA,KAZ,8253.382,1695130.496,21035358.208,3667.748,15577.894,3345,0,0,0,0,0,0,0,0,0
1997,MDA,KAZ,MDA,KAZ,2555.69,1930071.424,22165932.032,3654.208,15333.703,3345,0,0,0,0,0,0,0,0,0
1998,MDA,KAZ,MDA,KAZ,3458.077,1639497.216,22135244.8,3652.732,15071.3,3345,0,0,0,0,0,0,0,0,0
1999,MDA,KAZ,MDA,KAZ,3611.491,1170785.024,16870816.768,3647.001,14928.426,3345,0,0,0,0,0,0,0,0,0
2000,MDA,KAZ,MDA,KAZ,7128.4000000000005,1288420.224,18291990.528,3639.592,14883.626,3337,0,0,0,0,0,0,0,0,0
2001,MDA,KAZ,MDA,KAZ,5957,1480656.896,22152689.664,3631.462,14858.335,3337,0,0,1,0,0,0,0,0,0
2002,MDA,KAZ,MDA,KAZ,6684.9000000000005,1661818.112,24636598.272,3623.062,14858.948,3337,0,0,1,0,0,0,0,0,0
2003,MDA,KAZ,MDA,KAZ,9428.2,1980901.504,30833692.672,3612.874,14909.018,3337,0,0,1,0,0,0,0,0,0
2004,MDA,KAZ,MDA,KAZ,15984.316,2598231.552,43151646.72,3603.945,15012.985,3337,0,0,1,0,0,0,0,0,0
2005,MDA,KAZ,MDA,KAZ,18581.769,2988172.544,57123672.064,3595.187,15147.029,3314,0,0,1,0,0,0,0,0,0
2006,MDA,KAZ,MDA,KAZ,24163.611,3408454.144,81003864.064,3585.2090000000003,15308.084,3314,0,0,1,0,0,0,0,0,0
2007,MDA,KAZ,MDA,KAZ,45542.006,4402496,104849883.136,3576.91,15484.192,3314,0,0,1,0,0,0,0,0,0
2008,MDA,KAZ,MDA,KAZ,44508.997,6054806.016,133441609.728,3570.108,15674,3314,0,0,1,0,0,0,0,0,0
2009,MDA,KAZ,MDA,KAZ,27704.129,5439421.9520000005,115308658.688,3565.6040000000003,16092.701,3314,0,0,1,0,0,0,0,0,0
2010,MDA,KAZ,MDA,KAZ,30547.275,5811603.968,148047347.712,3562.045,16321.581,3302,0,0,1,0,0,0,0,0,0
2011,MDA,KAZ,MDA,KAZ,45450.348,7016162.816000001,188048965.632,3559.986,16556.601,3302,0,0,1,0,0,0,0,0,0
2012,MDA,KAZ,MDA,KAZ,50301.983,7284686.336,203517198.336,3559.519,16791.426,3302,0,0,1,0,0,0,0,0,0
2013,MDA,KAZ,MDA,KAZ,39249.571,7969618.944,231876280.32,3559,17037.508,3302,0,0,1,0,0,0,0,0,0
2014,MDA,KAZ,MDA,KAZ,45886.493,7983270.912,221415571.456,3556.397,17289.225,3302,0,0,1,0,0,0,0,0,0
2015,MDA,KAZ,MDA,KAZ,60652.148,6512899.584,184388435.968,3554.108,17544.127,3297,0,0,1,1,0,0,1,0,0
2016,MDA,KAZ,MDA,KAZ,13703.771,6749515.776000001,133657083.904,3552,17797.031,3297,0,0,1,1,0,0,1,0,0
2017,MDA,KAZ,MDA,KAZ,17041.161,9669741.744,166805800.59600002,2755.158,18037.777,3297,0,0,1,1,0,0,1,0,0
2018,MDA,KAZ,MDA,KAZ,17195.652000000002,11457443.185,179339994.859,2708.214,18276.451,3297,0,0,1,1,0,0,1,0,0
2019,MDA,KAZ,MDA,KAZ,9951.725,11971345.003,181667190.076,2664.974,18513.674,3297,0,0,1,1,0,0,1,0,0
2020,MDA,KAZ,MDA,KAZ,13841.578,11859730.544,171082379.533,2620.495,18755.667,3291,0,0,1,1,0,0,1,0,0
1994,MDA,KGZ,MDA,KGZ,367.596,1702314.368,1681006.976,3694,4515.1,3587,0,0,0,0,0,0,0,0,0
1995,MDA,KGZ,MDA,KGZ,249.851,1752995.328,1661018.496,3675.099,4560.4000000000005,3587,0,0,0,0,0,0,0,0,0
1996,MDA,KGZ,MDA,KGZ,156.097,1695130.496,1827570.56,3667.748,4628.4000000000005,3587,0,0,0,0,0,0,0,0,0
1997,MDA,KGZ,MDA,KGZ,468.699,1930071.424,1767864.064,3654.208,4696.4000000000005,3587,0,0,0,0,0,0,0,0,0
1998,MDA,KGZ,MDA,KGZ,154.397,1639497.216,1645963.776,3652.732,4769,3587,0,0,0,1,0,0,0,0,0
1999,MDA,KGZ,MDA,KGZ,181.034,1170785.024,1249062.016,3647.001,4840.4000000000005,3587,0,0,0,1,0,0,0,0,0
2000,MDA,KGZ,MDA,KGZ,51.386,1288420.224,1369691.904,3639.592,4898.4000000000005,3587,0,0,0,1,0,0,0,0,0
2001,MDA,KGZ,MDA,KGZ,262.039,1480656.896,1525113.472,3631.462,4945.1,3587,0,0,1,1,0,0,1,0,0
2002,MDA,KGZ,MDA,KGZ,756.477,1661818.112,1605640.576,3623.062,4990.7,3587,0,0,1,1,0,0,1,0,0
2003,MDA,KGZ,MDA,KGZ,1447.556,1980901.504,1919012.736,3612.874,5043.3,3587,0,0,1,1,0,0,1,0,0
2004,MDA,KGZ,MDA,KGZ,1600.128,2598231.552,2211535.36,3603.945,5104.7,3587,0,0,1,1,0,0,1,0,0
2005,MDA,KGZ,MDA,KGZ,1875.611,2988172.544,2459876.096,3595.187,5162.6,3587,0,0,1,1,0,0,1,0,0
2006,MDA,KGZ,MDA,KGZ,1067.522,3408454.144,2834168.832,3585.2090000000003,5218.4000000000005,3587,0,0,1,1,0,0,1,0,0
2007,MDA,KGZ,MDA,KGZ,2849.013,4402496,3802566.144,3576.91,5268.4000000000005,3587,0,0,1,1,0,0,1,0,0
2008,MDA,KGZ,MDA,KGZ,3561.539,6054806.016,5139957.76,3570.108,5318.7,3587,0,0,1,1,0,0,1,0,0
2009,MDA,KGZ,MDA,KGZ,2947.301,5439421.9520000005,4690062.336,3565.6040000000003,5383.3,3587,0,0,1,1,0,0,1,0,0
2010,MDA,KGZ,MDA,KGZ,2899.764,5811603.968,4794357.76,3562.045,5447.9000000000005,3587,0,0,1,1,0,0,1,0,0
2011,MDA,KGZ,MDA,KGZ,3293.489,7016162.816000001,6197766.144,3559.986,5514.6,3587,0,0,1,1,0,0,1,0,0
2012,MDA,KGZ,MDA,KGZ,3877.073,7284686.336,6605139.968,3559.519,5607.2,3587,0,0,1,1,0,0,1,0,0
2013,MDA,KGZ,MDA,KGZ,6556.389,7969618.944,7226303.488,3559,5719.5,3587,0,0,1,1,0,0,1,0,0
2014,MDA,KGZ,MDA,KGZ,11775.592,7983270.912,7468096.512,3556.397,5835.5,3587,0,0,1,1,0,0,1,0,0
2015,MDA,KGZ,MDA,KGZ,6149.741,6512899.584,6678178.3040000005,3554.108,5956.9000000000005,3587,0,0,1,1,0,0,1,0,0
2016,MDA,KGZ,MDA,KGZ,1784.926,6749515.776000001,6551287.808,3552,6082.7,3587,0,0,1,1,0,0,1,0,0
2017,MDA,KGZ,MDA,KGZ,1649.928,9669741.744,7702934.8,2755.158,6198.2,3587,0,0,1,1,0,0,1,0,0
2018,MDA,KGZ,MDA,KGZ,1230.883,11457443.185,8271108.638,2708.214,6322.8,3587,0,0,1,1,0,0,1,0,0
2019,MDA,KGZ,MDA,KGZ,1627.652,11971345.003,8871026.074000001,2664.974,6456.2,3587,0,0,1,1,0,0,1,0,0
2020,MDA,KGZ,MDA,KGZ,960.926,11859730.544,7780874.537,2620.495,6579.9000000000005,3587,0,0,1,1,0,0,1,0,0
1992,MDA,LTU,MDA,LTU,6385.676,2319243.52,8562311.168,3709,3700.114,891,0,0,0,0,0,0,0,0,0
1994,MDA,LTU,MDA,LTU,5621.279,1702314.368,6958637.056,3694,3657.144,891,0,0,0,0,0,0,0,0,0
1995,MDA,LTU,MDA,LTU,10361.245,1752995.328,7904896,3675.099,3629.102,891,0,0,0,0,0,0,0,0,0
1996,MDA,LTU,MDA,LTU,13010.556,1695130.496,8426599.936,3667.748,3601.6130000000003,891,0,0,0,0,0,0,0,0,0
1997,MDA,LTU,MDA,LTU,8749.696,1930071.424,10128700.416,3654.208,3575.137,891,0,0,0,0,0,0,0,0,0
1998,MDA,LTU,MDA,LTU,3799.545,1639497.216,11254049.792,3652.732,3549.331,891,0,0,0,0,0,0,0,0,0
1999,MDA,LTU,MDA,LTU,5901.3730000000005,1170785.024,10971374.592,3647.001,3524.2380000000003,891,0,0,0,0,0,0,0,0,0
2000,MDA,LTU,MDA,LTU,4252.884,1288420.224,11434200.064,3639.592,3499.536,891,0,0,0,0,0,0,0,0,0
2001,MDA,LTU,MDA,LTU,3226.289,1480656.896,12159224.832,3631.462,3470.818,891,0,0,1,1,0,0,1,0,0
2002,MDA,LTU,MDA,LTU,6024.342000000001,1661818.112,14163949.568,3623.062,3443.067,891,0,0,1,1,0,0,1,0,0
2003,MDA,LTU,MDA,LTU,6873.1140000000005,1980901.504,18608709.632,3612.874,3415.213,891,0,0,1,1,0,0,1,0,0
2004,MDA,LTU,MDA,LTU,4490.477,2598231.552,22659295.232,3603.945,3377.0750000000003,891,0,0,1,1,0,0,1,0,0
2005,MDA,LTU,MDA,LTU,6322.331,2988172.544,26085306.368,3595.187,3322.528,891,0,0,1,1,0,0,1,0,0
2006,MDA,LTU,MDA,LTU,8550.74,3408454.144,30246361.088,3585.2090000000003,3269.909,891,0,0,1,1,0,0,1,0,0
2007,MDA,LTU,MDA,LTU,10169.808,4402496,39325986.816,3576.91,3231.294,891,0,0,1,1,0,0,1,0,0
2008,MDA,LTU,MDA,LTU,8057.06,6054806.016,47438364.672,3570.108,3198.231,891,0,0,1,1,0,0,1,0,0
2009,MDA,LTU,MDA,LTU,10461.551,5439421.9520000005,37050081.28,3565.6040000000003,3162.916,891,0,0,1,1,0,0,1,0,0
2010,MDA,LTU,MDA,LTU,11755.438,5811603.968,36709511.168,3562.045,3097.282,891,0,0,1,1,0,0,1,0,0
2011,MDA,LTU,MDA,LTU,18696.161,7016162.816000001,43083067.392,3559.986,3028.115,891,0,0,1,1,0,0,1,0,0
2012,MDA,LTU,MDA,LTU,14898.53,7284686.336,42343559.168,3559.519,2987.773,891,0,0,1,1,0,0,1,0,0
2013,MDA,LTU,MDA,LTU,15263.702,7969618.944,45931966.464,3559,2956.121,891,0,0,1,1,0,0,1,0,0
2014,MDA,LTU,MDA,LTU,16760.94,7983270.912,48545251.328,3556.397,2932.367,891,0,0,1,1,0,0,1,0,0
2015,MDA,LTU,MDA,LTU,8760.380000000001,6512899.584,41402023.936,3554.108,2904.91,891,0,0,1,1,0,0,1,0,0
2016,MDA,LTU,MDA,LTU,7587.515,6749515.776000001,42738876.416,3552,2872.298,891,0,0,1,1,0,0,1,0,0
2017,MDA,LTU,MDA,LTU,9474.661,9669741.744,47758736.932,2755.158,2828.403,891,0,0,1,1,0,0,1,0,0
2018,MDA,LTU,MDA,LTU,9005.659,11457443.185,53750911.866,2708.214,2801.543,891,0,0,1,1,0,0,1,0,0
2019,MDA,LTU,MDA,LTU,8472.468,11971345.003,54697379.017000005,2664.974,2794.137,891,0,0,1,1,0,0,1,0,0
2020,MDA,LTU,MDA,LTU,7728.069,11859730.544,56546957.475,2620.495,2794.885,891,0,0,1,1,0,0,1,0,0
1994,MDA,LVA,MDA,LVA,3179.262,1702314.368,5060854.784,3694,2520.742,1153,0,0,0,0,0,0,0,0,0
1995,MDA,LVA,MDA,LVA,6479.812,1752995.328,5235719.68,3675.099,2485.056,1153,0,0,0,0,0,0,0,0,0
1996,MDA,LVA,MDA,LVA,7564.496,1695130.496,5585292.8,3667.748,2457.222,1153,0,0,0,0,0,0,0,0,0
1997,MDA,LVA,MDA,LVA,7023.594,1930071.424,6133234.176,3654.208,2432.851,1153,0,0,0,0,0,0,0,0,0
1998,MDA,LVA,MDA,LVA,3253.792,1639497.216,6616957.44,3652.732,2410.019,1153,0,0,0,0,0,0,0,0,0
1999,MDA,LVA,MDA,LVA,3100.4410000000003,1170785.024,7288524.288,3647.001,2390.482,1153,0,0,0,1,0,0,0,0,0
2000,MDA,LVA,MDA,LVA,3746.351,1288420.224,7833068.544,3639.592,2367.55,1153,0,0,0,1,0,0,0,0,0
2001,MDA,LVA,MDA,LVA,2264.027,1480656.896,8313047.552,3631.462,2337.17,1153,0,0,1,1,0,0,1,0,0
2002,MDA,LVA,MDA,LVA,2553.231,1661818.112,9314784.256,3623.062,2310.173,1153,0,0,1,1,0,0,1,0,0
2003,MDA,LVA,MDA,LVA,2688.638,1980901.504,11186452.48,3612.874,2287.955,1153,0,0,1,1,0,0,1,0,0
2004,MDA,LVA,MDA,LVA,4109.066,2598231.552,13761569.792,3603.945,2263.122,1153,0,0,1,1,0,0,1,0,0
2005,MDA,LVA,MDA,LVA,4042.058,2988172.544,16041840.64,3595.187,2238.799,1153,0,0,1,1,0,0,1,0,0
2006,MDA,LVA,MDA,LVA,4432.081,3408454.144,19935045.632,3585.2090000000003,2218.357,1153,0,0,1,1,0,0,1,0,0
2007,MDA,LVA,MDA,LVA,5781.793000000001,4402496,28765687.808,3576.91,2200.3250000000003,1153,0,0,1,1,0,0,1,0,0
2008,MDA,LVA,MDA,LVA,5105.18,6054806.016,33669367.808,3570.108,2177.322,1153,0,0,1,1,0,0,1,0,0
2009,MDA,LVA,MDA,LVA,2339.707,5439421.9520000005,25875781.632,3565.6040000000003,2141.669,1153,0,0,1,1,0,0,1,0,0
2010,MDA,LVA,MDA,LVA,3379.41,5811603.968,24009680.896,3562.045,2097.555,1153,0,0,1,1,0,0,1,0,0
2011,MDA,LVA,MDA,LVA,4238.487,7016162.816000001,28480337.92,3559.986,2059.709,1153,0,0,1,1,0,0,1,0,0
2012,MDA,LVA,MDA,LVA,5791.807,7284686.336,28372578.304,3559.519,2034.319,1153,0,0,1,1,0,0,1,0,0
2013,MDA,LVA,MDA,LVA,7510.992,7969618.944,30956691.456,3559,2013.385,1153,0,0,1,1,0,0,1,0,0
2014,MDA,LVA,MDA,LVA,11750.069,7983270.912,31352250.368,3556.397,1993.782,1153,0,0,1,1,0,0,1,0,0
2015,MDA,LVA,MDA,LVA,10576.228,6512899.584,27026036.736,3554.108,1977.527,1153,0,0,1,1,0,0,1,0,0
2016,MDA,LVA,MDA,LVA,5461.4490000000005,6749515.776000001,27677390.848,3552,1960.424,1153,0,0,1,1,0,0,1,0,0
2017,MDA,LVA,MDA,LVA,7088.869000000001,9669741.744,30483806.018,2755.158,1942.248,1153,0,0,1,1,0,0,1,0,0
2018,MDA,LVA,MDA,LVA,7127.619000000001,11457443.185,34429023.435,2708.214,1927.174,1153,0,0,1,1,0,0,1,0,0
2019,MDA,LVA,MDA,LVA,8341.48,11971345.003,34308783.825,2664.974,1913.822,1153,0,0,1,1,0,0,1,0,0
2020,MDA,LVA,MDA,LVA,7965.224,11859730.544,33645460.617,2620.495,1900.449,1153,0,0,1,1,0,0,1,0,0
1994,MDA,RUS,MDA,RUS,289651.972,1702314.368,395086561.28,3694,148335.999,1498,0,0,0,0,0,0,0,0,0
1995,MDA,RUS,MDA,RUS,360111.03,1752995.328,395528503.296,3675.099,148141.006,1493,0,0,0,0,0,0,0,0,0
1996,MDA,RUS,MDA,RUS,828863.6680000001,1695130.496,391721385.984,3667.748,148160.126,1493,0,0,0,0,0,0,0,0,0
1997,MDA,RUS,MDA,RUS,841200.786,1930071.424,404926529.536,3654.208,147915.375,1493,0,0,0,0,0,0,0,0,0
1998,MDA,RUS,MDA,RUS,523876.987,1639497.216,270953119.744,3652.732,147670.776,1493,0,0,0,0,0,0,0,0,0
1999,MDA,RUS,MDA,RUS,266642.058,1170785.024,195905765.376,3647.001,147214.783,1493,0,0,0,0,0,0,0,0,0
2000,MDA,RUS,MDA,RUS,323650.762,1288420.224,259708502.016,3639.592,146596.863,1483,0,0,0,0,0,0,0,0,0
2001,MDA,RUS,MDA,RUS,346387.396,1480656.896,306602672.128,3631.462,145976.471,1483,0,0,1,0,0,0,0,0,0
2002,MDA,RUS,MDA,RUS,279641.694,1661818.112,345110446.08,3623.062,145408.035,1483,0,0,1,0,0,0,0,0,0
2003,MDA,RUS,MDA,RUS,400548.337,1980901.504,430347780.096,3612.874,144667.465,1483,0,0,1,0,0,0,0,0,0
2004,MDA,RUS,MDA,RUS,495482.805,2598231.552,591016689.664,3603.945,143821.213,1483,0,0,1,0,0,0,0,0,0
2005,MDA,RUS,MDA,RUS,548053.231,2988172.544,764000927.744,3595.187,143113.892,1476,0,0,1,0,0,0,0,0,0
2006,MDA,RUS,MDA,RUS,323285.288,3408454.144,989930520.576,3585.2090000000003,142487.259,1476,0,0,1,0,0,0,0,0,0
2007,MDA,RUS,MDA,RUS,489789.19,4402496,1299705233.408,3576.91,142114.899,1476,0,0,1,0,0,0,0,0,0
2008,MDA,RUS,MDA,RUS,651316.33,6054806.016,1660844376.064,3570.108,141956.40600000002,1476,0,0,1,0,0,0,0,0,0
2009,MDA,RUS,MDA,RUS,352311.015,5439421.9520000005,1222643679.232,3565.6040000000003,141909.241,1476,0,0,1,0,0,0,0,0,0
2010,MDA,RUS,MDA,RUS,418381.077,5811603.968,1524916158.464,3562.045,142385.529,1472,0,0,1,0,0,0,0,0,0
2011,MDA,RUS,MDA,RUS,625509.479,7016162.816000001,1904792961.024,3559.986,142956.467,1472,0,0,1,0,0,0,0,0,0
2012,MDA,RUS,MDA,RUS,655131.98,7284686.336,2017470971.904,3559.519,143177.994,1472,0,0,1,1,0,0,1,0,0
2013,MDA,RUS,MDA,RUS,631931.519,7969618.944,2096777003.008,3559,143499.863,1472,0,0,1,1,0,0,1,0,0
2014,MDA,RUS,MDA,RUS,423717.63,7983270.912,2063662317.568,3556.397,143819.672,1472,0,0,1,1,0,0,1,0,0
2015,MDA,RUS,MDA,RUS,240648.608,6512899.584,1365865267.2,3554.108,144096.863,1472,0,0,1,1,0,0,1,0,0
2016,MDA,RUS,MDA,RUS,255470.314,6749515.776000001,1283162374.144,3552,144342.392,1472,0,0,1,1,0,0,1,0,0
2017,MDA,RUS,MDA,RUS,358820.468,9669741.744,1574199387.071,2755.158,144496.73500000002,1472,0,0,1,1,0,0,1,0,0
2018,MDA,RUS,MDA,RUS,355547.206,11457443.185,1657329646.184,2708.214,144477.859,1472,0,0,1,1,0,0,1,0,0
2019,MDA,RUS,MDA,RUS,383499.706,11971345.003,1693113904.263,2664.974,144406.265,1472,0,0,1,1,0,0,1,0,0
2020,MDA,RUS,MDA,RUS,353226.627,11859730.544,1488321875.49,2620.495,144073.135,1472,0,0,1,1,0,0,1,0,0
1994,MDA,TJK,MDA,TJK,301.497,1702314.368,1346074.496,3694,5702.611,3360,0,0,0,0,0,0,0,0,0
1995,MDA,TJK,MDA,TJK,133.6,1752995.328,1231523.072,3675.099,5784.33,3360,0,0,0,0,0,0,0,0,0
1996,MDA,TJK,MDA,TJK,154.022,1695130.496,1043893.056,3667.748,5862.347,3360,0,0,0,0,0,0,0,0,0
1997,MDA,TJK,MDA,TJK,189.8,1930071.424,921843.136,3654.208,5937.177,3360,0,0,0,0,0,0,0,0,0
1998,MDA,TJK,MDA,TJK,407.701,1639497.216,1320126.72,3652.732,6012.933,3360,0,0,0,0,0,0,0,0,0
1999,MDA,TJK,MDA,TJK,161.377,1170785.024,1086567.424,3647.001,6094.661,3360,0,0,0,0,0,0,0,0,0
2000,MDA,TJK,MDA,TJK,53.45,1288420.224,860550.272,3639.592,6186.152,3360,0,0,0,0,0,0,0,0,0
2005,MDA,TJK,MDA,TJK,154.179,2988172.544,2312319.488,3595.187,6805.655,3360,0,0,1,0,0,0,0,0,0
2006,MDA,TJK,MDA,TJK,224.581,3408454.144,2830236.16,3585.2090000000003,6954.522,3360,0,0,1,0,0,0,0,0,0
2007,MDA,TJK,MDA,TJK,788.95,4402496,3719497.472,3576.91,7111.0250000000005,3360,0,0,1,0,0,0,0,0,0
2008,MDA,TJK,MDA,TJK,220.461,6054806.016,5161336.32,3570.108,7275.252,3360,0,0,1,0,0,0,0,0,0
2009,MDA,TJK,MDA,TJK,407.325,5439421.9520000005,4979482.112,3565.6040000000003,7447.396,3360,0,0,1,0,0,0,0,0,0
2010,MDA,TJK,MDA,TJK,743.916,5811603.968,5642178.5600000005,3562.045,7627.326,3360,0,0,1,0,0,0,0,0,0
2011,MDA,TJK,MDA,TJK,1184.765,7016162.816000001,6522732.032000001,3559.986,7814.85,3360,0,0,1,0,0,0,0,0,0
2012,MDA,TJK,MDA,TJK,946.558,7284686.336,7633049.600000001,3559.519,8008.99,3360,0,0,1,0,0,0,0,0,0
2013,MDA,TJK,MDA,TJK,1926.648,7969618.944,8508103.68,3559,8207.834,3360,0,0,1,1,0,0,1,0,0
2014,MDA,TJK,MDA,TJK,1984.903,7983270.912,9236308.992,3556.397,8362.745,3360,0,0,1,1,0,0,1,0,0
2015,MDA,TJK,MDA,TJK,747.559,6512899.584,7853450.24,3554.108,8548.651,3360,0,0,1,1,0,0,1,0,0
2016,MDA,TJK,MDA,TJK,670.456,6749515.776000001,6951656.96,3552,8734.951000000001,3360,0,0,1,1,0,0,1,0,0
2017,MDA,TJK,MDA,TJK,463.23,9669741.744,7536439.875,2755.158,8880.27,3360,0,0,1,1,0,0,1,0,0
2018,MDA,TJK,MDA,TJK,475.589,11457443.185,7765014.424000001,2708.214,9100.847,3360,0,0,1,1,0,0,1,0,0
2019,MDA,TJK,MDA,TJK,312.026,11971345.003,8300784.857,2664.974,9321.023,3360,0,0,1,1,0,0,1,0,0
2020,MDA,TJK,MDA,TJK,339.38800000000003,11859730.544,8133996.648,2620.495,9537.642,3360,0,0,1,1,0,0,1,0,0
1994,MDA,TKM,MDA,TKM,1072.192,1702314.368,2561118.72,3694,4095.512,2608,0,0,0,0,0,0,0,0,0
1995,MDA,TKM,MDA,TKM,1465.323,1752995.328,2482228.48,3675.099,4188.01,2608,0,0,0,0,0,0,0,0,0
1996,MDA,TKM,MDA,TKM,1533.416,1695130.496,2379281.664,3667.748,4267.6900000000005,2608,0,0,0,0,0,0,0,0,0
1997,MDA,TKM,MDA,TKM,1351.068,1930071.424,2450084.864,3654.208,4335.991,2608,0,0,0,0,0,0,0,0,0
1998,MDA,TKM,MDA,TKM,17534.452,1639497.216,2605688.064,3652.732,4395.293,2608,0,0,0,0,0,0,0,0,0
1999,MDA,TKM,MDA,TKM,507.967,1170785.024,2450686.72,3647.001,4449.427,2608,0,0,0,0,0,0,0,0,0
2000,MDA,TKM,MDA,TKM,22774.359,1288420.224,2904662.528,3639.592,4501.419,2608,0,0,0,0,0,0,0,0,0
2001,MDA,TKM,MDA,TKM,2736.699,1480656.896,3534771.968,3631.462,4551.762,2608,0,0,1,0,0,0,0,0,0
2002,MDA,TKM,MDA,TKM,909.097,1661818.112,4462028.8,3623.062,4600.171,2608,0,0,1,0,0,0,0,0,0
2003,MDA,TKM,MDA,TKM,1457.212,1980901.504,5977440.768,3612.874,4648.037,2608,0,0,1,0,0,0,0,0,0
2004,MDA,TKM,MDA,TKM,548.803,2598231.552,6838350.848,3603.945,4696.876,2608,0,0,1,0,0,0,0,0,0
2005,MDA,TKM,MDA,TKM,540.019,2988172.544,8104355.84,3595.187,4747.839,2608,0,0,1,0,0,0,0,0,0
2006,MDA,TKM,MDA,TKM,358.61400000000003,3408454.144,10277598.208,3585.2090000000003,4801.595,2608,0,0,1,0,0,0,0,0,0
2007,MDA,TKM,MDA,TKM,1658.229,4402496,12664165.376,3576.91,4858.236,2608,0,0,1,0,0,0,0,0,0
2008,MDA,TKM,MDA,TKM,493.016,6054806.016,19271522.304,3570.108,4917.543,2608,0,0,1,0,0,0,0,0,0
2009,MDA,TKM,MDA,TKM,721.2860000000001,5439421.9520000005,20214386.688,3565.6040000000003,4978.962,2608,0,0,1,0,0,0,0,0,0
2010,MDA,TKM,MDA,TKM,1016.81,5811603.968,22148069.376,3562.045,5041.995,2608,0,0,1,0,0,0,0,0,0
2011,MDA,TKM,MDA,TKM,1226.495,7016162.816000001,29233334.272,3559.986,5106.668,2608,0,0,1,0,0,0,0,0,0
2012,MDA,TKM,MDA,TKM,830.128,7284686.336,35164209.152,3559.519,5172.9310000000005,2608,0,0,1,0,0,0,0,0,0
2013,MDA,TKM,MDA,TKM,975.12,7969618.944,41850875.904,3559,5240.072,2608,0,0,1,0,0,0,0,0,0
2014,MDA,TKM,MDA,TKM,1240.701,7983270.912,43524210.688,3556.397,5466.241,2608,0,0,1,0,0,0,0,0,0
2015,MDA,TKM,MDA,TKM,1778.375,6512899.584,35799629.824,3554.108,5565.284000000001,2608,0,0,1,0,0,0,0,0,0
2016,MDA,TKM,MDA,TKM,1056.618,6749515.776000001,36179886.08,3552,5662.544,2608,0,0,1,0,0,0,0,0,0
2017,MDA,TKM,MDA,TKM,633.2330000000001,9669741.744,37926285.714,2755.158,5757.667,2608,0,0,1,0,0,0,0,0,0
2018,MDA,TKM,MDA,TKM,554.384,11457443.185,40765428.571,2708.214,5850.902,2608,0,0,1,0,0,0,0,0,0
2019,MDA,TKM,MDA,TKM,840.195,11971345.003,45231428.571,2664.974,5942.094,2608,0,0,1,0,0,0,0,0,0
1994,MDA,UKR,MDA,UKR,68512.533,1702314.368,52549554.176,3694,51921.04,396,0,1,0,0,0,0,0,0,0
1995,MDA,UKR,MDA,UKR,58857.85,1752995.328,48213868.544,3675.099,51512.299,396,0,1,0,0,0,0,0,0,0
1996,MDA,UKR,MDA,UKR,72606.409,1695130.496,44558077.952,3667.748,51057.19,396,0,1,0,0,0,0,0,0,0
1997,MDA,UKR,MDA,UKR,73782.618,1930071.424,50150400,3654.208,50594.105,396,0,1,0,0,0,0,0,0,0
1998,MDA,UKR,MDA,UKR,51097.808000000005,1639497.216,41883242.496,3652.732,50143.94,396,0,1,0,0,0,0,0,0,0
1999,MDA,UKR,MDA,UKR,32905.721,1170785.024,31580639.232,3647.001,49673.351,396,0,1,0,0,0,0,0,0,0
2000,MDA,UKR,MDA,UKR,35481.518000000004,1288420.224,31261528.064,3639.592,49175.846,395,0,1,0,0,0,0,0,0,0
2001,MDA,UKR,MDA,UKR,64326.19,1480656.896,38009344,3631.462,48683.865,395,0,1,1,0,0,0,0,0,0
2002,MDA,UKR,MDA,UKR,61370.487,1661818.112,42392895.488,3623.062,48202.499,395,0,1,1,0,0,0,0,0,0
2003,MDA,UKR,MDA,UKR,56868.49,1980901.504,50132955.136,3612.874,47812.95,395,0,1,1,0,0,0,0,0,0
2004,MDA,UKR,MDA,UKR,67257.29000000001,2598231.552,64883060.736,3603.945,47451.599,395,0,1,1,0,0,0,0,0,0
2005,MDA,UKR,MDA,UKR,99908.565,2988172.544,86142017.536,3595.187,47105.148,395,0,1,1,0,0,0,0,0,0
2006,MDA,UKR,MDA,UKR,128783.697,3408454.144,107753070.592,3585.2090000000003,46787.75,395,0,1,1,0,0,0,0,0,0
2007,MDA,UKR,MDA,UKR,168246.055,4402496,142719008.768,3576.91,46509.35,395,0,1,1,0,0,0,0,0,0
2008,MDA,UKR,MDA,UKR,169556.679,6054806.016,179992412.16,3570.108,46258.202,395,0,1,1,1,0,0,1,0,0
2009,MDA,UKR,MDA,UKR,81302.59,5439421.9520000005,117227765.76,3565.6040000000003,46053.299,395,0,1,1,1,0,0,1,0,0
2010,MDA,UKR,MDA,UKR,91586.91,5811603.968,136419303.424,3562.045,45870.701,393,0,1,1,1,0,0,1,0,0
2011,MDA,UKR,MDA,UKR,152997.87900000002,7016162.816000001,163421732.864,3559.986,45706.1,393,0,1,1,1,0,0,1,0,0
2012,MDA,UKR,MDA,UKR,122408.437,7284686.336,176603430.912,3559.519,45593.3,393,0,1,1,1,0,0,1,0,0
2013,MDA,UKR,MDA,UKR,140385.702,7969618.944,177430609.92000002,3559,45489.601,393,0,1,1,1,0,0,1,0,0
2014,MDA,UKR,MDA,UKR,109226.849,7983270.912,133503410.176,3556.397,45271.946,393,0,1,1,1,0,0,1,0,0
2015,MDA,UKR,MDA,UKR,45839.549,6512899.584,91030962.176,3554.108,45154.03,392,0,1,1,1,0,0,1,0,0
2016,MDA,UKR,MDA,UKR,49706.479,6749515.776000001,93270482.944,3552,45004.646,392,0,1,1,1,0,0,1,0,0
2017,MDA,UKR,MDA,UKR,106566.113,9669741.744,112090530.369,2755.158,44831.135,392,0,1,1,1,0,0,1,0,0
2018,MDA,UKR,MDA,UKR,118076.013,11457443.185,130891049.797,2708.214,44622.517,392,0,1,1,1,0,0,1,0,0
2019,MDA,UKR,MDA,UKR,91250.598,11971345.003,153882982.016,2664.974,44386.204,392,0,1,1,1,0,0,1,0,0
2020,MDA,UKR,MDA,UKR,73909.25200000001,11859730.544,156617861.449,2620.495,44132.05,391,0,1,1,1,0,0,1,0,0
1994,MDA,UZB,MDA,UZB,1421.374,1702314.368,12899074.048,3694,22377.001,3229,0,0,0,0,0,0,0,0,0
1995,MDA,UZB,MDA,UZB,2838.4,1752995.328,13350461.44,3675.099,22785,3228,0,0,0,0,0,0,0,0,0
1996,MDA,UZB,MDA,UZB,3030.417,1695130.496,13948892.16,3667.748,23225,3228,0,0,0,0,0,0,0,0,0
1997,MDA,UZB,MDA,UZB,6174.899,1930071.424,14744603.648,3654.208,23667,3228,0,0,0,0,0,0,0,0,0
1998,MDA,UZB,MDA,UZB,5766.995,1639497.216,14988971.008,3652.732,24051.001,3228,0,0,0,0,0,0,0,0,0
1999,MDA,UZB,MDA,UZB,2934.094,1170785.024,17078465.536000002,3647.001,24311.649,3228,0,0,0,0,0,0,0,0,0
2000,MDA,UZB,MDA,UZB,1833.803,1288420.224,13760374.784,3639.592,24650.4,3227,0,0,0,0,0,0,0,0,0
2001,MDA,UZB,MDA,UZB,1686.22,1480656.896,11401351.168,3631.462,24964.451,3227,0,0,1,0,0,0,0,0,0
2002,MDA,UZB,MDA,UZB,661.306,1661818.112,9687951.36,3623.062,25271.851,3227,0,0,1,0,0,0,0,0,0
2003,MDA,UZB,MDA,UZB,1753.544,1980901.504,10128112.64,3612.874,25567.65,3227,0,0,1,0,0,0,0,0,0
2004,MDA,UZB,MDA,UZB,2407.125,2598231.552,12030023.68,3603.945,25864.349,3227,0,0,1,0,0,0,0,0,0
2005,MDA,UZB,MDA,UZB,1890.949,2988172.544,14307510.272,3595.187,26167,3223,0,0,1,0,0,0,0,0,0
2006,MDA,UZB,MDA,UZB,2796.806,3408454.144,17030896.64,3585.2090000000003,26488.251,3223,0,0,1,0,0,0,0,0,0
2007,MDA,UZB,MDA,UZB,3690.541,4402496,22311393.28,3576.91,26868,3223,0,0,1,0,0,0,0,0,0
2008,MDA,UZB,MDA,UZB,8095.723,6054806.016,27934031.872,3570.108,27302.799,3223,0,0,1,0,0,0,0,0,0
2009,MDA,UZB,MDA,UZB,6592.345,5439421.9520000005,32816828.416,3565.6040000000003,27767.401,3223,0,0,1,0,0,0,0,0,0
2010,MDA,UZB,MDA,UZB,4448.541,5811603.968,39332769.792,3562.045,28562.401,3218,0,0,1,0,0,0,0,0,0
2011,MDA,UZB,MDA,UZB,5766.706,7016162.816000001,45324320.768,3559.986,29339.399,3218,0,0,1,0,0,0,0,0,0
2012,MDA,UZB,MDA,UZB,8189.867,7284686.336,51183443.968,3559.519,29774.5,3218,0,0,1,0,0,0,0,0,0
2013,MDA,UZB,MDA,UZB,7602.674,7969618.944,56795656.192,3559,30241.1,3218,0,0,1,0,0,0,0,0,0
2014,MDA,UZB,MDA,UZB,8139.102,7983270.912,63067078.656,3556.397,30757.7,3218,0,0,1,0,0,0,0,0,0
2015,MDA,UZB,MDA,UZB,6578.2970000000005,6512899.584,66903805.952,3554.108,31298.901,3214,0,0,1,0,0,0,0,0,0
2016,MDA,UZB,MDA,UZB,5619.836,6749515.776000001,67220336.64,3552,31848.2,3214,0,0,1,0,0,0,0,0,0
2017,MDA,UZB,MDA,UZB,7953.046,9669741.744,62081323.299,2755.158,32388.599,3214,0,0,1,0,0,0,0,0,0
2018,MDA,UZB,MDA,UZB,3913.208,11457443.185,52633143.808,2708.214,32956.1,3214,0,0,1,0,0,0,0,0,0
2019,MDA,UZB,MDA,UZB,3580.641,11971345.003,59907674.027,2664.974,33580.349,3214,0,0,1,0,0,0,0,0,0
2020,MDA,UZB,MDA,UZB,4855.302,11859730.544,59894305.353,2620.495,34232.052,3210,0,0,1,0,0,0,0,0,0
1996,RUS,ARM,RUS,ARM,61007.639,391721385.984,1596968.96,148160.126,3173.425,1701,0,0,0,0,0,0,0,0,0
1997,RUS,ARM,RUS,ARM,187935.964,404926529.536,1639492.48,147915.375,3137.652,1701,0,0,0,0,0,0,0,0,0
1998,RUS,ARM,RUS,ARM,128305.274,270953119.744,1893726.464,147670.776,3112.958,1701,0,0,0,0,0,0,0,0,0
1999,RUS,ARM,RUS,ARM,149810.767,195905765.376,1845482.24,147214.783,3093.82,1701,0,0,0,0,0,0,0,0,0
2000,RUS,ARM,RUS,ARM,126363.388,259708502.016,1911563.648,146596.863,3076.098,1690,0,0,0,0,0,0,0,0,0
2001,RUS,ARM,RUS,ARM,166032.249,306602672.128,2118467.968,145976.471,3059.96,1690,0,0,0,0,0,0,0,0,0
2002,RUS,ARM,RUS,ARM,187147.182,345110446.08,2376335.104,145408.035,3047.002,1690,0,0,0,0,0,0,0,0,0
2003,RUS,ARM,RUS,ARM,197497.357,430347780.096,2807060.992,144667.465,3036.032,1690,0,0,0,1,0,0,0,0,0
2004,RUS,ARM,RUS,ARM,173390.014,591016689.664,3576615.168,143821.213,3025.652,1690,0,0,0,1,0,0,0,0,0
2005,RUS,ARM,RUS,ARM,250566.378,764000927.744,4900436.992000001,143113.892,3014.917,1682,0,0,0,1,0,0,0,0,0
2006,RUS,ARM,RUS,ARM,277751.552,989930520.576,6384457.728,142487.259,3002.911,1682,0,0,0,1,0,0,0,0,0
2007,RUS,ARM,RUS,ARM,479530.96,1299705233.408,9206301.696,142114.899,2989.882,1682,0,0,0,1,0,0,0,0,0
2008,RUS,ARM,RUS,ARM,835035.256,1660844376.064,11662041.088,141956.40600000002,2977.4880000000003,1682,0,0,0,1,0,0,0,0,0
2009,RUS,ARM,RUS,ARM,788377.039,1222643679.232,8647937.024,141909.241,2968.154,1682,0,0,0,1,0,0,0,0,0
2010,RUS,ARM,RUS,ARM,828314.622,1524916158.464,9260286.976,142385.529,2963.496,1677,0,0,0,1,0,0,0,0,0
2011,RUS,ARM,RUS,ARM,885435.873,1904792961.024,10142343.168,142956.467,2964.12,1677,0,0,0,1,0,0,0,0,0
2012,RUS,ARM,RUS,ARM,1052371.981,2017470971.904,9958217.728,143177.994,2969.081,1677,0,0,1,1,0,0,1,0,0
2013,RUS,ARM,RUS,ARM,1104450.002,2096777003.008,10432169.984,143499.863,2976.5660000000003,1677,0,0,1,1,0,0,1,0,0
2014,RUS,ARM,RUS,ARM,1069288.41,2063662317.568,11609512.96,143819.672,2906.2200000000003,1677,0,0,1,1,0,0,1,0,0
2015,RUS,ARM,RUS,ARM,990765.891,1365865267.2,10529182.72,144096.863,2916.9500000000003,1679,0,0,1,1,0,0,1,0,1
2016,RUS,ARM,RUS,ARM,1032663.805,1283162374.144,10547331.072,144342.392,2924.8160000000003,1679,0,0,1,1,0,0,1,0,1
2017,RUS,ARM,RUS,ARM,1342068.054,1574199387.071,11527458.566,144496.73500000002,2944.789,1679,0,0,1,1,0,0,1,0,1
2018,RUS,ARM,RUS,ARM,1340936.045,1657329646.184,12457941.907,144477.859,2951.741,1679,0,0,1,1,0,0,1,0,1
2019,RUS,ARM,RUS,ARM,1689985.118,1693113904.263,13619291.361,144406.265,2957.728,1679,0,0,1,1,0,0,1,0,1
2020,RUS,ARM,RUS,ARM,1660295.427,1488321875.49,12641209.802,144073.135,2963.234,1682,0,0,1,1,0,0,1,0,1
1996,RUS,AZE,RUS,AZE,170299.378,391721385.984,3176749.568,148160.126,7763,1760,0,1,0,0,0,0,0,0,0
1997,RUS,AZE,RUS,AZE,219571.48,404926529.536,3962710.272,147915.375,7838.25,1760,0,1,0,0,0,0,0,0,0
1998,RUS,AZE,RUS,AZE,193795.845,270953119.744,4446396.416,147670.776,7913,1760,0,1,0,0,0,0,0,0,0
1999,RUS,AZE,RUS,AZE,226454.515,195905765.376,4581222.4,147214.783,7982.75,1760,0,1,0,0,0,0,0,0,0
2000,RUS,AZE,RUS,AZE,249328.637,259708502.016,5272616.96,146596.863,8048.6,1749,0,1,0,0,0,0,0,0,0
2001,RUS,AZE,RUS,AZE,152993.657,306602672.128,5707618.3040000005,145976.471,8111.2,1749,0,1,0,0,0,0,0,0,0
2002,RUS,AZE,RUS,AZE,280942.89,345110446.08,6236024.832,145408.035,8171.95,1749,0,1,0,0,0,0,0,0,0
2003,RUS,AZE,RUS,AZE,407828.134,430347780.096,7275766.272,144667.465,8234.1,1749,0,1,0,0,0,0,0,0,0
2004,RUS,AZE,RUS,AZE,606091.439,591016689.664,8680511.488,143821.213,8306.5,1749,0,1,0,0,0,0,0,0,0
2005,RUS,AZE,RUS,AZE,835402.223,764000927.744,13245421.568,143113.892,8391.85,1741,0,1,0,0,0,0,0,0,0
2006,RUS,AZE,RUS,AZE,1181584.058,989930520.576,20982269.952,142487.259,8484.55,1741,0,1,0,0,0,0,0,0,0
2007,RUS,AZE,RUS,AZE,1371252.855,1299705233.408,33050343.424,142114.899,8581.3,1741,0,1,0,0,0,0,0,0,0
2008,RUS,AZE,RUS,AZE,1930433.155,1660844376.064,48852484.096,141956.40600000002,8763.4,1741,0,1,0,0,0,0,0,0,0
2009,RUS,AZE,RUS,AZE,1394672.509,1222643679.232,44291489.792,141909.241,8947.243,1741,0,1,0,0,0,0,0,0,0
2010,RUS,AZE,RUS,AZE,1476944.265,1524916158.464,52902703.104,142385.529,9054.332,1736,0,1,0,0,0,0,0,0,0
2011,RUS,AZE,RUS,AZE,2196399.4220000003,1904792961.024,65951625.216,142956.467,9173.082,1736,0,1,0,0,0,0,0,0,0
2012,RUS,AZE,RUS,AZE,2845713.041,2017470971.904,68730904.576,143177.994,9295.784,1736,0,1,1,0,0,0,0,0,0
2013,RUS,AZE,RUS,AZE,2942532.156,2096777003.008,73560481.792,143499.863,9416.598,1736,0,1,1,0,0,0,0,0,0
2014,RUS,AZE,RUS,AZE,2144326.495,2063662317.568,75244167.168,143819.672,9535.079,1736,0,1,1,0,0,0,0,0,0
2015,RUS,AZE,RUS,AZE,1676164.874,1365865267.2,53074370.56,144096.863,9649.341,1742,0,1,1,0,0,0,0,0,0
2016,RUS,AZE,RUS,AZE,1640929.811,1283162374.144,37847715.84,144342.392,9762.274,1742,0,1,1,0,0,0,0,0,0
2017,RUS,AZE,RUS,AZE,2001211.926,1574199387.071,40865558.912,144496.73500000002,9854.033,1742,0,1,1,0,0,0,0,0,0
2018,RUS,AZE,RUS,AZE,1884159.901,1657329646.184,47112941.176,144477.859,9939.771,1742,0,1,1,0,0,0,0,0,0
2019,RUS,AZE,RUS,AZE,2312507.378,1693113904.263,48174235.294,144406.265,10024.283,1742,0,1,1,0,0,0,0,0,0
2020,RUS,AZE,RUS,AZE,2074635.709,1488321875.49,42693000,144073.135,10093.121,1747,0,1,1,0,0,0,0,0,0
1996,RUS,BLR,RUS,BLR,3356948.992,391721385.984,14756861.952,148160.126,10160,1019,0,1,0,0,0,0,0,0,0
1997,RUS,BLR,RUS,BLR,3152572.992,404926529.536,14128412.672,147915.375,10117,1019,0,1,0,0,0,0,0,0,0
1998,RUS,BLR,RUS,BLR,4670351.98,270953119.744,15222014.976,147670.776,10069,1019,0,1,0,0,0,0,0,0,0
1999,RUS,BLR,RUS,BLR,3767000,195905765.376,12138485.76,147214.783,10035,1019,0,1,0,0,0,0,0,0,0
2000,RUS,BLR,RUS,BLR,5572101,259708502.016,12736856.064,146596.863,10005,1013,0,1,0,0,0,0,0,0,0
2001,RUS,BLR,RUS,BLR,5437828.4,306602672.128,12354820.096,145976.471,9928,1013,0,1,0,0,0,0,0,0,0
2002,RUS,BLR,RUS,BLR,5922296.3,345110446.08,14594925.568,145408.035,9865,1013,0,1,0,0,0,0,0,0,0
2003,RUS,BLR,RUS,BLR,7601917,430347780.096,17825435.648000002,144667.465,9797,1013,0,1,0,0,0,0,0,0,0
2004,RUS,BLR,RUS,BLR,11219191,591016689.664,23141586.944,143821.213,9730,1013,0,1,0,0,0,0,0,0,0
2005,RUS,BLR,RUS,BLR,10118151,764000927.744,30210091.008,143113.892,9663,1009,0,1,0,0,0,0,0,0,0
2006,RUS,BLR,RUS,BLR,13084338,989930520.576,36961918.976,142487.259,9604,1009,0,1,0,0,0,0,0,0,0
2007,RUS,BLR,RUS,BLR,17204876.3,1299705233.408,45275713.536,142114.899,9560,1009,0,1,0,0,0,0,0,0,0
2008,RUS,BLR,RUS,BLR,23696967.656,1660844376.064,60763484.16,141956.40600000002,9528,1009,0,1,0,0,0,0,0,0,0
2009,RUS,BLR,RUS,BLR,16726300.4,1222643679.232,49208655.872,141909.241,9507,1009,0,1,0,0,0,0,0,0,0
2010,RUS,BLR,RUS,BLR,18080614.5,1524916158.464,55220932.608,142385.529,9490,1006,0,1,0,0,0,0,0,0,0
2011,RUS,BLR,RUS,BLR,24930203.4,1904792961.024,59734593.536,142956.467,9473,1006,0,1,0,0,0,0,0,0,0
2012,RUS,BLR,RUS,BLR,27268576.8,2017470971.904,63615447.04,143177.994,9464,1006,0,1,1,0,0,0,0,0,0
2013,RUS,BLR,RUS,BLR,22573333.4,2096777003.008,71709515.77600001,143499.863,9466,1006,0,1,1,0,0,0,0,0,0
2014,RUS,BLR,RUS,BLR,21868622.2,2063662317.568,78813052.928,143819.672,9474.511,1006,0,1,1,0,0,0,0,0,0
2015,RUS,BLR,RUS,BLR,16894289.7,1365865267.2,56454774.784,144096.863,9489.616,1008,0,1,1,0,0,0,0,0,1
2016,RUS,BLR,RUS,BLR,14973018.9,1283162374.144,47433441.28,144342.392,9507.12,1008,0,1,1,0,0,0,0,0,1
2017,RUS,BLR,RUS,BLR,20335837.682,1574199387.071,54726595.249,144496.73500000002,9458.989,1008,0,1,1,0,0,0,0,0,1
2018,RUS,BLR,RUS,BLR,22779682.198,1657329646.184,60031262.269,144477.859,9438.785,1008,0,1,1,0,0,0,0,0,1
2019,RUS,BLR,RUS,BLR,21707985.113,1693113904.263,64409647.194,144406.265,9419.758,1008,0,1,1,0,0,0,0,0,1
2020,RUS,BLR,RUS,BLR,16247064.3,1488321875.49,61489588.895,144073.135,9379.952,1009,0,1,1,0,0,0,0,0,1
1995,RUS,EST,RUS,EST,410025.221,395528503.296,4362191.36,148141.006,1436.634,1055,0,1,0,0,0,0,0,0,0
1996,RUS,EST,RUS,EST,489061.11,391721385.984,4739181.568,148160.126,1415.594,1055,0,1,0,0,0,0,0,0,0
1997,RUS,EST,RUS,EST,640901.957,404926529.536,5059146.752,147915.375,1399.535,1055,0,1,0,0,0,0,0,0,0
1998,RUS,EST,RUS,EST,530936.836,270953119.744,5608007.1680000005,147670.776,1386.156,1055,0,1,0,0,0,0,0,0,0
1999,RUS,EST,RUS,EST,691623.299,195905765.376,5715278.848,147214.783,1380.62,1055,0,1,0,1,0,0,0,0,0
2000,RUS,EST,RUS,EST,1191208.707,259708502.016,5685561.3440000005,146596.863,1396.985,1057,0,1,0,1,0,0,0,0,0
2001,RUS,EST,RUS,EST,1163867.111,306602672.128,6233506.3040000005,145976.471,1388.115,1057,0,1,0,1,0,0,0,0,0
2002,RUS,EST,RUS,EST,1642551.363,345110446.08,7308609.024,145408.035,1379.35,1057,0,1,0,1,0,0,0,0,0
2003,RUS,EST,RUS,EST,1330957.413,430347780.096,9822143.488,144667.465,1370.72,1057,0,1,0,1,0,0,0,0,0
2004,RUS,EST,RUS,EST,1465744.388,591016689.664,12057639.936,143821.213,1362.55,1057,0,1,0,1,0,0,0,0,0
2005,RUS,EST,RUS,EST,1980106.301,764000927.744,14003096.576,143113.892,1354.775,1056,0,1,0,1,0,0,0,0,0
2006,RUS,EST,RUS,EST,2563238.586,989930520.576,16958045.184,142487.259,1346.81,1056,0,1,0,1,0,0,0,0,0
2007,RUS,EST,RUS,EST,2017707.831,1299705233.408,22228670.464,142114.899,1340.68,1056,0,1,0,1,0,0,0,0,0
2008,RUS,EST,RUS,EST,1752350.568,1660844376.064,24185794.56,141956.40600000002,1337.09,1056,0,1,0,1,0,0,0,0,0
2009,RUS,EST,RUS,EST,1170127.634,1222643679.232,19640621.056,141909.241,1334.515,1056,0,1,0,1,0,0,0,0,0
2010,RUS,EST,RUS,EST,1543179.255,1524916158.464,19479013.376,142385.529,1331.475,1052,0,1,0,1,0,0,0,0,0
2011,RUS,EST,RUS,EST,2611710.387,1904792961.024,22803433.472,142956.467,1327.439,1052,0,1,0,1,0,0,0,0,0
2012,RUS,EST,RUS,EST,3473698.2090000003,2017470971.904,22660753.408,143177.994,1325.016,1052,0,1,1,1,0,0,1,0,0
2013,RUS,EST,RUS,EST,3747109.746,2096777003.008,24880265.216,143499.863,1324.612,1052,0,1,1,1,0,0,1,0,0
2014,RUS,EST,RUS,EST,3496590.985,2063662317.568,26213941.248,143819.672,1314.545,1052,0,1,1,1,0,0,1,0,0
2015,RUS,EST,RUS,EST,2012579.006,1365865267.2,22460471.296,144096.863,1315.407,1048,0,1,1,1,0,0,1,0,0
2016,RUS,EST,RUS,EST,2107559.666,1283162374.144,23136741.376,144342.392,1316.481,1048,0,1,1,1,0,0,1,0,0
2017,RUS,EST,RUS,EST,1988670.358,1574199387.071,26924385.103,144496.73500000002,1317.384,1048,0,1,1,1,0,0,1,0,0
2018,RUS,EST,RUS,EST,2452262.1,1657329646.184,30489500.905,144477.859,1321.977,1048,0,1,1,1,0,0,1,0,0
2019,RUS,EST,RUS,EST,2449475.8510000003,1693113904.263,31045591.753,144406.265,1326.855,1048,0,1,1,1,0,0,1,0,0
2020,RUS,EST,RUS,EST,2594003.319,1488321875.49,30650285.472,144073.135,1329.479,1045,0,1,1,1,0,0,1,0,0
1996,RUS,GEO,RUS,GEO,127090.684,391721385.984,3094915.5840000003,148160.126,4616.1,1466,0,1,0,0,0,0,0,0,0
1997,RUS,GEO,RUS,GEO,147583.655,404926529.536,3510540.8000000003,147915.375,4531.6,1466,0,1,0,0,0,0,0,0,0
1998,RUS,GEO,RUS,GEO,127142.398,270953119.744,3613500.16,147670.776,4487.3,1466,0,1,0,0,0,0,0,0,0
1999,RUS,GEO,RUS,GEO,115629.867,195905765.376,2800024.32,147214.783,4452.5,1466,0,1,0,0,0,0,0,0,0
2000,RUS,GEO,RUS,GEO,92778.4,259708502.016,3057453.568,146596.863,4418.3,1454,0,1,0,1,0,0,0,0,0
2001,RUS,GEO,RUS,GEO,92784.907,306602672.128,3219487.744,145976.471,4386.4000000000005,1454,0,1,0,1,0,0,0,0,0
2002,RUS,GEO,RUS,GEO,121730.337,345110446.08,3395778.56,145408.035,4357,1454,0,1,0,1,0,0,0,0,0
2003,RUS,GEO,RUS,GEO,160632.271,430347780.096,3991374.592,144667.465,4328.9,1454,0,1,0,1,0,0,0,0,0
2004,RUS,GEO,RUS,GEO,254889.391,591016689.664,5125274.112,143821.213,4318.3,1454,0,1,0,1,0,0,0,0,0
2005,RUS,GEO,RUS,GEO,382628.078,764000927.744,6411147.264,143113.892,4361.4,1446,0,1,0,1,0,0,0,0,0
2006,RUS,GEO,RUS,GEO,557599.746,989930520.576,7761900.032000001,142487.259,4398,1446,0,1,0,1,0,0,0,0,0
2007,RUS,GEO,RUS,GEO,575275.9230000001,1299705233.408,10172260.352,142114.899,4388.4000000000005,1446,0,1,0,1,0,0,0,0,0
2008,RUS,GEO,RUS,GEO,468557.177,1660844376.064,12799337.472,141956.40600000002,4383.8,1446,0,1,0,1,0,0,0,0,0
2009,RUS,GEO,RUS,GEO,337926.17100000003,1222643679.232,10766836.736,141909.241,4410.9000000000005,1446,0,1,0,1,0,0,0,0,0
2010,RUS,GEO,RUS,GEO,408933.031,1524916158.464,11638537.216,142385.529,4452.8,1441,0,1,0,1,0,0,0,0,0
2011,RUS,GEO,RUS,GEO,312674.105,1904792961.024,14434620.416,142956.467,4483.35,1441,0,1,0,1,0,0,0,0,0
2012,RUS,GEO,RUS,GEO,684416.063,2017470971.904,15846474.752,143177.994,4490.7,1441,0,1,1,1,0,0,1,0,0
2013,RUS,GEO,RUS,GEO,831083.395,2096777003.008,16140047.36,143499.863,4476.9000000000005,1441,0,1,1,1,0,0,1,0,0
2014,RUS,GEO,RUS,GEO,799474.726,2063662317.568,16509305.856,143819.672,3727,1441,0,1,1,1,0,0,1,0,0
2015,RUS,GEO,RUS,GEO,756179.595,1365865267.2,13993546.752,144096.863,3717.1,1445,0,1,1,1,0,0,1,0,0
2016,RUS,GEO,RUS,GEO,679289.093,1283162374.144,14332879.872,144342.392,3719.3,1445,0,1,1,1,0,0,1,0,0
2017,RUS,GEO,RUS,GEO,810731.686,1574199387.071,16242916.916,144496.73500000002,3728.004,1445,0,1,1,1,0,0,1,0,0
2018,RUS,GEO,RUS,GEO,956794.364,1657329646.184,17596922.47,144477.859,3726.549,1445,0,1,1,1,0,0,1,0,0
2019,RUS,GEO,RUS,GEO,977118.106,1693113904.263,17470436.259,144406.265,3720.161,1445,0,1,1,1,0,0,1,0,0
2020,RUS,GEO,RUS,GEO,1042320.826,1488321875.49,15842922.533,144073.135,3722.716,1450,0,1,1,1,0,0,1,0,0
1995,RUS,KAZ,RUS,KAZ,1897563.911,395528503.296,20374306.816,148141.006,15815.626,1920,1,1,0,0,0,0,0,0,0
1996,RUS,KAZ,RUS,KAZ,2388621.667,391721385.984,21035358.208,148160.126,15577.894,1920,1,1,0,0,0,0,0,0,0
1997,RUS,KAZ,RUS,KAZ,2471911.0500000003,404926529.536,22165932.032,147915.375,15333.703,1920,1,1,0,0,0,0,0,0,0
1998,RUS,KAZ,RUS,KAZ,1967193.988,270953119.744,22135244.8,147670.776,15071.3,1920,1,1,0,0,0,0,0,0,0
1999,RUS,KAZ,RUS,KAZ,1343293.597,195905765.376,16870816.768,147214.783,14928.426,1920,1,1,0,0,0,0,0,0,0
2000,RUS,KAZ,RUS,KAZ,2338757.4,259708502.016,18291990.528,146596.863,14883.626,1929,1,1,0,0,0,0,0,0,0
2001,RUS,KAZ,RUS,KAZ,2751920.2,306602672.128,22152689.664,145976.471,14858.335,1929,1,1,0,0,0,0,0,0,0
2002,RUS,KAZ,RUS,KAZ,2547010.8000000003,345110446.08,24636598.272,145408.035,14858.948,1929,1,1,0,0,0,0,0,0,0
2003,RUS,KAZ,RUS,KAZ,3277746.8000000003,430347780.096,30833692.672,144667.465,14909.018,1929,1,1,0,0,0,0,0,0,0
2004,RUS,KAZ,RUS,KAZ,4807771.961,591016689.664,43151646.72,143821.213,15012.985,1929,1,1,0,0,0,0,0,0,0
2005,RUS,KAZ,RUS,KAZ,6581786.028,764000927.744,57123672.064,143113.892,15147.029,1923,1,1,0,0,0,0,0,0,0
2006,RUS,KAZ,RUS,KAZ,9064093.644,989930520.576,81003864.064,142487.259,15308.084,1923,1,1,0,0,0,0,0,0,0
2007,RUS,KAZ,RUS,KAZ,11573772.025,1299705233.408,104849883.136,142114.899,15484.192,1923,1,1,0,0,0,0,0,0,0
2008,RUS,KAZ,RUS,KAZ,13752246.059,1660844376.064,133441609.728,141956.40600000002,15674,1923,1,1,0,0,0,0,0,0,0
2009,RUS,KAZ,RUS,KAZ,8896564.567,1222643679.232,115308658.688,141909.241,16092.701,1923,1,1,0,0,0,0,0,0,0
2010,RUS,KAZ,RUS,KAZ,10690357.833,1524916158.464,148047347.712,142385.529,16321.581,1924,1,1,0,0,0,0,0,0,0
2011,RUS,KAZ,RUS,KAZ,16268845.2,1904792961.024,188048965.632,142956.467,16556.601,1924,1,1,0,0,0,0,0,0,0
2012,RUS,KAZ,RUS,KAZ,17110403.885,2017470971.904,203517198.336,143177.994,16791.426,1924,1,1,1,0,0,0,0,0,0
2013,RUS,KAZ,RUS,KAZ,17971727.698,2096777003.008,231876280.32,143499.863,17037.508,1924,1,1,1,0,0,0,0,0,0
2014,RUS,KAZ,RUS,KAZ,13862234.966,2063662317.568,221415571.456,143819.672,17289.225,1924,1,1,1,0,0,0,0,0,0
2015,RUS,KAZ,RUS,KAZ,10529199.437,1365865267.2,184388435.968,144096.863,17544.127,1930,1,1,1,1,0,0,1,0,1
2016,RUS,KAZ,RUS,KAZ,10706332.764,1283162374.144,133657083.904,144342.392,17797.031,1930,1,1,1,1,0,0,1,0,1
2017,RUS,KAZ,RUS,KAZ,13815553.292,1574199387.071,166805800.59600002,144496.73500000002,18037.777,1930,1,1,1,1,0,0,1,0,1
2018,RUS,KAZ,RUS,KAZ,13228781.674,1657329646.184,179339994.859,144477.859,18276.451,1930,1,1,1,1,0,0,1,0,1
2019,RUS,KAZ,RUS,KAZ,14016737.881,1693113904.263,181667190.076,144406.265,18513.674,1930,1,1,1,1,0,0,1,0,1
2020,RUS,KAZ,RUS,KAZ,13620955.949,1488321875.49,171082379.533,144073.135,18755.667,1935,1,1,1,1,0,0,1,0,1
1995,RUS,KGZ,RUS,KGZ,114332.259,395528503.296,1661018.496,148141.006,4560.4000000000005,2416,1,0,0,0,0,0,0,0,0
1996,RUS,KGZ,RUS,KGZ,174467.728,391721385.984,1827570.56,148160.126,4628.4000000000005,2416,1,0,0,0,0,0,0,0,0
1997,RUS,KGZ,RUS,KGZ,167384.457,404926529.536,1767864.064,147915.375,4696.4000000000005,2416,1,0,0,0,0,0,0,0,0
1998,RUS,KGZ,RUS,KGZ,204023.08,270953119.744,1645963.776,147670.776,4769,2416,1,0,0,1,0,0,0,0,0
1999,RUS,KGZ,RUS,KGZ,109351.036,195905765.376,1249062.016,147214.783,4840.4000000000005,2416,1,0,0,1,0,0,0,0,0
2000,RUS,KGZ,RUS,KGZ,132614.619,259708502.016,1369691.904,146596.863,4898.4000000000005,2422,1,0,0,1,0,0,0,0,0
2001,RUS,KGZ,RUS,KGZ,85050.01,306602672.128,1525113.472,145976.471,4945.1,2422,1,0,0,1,0,0,0,0,0
2002,RUS,KGZ,RUS,KGZ,116636.347,345110446.08,1605640.576,145408.035,4990.7,2422,1,0,0,1,0,0,0,0,0
2003,RUS,KGZ,RUS,KGZ,176107.479,430347780.096,1919012.736,144667.465,5043.3,2422,1,0,0,1,0,0,0,0,0
2004,RUS,KGZ,RUS,KGZ,293662.755,591016689.664,2211535.36,143821.213,5104.7,2422,1,0,0,1,0,0,0,0,0
2005,RUS,KGZ,RUS,KGZ,378944.446,764000927.744,2459876.096,143113.892,5162.6,2428,1,0,0,1,0,0,0,0,0
2006,RUS,KGZ,RUS,KGZ,651628.058,989930520.576,2834168.832,142487.259,5218.4000000000005,2428,1,0,0,1,0,0,0,0,0
2007,RUS,KGZ,RUS,KGZ,978266.226,1299705233.408,3802566.144,142114.899,5268.4000000000005,2428,1,0,0,1,0,0,0,0,0
2008,RUS,KGZ,RUS,KGZ,1492178.61,1660844376.064,5139957.76,141956.40600000002,5318.7,2428,1,0,0,1,0,0,0,0,0
2009,RUS,KGZ,RUS,KGZ,1089623.346,1222643679.232,4690062.336,141909.241,5383.3,2428,1,0,0,1,0,0,0,0,0
2010,RUS,KGZ,RUS,KGZ,1083862.764,1524916158.464,4794357.76,142385.529,5447.9000000000005,2433,1,0,0,1,0,0,0,0,0
2011,RUS,KGZ,RUS,KGZ,1429569.088,1904792961.024,6197766.144,142956.467,5514.6,2433,1,0,0,1,0,0,0,0,0
2012,RUS,KGZ,RUS,KGZ,1784623.739,2017470971.904,6605139.968,143177.994,5607.2,2433,1,0,1,1,0,0,1,0,0
2013,RUS,KGZ,RUS,KGZ,2029443.43,2096777003.008,7226303.488,143499.863,5719.5,2433,1,0,1,1,0,0,1,0,0
2014,RUS,KGZ,RUS,KGZ,1839928.038,2063662317.568,7468096.512,143819.672,5835.5,2433,1,0,1,1,0,0,1,0,0
2015,RUS,KGZ,RUS,KGZ,1289412.624,1365865267.2,6678178.3040000005,144096.863,5956.9000000000005,2435,1,0,1,1,0,0,1,0,1
2016,RUS,KGZ,RUS,KGZ,1245427.949,1283162374.144,6551287.808,144342.392,6082.7,2435,1,0,1,1,0,0,1,0,1
2017,RUS,KGZ,RUS,KGZ,1700141.55,1574199387.071,7702934.8,144496.73500000002,6198.2,2435,1,0,1,1,0,0,1,0,1
2018,RUS,KGZ,RUS,KGZ,1635408.173,1657329646.184,8271108.638,144477.859,6322.8,2435,1,0,1,1,0,0,1,0,1
2019,RUS,KGZ,RUS,KGZ,1559457.22,1693113904.263,8871026.074000001,144406.265,6456.2,2435,1,0,1,1,0,0,1,0,1
2020,RUS,KGZ,RUS,KGZ,1456872.124,1488321875.49,7780874.537,144073.135,6579.9000000000005,2437,1,0,1,1,0,0,1,0,1
1992,RUS,LTU,RUS,LTU,918750.872,460205424.64,8562311.168,148688.995,3700.114,1163,0,1,0,0,0,0,0,0,0
1994,RUS,LTU,RUS,LTU,995213.294,395086561.28,6958637.056,148335.999,3657.144,1163,0,1,0,0,0,0,0,0,0
1995,RUS,LTU,RUS,LTU,1076208.418,395528503.296,7904896,148141.006,3629.102,1162,0,1,0,0,0,0,0,0,0
1996,RUS,LTU,RUS,LTU,1181169.764,391721385.984,8426599.936,148160.126,3601.6130000000003,1162,0,1,0,0,0,0,0,0,0
1997,RUS,LTU,RUS,LTU,1370580.975,404926529.536,10128700.416,147915.375,3575.137,1162,0,1,0,0,0,0,0,0,0
1998,RUS,LTU,RUS,LTU,1172684.938,270953119.744,11254049.792,147670.776,3549.331,1162,0,1,0,0,0,0,0,0,0
1999,RUS,LTU,RUS,LTU,1162912.205,195905765.376,10971374.592,147214.783,3524.2380000000003,1162,0,1,0,0,0,0,0,0,0
2000,RUS,LTU,RUS,LTU,1900865.181,259708502.016,11434200.064,146596.863,3499.536,1154,0,1,0,0,0,0,0,0,0
2001,RUS,LTU,RUS,LTU,1607004.481,306602672.128,12159224.832,145976.471,3470.818,1154,0,1,0,1,0,0,0,0,0
2002,RUS,LTU,RUS,LTU,1635916.347,345110446.08,14163949.568,145408.035,3443.067,1154,0,1,0,1,0,0,0,0,0
2003,RUS,LTU,RUS,LTU,2160415.592,430347780.096,18608709.632,144667.465,3415.213,1154,0,1,0,1,0,0,0,0,0
2004,RUS,LTU,RUS,LTU,2853866.381,591016689.664,22659295.232,143821.213,3377.0750000000003,1154,0,1,0,1,0,0,0,0,0
2005,RUS,LTU,RUS,LTU,4323060.0430000005,764000927.744,26085306.368,143113.892,3322.528,1149,0,1,0,1,0,0,0,0,0
2006,RUS,LTU,RUS,LTU,4700545.642,989930520.576,30246361.088,142487.259,3269.909,1149,0,1,0,1,0,0,0,0,0
2007,RUS,LTU,RUS,LTU,4401419.923,1299705233.408,39325986.816,142114.899,3231.294,1149,0,1,0,1,0,0,0,0,0
2008,RUS,LTU,RUS,LTU,9406431.945,1660844376.064,47438364.672,141956.40600000002,3198.231,1149,0,1,0,1,0,0,0,0,0
2009,RUS,LTU,RUS,LTU,5482346.548,1222643679.232,37050081.28,141909.241,3162.916,1149,0,1,0,1,0,0,0,0,0
2010,RUS,LTU,RUS,LTU,7636729.998000001,1524916158.464,36709511.168,142385.529,3097.282,1145,0,1,0,1,0,0,0,0,0
2011,RUS,LTU,RUS,LTU,10184881.139,1904792961.024,43083067.392,142956.467,3028.115,1145,0,1,0,1,0,0,0,0,0
2012,RUS,LTU,RUS,LTU,10401418.329,2017470971.904,42343559.168,143177.994,2987.773,1145,0,1,1,1,0,0,1,0,0
2013,RUS,LTU,RUS,LTU,9784162.729,2096777003.008,45931966.464,143499.863,2956.121,1145,0,1,1,1,0,0,1,0,0
2014,RUS,LTU,RUS,LTU,7620536.736,2063662317.568,48545251.328,143819.672,2932.367,1145,0,1,1,1,0,0,1,0,0
2015,RUS,LTU,RUS,LTU,4596899.345,1365865267.2,41402023.936,144096.863,2904.91,1143,0,1,1,1,0,0,1,0,0
2016,RUS,LTU,RUS,LTU,3793242.752,1283162374.144,42738876.416,144342.392,2872.298,1143,0,1,1,1,0,0,1,0,0
2017,RUS,LTU,RUS,LTU,4059154.577,1574199387.071,47758736.932,144496.73500000002,2828.403,1143,0,1,1,1,0,0,1,0,0
2018,RUS,LTU,RUS,LTU,5172731.877,1657329646.184,53750911.866,144477.859,2801.543,1143,0,1,1,1,0,0,1,0,0
2019,RUS,LTU,RUS,LTU,5189608.915,1693113904.263,54697379.017000005,144406.265,2794.137,1143,0,1,1,1,0,0,1,0,0
2020,RUS,LTU,RUS,LTU,2935961.56,1488321875.49,56546957.475,144073.135,2794.885,1143,0,1,1,1,0,0,1,0,0
1994,RUS,LVA,RUS,LVA,292015.97500000003,395086561.28,5060854.784,148335.999,2520.742,1154,0,1,0,0,0,0,0,0,0
1995,RUS,LVA,RUS,LVA,394609.866,395528503.296,5235719.68,148141.006,2485.056,1155,0,1,0,0,0,0,0,0,0
1996,RUS,LVA,RUS,LVA,1034118.635,391721385.984,5585292.8,148160.126,2457.222,1155,0,1,0,0,0,0,0,0,0
1997,RUS,LVA,RUS,LVA,1228508.033,404926529.536,6133234.176,147915.375,2432.851,1155,0,1,0,0,0,0,0,0,0
1998,RUS,LVA,RUS,LVA,681890.41,270953119.744,6616957.44,147670.776,2410.019,1155,0,1,0,0,0,0,0,0,0
1999,RUS,LVA,RUS,LVA,981389.452,195905765.376,7288524.288,147214.783,2390.482,1155,0,1,0,1,0,0,0,0,0
2000,RUS,LVA,RUS,LVA,1537666.812,259708502.016,7833068.544,146596.863,2367.55,1151,0,1,0,1,0,0,0,0,0
2001,RUS,LVA,RUS,LVA,818864.43,306602672.128,8313047.552,145976.471,2337.17,1151,0,1,0,1,0,0,0,0,0
2002,RUS,LVA,RUS,LVA,605241.361,345110446.08,9314784.256,145408.035,2310.173,1151,0,1,0,1,0,0,0,0,0
2003,RUS,LVA,RUS,LVA,927887.505,430347780.096,11186452.48,144667.465,2287.955,1151,0,1,0,1,0,0,0,0,0
2004,RUS,LVA,RUS,LVA,1182490.569,591016689.664,13761569.792,143821.213,2263.122,1151,0,1,0,1,0,0,0,0,0
2005,RUS,LVA,RUS,LVA,1010789.275,764000927.744,16041840.64,143113.892,2238.799,1148,0,1,0,1,0,0,0,0,0
2006,RUS,LVA,RUS,LVA,1417988.214,989930520.576,19935045.632,142487.259,2218.357,1148,0,1,0,1,0,0,0,0,0
2007,RUS,LVA,RUS,LVA,2395356.776,1299705233.408,28765687.808,142114.899,2200.3250000000003,1148,0,1,0,1,0,0,0,0,0
2008,RUS,LVA,RUS,LVA,7289340.141,1660844376.064,33669367.808,141956.40600000002,2177.322,1148,0,1,0,1,0,0,0,0,0
2009,RUS,LVA,RUS,LVA,3642123.054,1222643679.232,25875781.632,141909.241,2141.669,1148,0,1,0,1,0,0,0,0,0
2010,RUS,LVA,RUS,LVA,5536945.463,1524916158.464,24009680.896,142385.529,2097.555,1144,0,1,0,1,0,0,0,0,0
2011,RUS,LVA,RUS,LVA,6811112.873000001,1904792961.024,28480337.92,142956.467,2059.709,1144,0,1,0,1,0,0,0,0,0
2012,RUS,LVA,RUS,LVA,8242025.286,2017470971.904,28372578.304,143177.994,2034.319,1144,0,1,1,1,0,0,1,0,0
2013,RUS,LVA,RUS,LVA,9836415.927,2096777003.008,30956691.456,143499.863,2013.385,1144,0,1,1,1,0,0,1,0,0
2014,RUS,LVA,RUS,LVA,12486994.547,2063662317.568,31352250.368,143819.672,1993.782,1144,0,1,1,1,0,0,1,0,0
2015,RUS,LVA,RUS,LVA,6699113.181,1365865267.2,27026036.736,144096.863,1977.527,1141,0,1,1,1,0,0,1,0,0
2016,RUS,LVA,RUS,LVA,5588508.272,1283162374.144,27677390.848,144342.392,1960.424,1141,0,1,1,1,0,0,1,0,0
2017,RUS,LVA,RUS,LVA,5329055.363,1574199387.071,30483806.018,144496.73500000002,1942.248,1141,0,1,1,1,0,0,1,0,0
2018,RUS,LVA,RUS,LVA,4821833.231,1657329646.184,34429023.435,144477.859,1927.174,1141,0,1,1,1,0,0,1,0,0
2019,RUS,LVA,RUS,LVA,5149846.802,1693113904.263,34308783.825,144406.265,1913.822,1141,0,1,1,1,0,0,1,0,0
2020,RUS,LVA,RUS,LVA,3227707.626,1488321875.49,33645460.617,144073.135,1900.449,1139,0,1,1,1,0,0,1,0,0
1994,RUS,MDA,RUS,MDA,309174.52,395086561.28,1702314.368,148335.999,3694,1498,0,0,0,0,0,0,0,0,0
1995,RUS,MDA,RUS,MDA,277773.234,395528503.296,1752995.328,148141.006,3675.099,1493,0,0,0,0,0,0,0,0,0
1996,RUS,MDA,RUS,MDA,388093.274,391721385.984,1695130.496,148160.126,3667.748,1493,0,0,0,0,0,0,0,0,0
1997,RUS,MDA,RUS,MDA,380842.743,404926529.536,1930071.424,147915.375,3654.208,1493,0,0,0,0,0,0,0,0,0
1998,RUS,MDA,RUS,MDA,324994.04,270953119.744,1639497.216,147670.776,3652.732,1493,0,0,0,0,0,0,0,0,0
1999,RUS,MDA,RUS,MDA,240595.862,195905765.376,1170785.024,147214.783,3647.001,1493,0,0,0,0,0,0,0,0,0
2000,RUS,MDA,RUS,MDA,119627.652,259708502.016,1288420.224,146596.863,3639.592,1483,0,0,0,0,0,0,0,0,0
2001,RUS,MDA,RUS,MDA,143979.041,306602672.128,1480656.896,145976.471,3631.462,1483,0,0,0,1,0,0,0,0,0
2002,RUS,MDA,RUS,MDA,153476.92500000002,345110446.08,1661818.112,145408.035,3623.062,1483,0,0,0,1,0,0,0,0,0
2003,RUS,MDA,RUS,MDA,182815.805,430347780.096,1980901.504,144667.465,3612.874,1483,0,0,0,1,0,0,0,0,0
2004,RUS,MDA,RUS,MDA,226072.391,591016689.664,2598231.552,143821.213,3603.945,1483,0,0,0,1,0,0,0,0,0
2005,RUS,MDA,RUS,MDA,325593.721,764000927.744,2988172.544,143113.892,3595.187,1476,0,0,0,1,0,0,0,0,0
2006,RUS,MDA,RUS,MDA,417019.815,989930520.576,3408454.144,142487.259,3585.2090000000003,1476,0,0,0,1,0,0,0,0,0
2007,RUS,MDA,RUS,MDA,498647.9,1299705233.408,4402496,142114.899,3576.91,1476,0,0,0,1,0,0,0,0,0
2008,RUS,MDA,RUS,MDA,666137.415,1660844376.064,6054806.016,141956.40600000002,3570.108,1476,0,0,0,1,0,0,0,0,0
2009,RUS,MDA,RUS,MDA,374512.82,1222643679.232,5439421.9520000005,141909.241,3565.6040000000003,1476,0,0,0,1,0,0,0,0,0
2010,RUS,MDA,RUS,MDA,586477.323,1524916158.464,5811603.968,142385.529,3562.045,1472,0,0,0,1,0,0,0,0,0
2011,RUS,MDA,RUS,MDA,822960.947,1904792961.024,7016162.816000001,142956.467,3559.986,1472,0,0,0,1,0,0,0,0,0
2012,RUS,MDA,RUS,MDA,816882.0480000001,2017470971.904,7284686.336,143177.994,3559.519,1472,0,0,1,1,0,0,1,0,0
2013,RUS,MDA,RUS,MDA,788040.449,2096777003.008,7969618.944,143499.863,3559,1472,0,0,1,1,0,0,1,0,0
2014,RUS,MDA,RUS,MDA,717220.669,2063662317.568,7983270.912,143819.672,3556.397,1472,0,0,1,1,0,0,1,0,0
2015,RUS,MDA,RUS,MDA,535691.125,1365865267.2,6512899.584,144096.863,3554.108,1472,0,0,1,1,0,0,1,0,0
2016,RUS,MDA,RUS,MDA,946331.564,1283162374.144,6749515.776000001,144342.392,3552,1472,0,0,1,1,0,0,1,0,0
2017,RUS,MDA,RUS,MDA,901006.789,1574199387.071,9669741.744,144496.73500000002,2755.158,1472,0,0,1,1,0,0,1,0,0
2018,RUS,MDA,RUS,MDA,1204617.747,1657329646.184,11457443.185,144477.859,2708.214,1472,0,0,1,1,0,0,1,0,0
2019,RUS,MDA,RUS,MDA,1257031.944,1693113904.263,11971345.003,144406.265,2664.974,1472,0,0,1,1,0,0,1,0,0
2020,RUS,MDA,RUS,MDA,953951.795,1488321875.49,11859730.544,144073.135,2620.495,1472,0,0,1,1,0,0,1,0,0
1996,RUS,TJK,RUS,TJK,150582.553,391721385.984,1043893.056,148160.126,5862.347,2607,0,0,0,0,0,0,0,0,0
1997,RUS,TJK,RUS,TJK,88522.77500000001,404926529.536,921843.136,147915.375,5937.177,2607,0,0,0,0,0,0,0,0,0
1998,RUS,TJK,RUS,TJK,77480.30900000001,270953119.744,1320126.72,147670.776,6012.933,2607,0,0,0,0,0,0,0,0,0
1999,RUS,TJK,RUS,TJK,66597.063,195905765.376,1086567.424,147214.783,6094.661,2607,0,0,0,0,0,0,0,0,0
2000,RUS,TJK,RUS,TJK,104063,259708502.016,860550.272,146596.863,6186.152,2610,0,0,0,0,0,0,0,0,0
2001,RUS,TJK,RUS,TJK,69127.649,306602672.128,1080774.016,145976.471,6289.34,2610,0,0,0,0,0,0,0,0,0
2002,RUS,TJK,RUS,TJK,67852.495,345110446.08,1221113.856,145408.035,6404.118,2610,0,0,0,0,0,0,0,0,0
2003,RUS,TJK,RUS,TJK,128614.886,430347780.096,1554125.568,144667.465,6529.609,2610,0,0,0,0,0,0,0,0,0
2004,RUS,TJK,RUS,TJK,183053.03,591016689.664,2076148.736,143821.213,6663.929,2610,0,0,0,0,0,0,0,0,0
2005,RUS,TJK,RUS,TJK,239744.003,764000927.744,2312319.488,143113.892,6805.655,2613,0,0,0,0,0,0,0,0,0
2006,RUS,TJK,RUS,TJK,373462.301,989930520.576,2830236.16,142487.259,6954.522,2613,0,0,0,0,0,0,0,0,0
2007,RUS,TJK,RUS,TJK,606060.674,1299705233.408,3719497.472,142114.899,7111.0250000000005,2613,0,0,0,0,0,0,0,0,0
2008,RUS,TJK,RUS,TJK,792583.197,1660844376.064,5161336.32,141956.40600000002,7275.252,2613,0,0,0,0,0,0,0,0,0
2009,RUS,TJK,RUS,TJK,572388.9890000001,1222643679.232,4979482.112,141909.241,7447.396,2613,0,0,0,0,0,0,0,0,0
2010,RUS,TJK,RUS,TJK,672557.898,1524916158.464,5642178.5600000005,142385.529,7627.326,2616,0,0,0,0,0,0,0,0,0
2011,RUS,TJK,RUS,TJK,721386.7660000001,1904792961.024,6522732.032000001,142956.467,7814.85,2616,0,0,0,0,0,0,0,0,0
2012,RUS,TJK,RUS,TJK,678826.9130000001,2017470971.904,7633049.600000001,143177.994,8008.99,2616,0,0,1,0,0,0,0,0,0
2013,RUS,TJK,RUS,TJK,724360.142,2096777003.008,8508103.68,143499.863,8207.834,2616,0,0,1,1,0,0,1,0,0
2014,RUS,TJK,RUS,TJK,890929.179,2063662317.568,9236308.992,143819.672,8362.745,2616,0,0,1,1,0,0,1,0,0
2015,RUS,TJK,RUS,TJK,759104.405,1365865267.2,7853450.24,144096.863,8548.651,2620,0,0,1,1,0,0,1,0,0
2016,RUS,TJK,RUS,TJK,985863.622,1283162374.144,6951656.96,144342.392,8734.951000000001,2620,0,0,1,1,0,0,1,0,0
2017,RUS,TJK,RUS,TJK,903802.058,1574199387.071,7536439.875,144496.73500000002,8880.27,2620,0,0,1,1,0,0,1,0,0
2018,RUS,TJK,RUS,TJK,967937.392,1657329646.184,7765014.424000001,144477.859,9100.847,2620,0,0,1,1,0,0,1,0,0
2019,RUS,TJK,RUS,TJK,1009127.559,1693113904.263,8300784.857,144406.265,9321.023,2620,0,0,1,1,0,0,1,0,0
2020,RUS,TJK,RUS,TJK,932593.041,1488321875.49,8133996.648,144073.135,9537.642,2623,0,0,1,1,0,0,1,0,0
1996,RUS,TKM,RUS,TKM,114766.872,391721385.984,2379281.664,148160.126,4267.6900000000005,2315,0,0,0,0,0,0,0,0,0
1997,RUS,TKM,RUS,TKM,265631.568,404926529.536,2450084.864,147915.375,4335.991,2315,0,0,0,0,0,0,0,0,0
1998,RUS,TKM,RUS,TKM,131833.74,270953119.744,2605688.064,147670.776,4395.293,2315,0,0,0,0,0,0,0,0,0
1999,RUS,TKM,RUS,TKM,167249.63,195905765.376,2450686.72,147214.783,4449.427,2315,0,0,0,0,0,0,0,0,0
2000,RUS,TKM,RUS,TKM,254491.486,259708502.016,2904662.528,146596.863,4501.419,2312,0,0,0,0,0,0,0,0,0
2001,RUS,TKM,RUS,TKM,140174.89800000002,306602672.128,3534771.968,145976.471,4551.762,2312,0,0,0,0,0,0,0,0,0
2002,RUS,TKM,RUS,TKM,142619.52300000002,345110446.08,4462028.8,145408.035,4600.171,2312,0,0,0,0,0,0,0,0,0
2003,RUS,TKM,RUS,TKM,221609.265,430347780.096,5977440.768,144667.465,4648.037,2312,0,0,0,0,0,0,0,0,0
2004,RUS,TKM,RUS,TKM,241987.492,591016689.664,6838350.848,143821.213,4696.876,2312,0,0,0,0,0,0,0,0,0
2005,RUS,TKM,RUS,TKM,223447.088,764000927.744,8104355.84,143113.892,4747.839,2311,0,0,0,0,0,0,0,0,0
2006,RUS,TKM,RUS,TKM,228346.529,989930520.576,10277598.208,142487.259,4801.595,2311,0,0,0,0,0,0,0,0,0
2007,RUS,TKM,RUS,TKM,384030.167,1299705233.408,12664165.376,142114.899,4858.236,2311,0,0,0,0,0,0,0,0,0
2008,RUS,TKM,RUS,TKM,808921.3790000001,1660844376.064,19271522.304,141956.40600000002,4917.543,2311,0,0,0,0,0,0,0,0,0
2009,RUS,TKM,RUS,TKM,948494.516,1222643679.232,20214386.688,141909.241,4978.962,2311,0,0,0,0,0,0,0,0,0
2010,RUS,TKM,RUS,TKM,717540.013,1524916158.464,22148069.376,142385.529,5041.995,2312,0,0,0,0,0,0,0,0,0
2011,RUS,TKM,RUS,TKM,1116893.485,1904792961.024,29233334.272,142956.467,5106.668,2312,0,0,0,0,0,0,0,0,0
2012,RUS,TKM,RUS,TKM,1210644.98,2017470971.904,35164209.152,143177.994,5172.9310000000005,2312,0,0,1,0,0,0,0,0,0
2013,RUS,TKM,RUS,TKM,1429899.55,2096777003.008,41850875.904,143499.863,5240.072,2312,0,0,1,0,0,0,0,0,0
2014,RUS,TKM,RUS,TKM,1137661.388,2063662317.568,43524210.688,143819.672,5466.241,2312,0,0,1,0,0,0,0,0,0
2015,RUS,TKM,RUS,TKM,843924.501,1365865267.2,35799629.824,144096.863,5565.284000000001,2316,0,0,1,0,0,0,0,0,0
2016,RUS,TKM,RUS,TKM,596865.863,1283162374.144,36179886.08,144342.392,5662.544,2316,0,0,1,0,0,0,0,0,0
2017,RUS,TKM,RUS,TKM,362741.367,1574199387.071,37926285.714,144496.73500000002,5757.667,2316,0,0,1,0,0,0,0,0,0
2018,RUS,TKM,RUS,TKM,288830.52400000003,1657329646.184,40765428.571,144477.859,5850.902,2316,0,0,1,0,0,0,0,0,0
2019,RUS,TKM,RUS,TKM,543310.175,1693113904.263,45231428.571,144406.265,5942.094,2316,0,0,1,0,0,0,0,0,0
1996,RUS,UKR,RUS,UKR,8787254.946,391721385.984,44558077.952,148160.126,51057.19,1086,0,1,0,0,0,0,0,0,0
1997,RUS,UKR,RUS,UKR,7799103.29,404926529.536,50150400,147915.375,50594.105,1086,0,1,0,0,0,0,0,0,0
1998,RUS,UKR,RUS,UKR,7054261.806,270953119.744,41883242.496,147670.776,50143.94,1086,0,1,0,0,0,0,0,0,0
1999,RUS,UKR,RUS,UKR,5583002.657,195905765.376,31580639.232,147214.783,49673.351,1086,0,1,0,0,0,0,0,0,0
2000,RUS,UKR,RUS,UKR,5812937.84,259708502.016,31261528.064,146596.863,49175.846,1079,0,1,0,0,0,0,0,0,0
2001,RUS,UKR,RUS,UKR,5778990.5,306602672.128,38009344,145976.471,48683.865,1079,0,1,0,0,0,0,0,0,0
2002,RUS,UKR,RUS,UKR,6299107.33,345110446.08,42392895.488,145408.035,48202.499,1079,0,1,0,0,0,0,0,0,0
2003,RUS,UKR,RUS,UKR,8645593.620000001,430347780.096,50132955.136,144667.465,47812.95,1079,0,1,0,0,0,0,0,0,0
2004,RUS,UKR,RUS,UKR,11653098.32,591016689.664,64883060.736,143821.213,47451.599,1079,0,1,0,0,0,0,0,0,0
2005,RUS,UKR,RUS,UKR,12763593.635,764000927.744,86142017.536,143113.892,47105.148,1075,0,1,0,0,0,0,0,0,0
2006,RUS,UKR,RUS,UKR,13787200.876,989930520.576,107753070.592,142487.259,46787.75,1075,0,1,0,0,0,0,0,0,0
2007,RUS,UKR,RUS,UKR,16838229.253,1299705233.408,142719008.768,142114.899,46509.35,1075,0,1,0,0,0,0,0,0,0
2008,RUS,UKR,RUS,UKR,22543247.613,1660844376.064,179992412.16,141956.40600000002,46258.202,1075,0,1,0,1,0,0,0,0,0
2009,RUS,UKR,RUS,UKR,13235730.605,1222643679.232,117227765.76,141909.241,46053.299,1075,0,1,0,1,0,0,0,0,0
2010,RUS,UKR,RUS,UKR,22197980.113,1524916158.464,136419303.424,142385.529,45870.701,1074,0,1,0,1,0,0,0,0,0
2011,RUS,UKR,RUS,UKR,29132163.194,1904792961.024,163421732.864,142956.467,45706.1,1074,0,1,0,1,0,0,0,0,0
2012,RUS,UKR,RUS,UKR,27418258.377,2017470971.904,176603430.912,143177.994,45593.3,1074,0,1,1,1,0,0,1,0,0
2013,RUS,UKR,RUS,UKR,23243972.173,2096777003.008,177430609.92000002,143499.863,45489.601,1074,0,1,1,1,0,0,1,0,0
2014,RUS,UKR,RUS,UKR,12678649.968,2063662317.568,133503410.176,143819.672,45271.946,1074,0,1,1,1,0,0,1,0,0
2015,RUS,UKR,RUS,UKR,7492684.944,1365865267.2,91030962.176,144096.863,45154.03,1076,0,1,1,1,0,0,1,0,0
2016,RUS,UKR,RUS,UKR,6654240.654,1283162374.144,93270482.944,144342.392,45004.646,1076,0,1,1,1,0,0,1,0,0
2017,RUS,UKR,RUS,UKR,8355491.129,1574199387.071,112090530.369,144496.73500000002,44831.135,1076,0,1,1,1,0,0,1,0,0
2018,RUS,UKR,RUS,UKR,9521066.396,1657329646.184,130891049.797,144477.859,44622.517,1076,0,1,1,1,0,0,1,0,0
2019,RUS,UKR,RUS,UKR,6984985.94,1693113904.263,153882982.016,144406.265,44386.204,1076,0,1,1,1,0,0,1,0,0
2020,RUS,UKR,RUS,UKR,6310483.551,1488321875.49,156617861.449,144073.135,44132.05,1079,0,1,1,1,0,0,1,0,0
1996,RUS,UZB,RUS,UZB,1077042.71,391721385.984,13948892.16,148160.126,23225,2373,0,0,0,0,0,0,0,0,0
1997,RUS,UZB,RUS,UZB,874548.353,404926529.536,14744603.648,147915.375,23667,2373,0,0,0,0,0,0,0,0,0
1998,RUS,UZB,RUS,UZB,563831.802,270953119.744,14988971.008,147670.776,24051.001,2373,0,0,0,0,0,0,0,0,0
1999,RUS,UZB,RUS,UZB,240281.176,195905765.376,17078465.536000002,147214.783,24311.649,2373,0,0,0,0,0,0,0,0,0
2000,RUS,UZB,RUS,UZB,271454.6,259708502.016,13760374.784,146596.863,24650.4,2375,0,0,0,0,0,0,0,0,0
2001,RUS,UZB,RUS,UZB,366417.672,306602672.128,11401351.168,145976.471,24964.451,2375,0,0,0,0,0,0,0,0,0
2002,RUS,UZB,RUS,UZB,439334.574,345110446.08,9687951.36,145408.035,25271.851,2375,0,0,0,0,0,0,0,0,0
2003,RUS,UZB,RUS,UZB,506182.014,430347780.096,10128112.64,144667.465,25567.65,2375,0,0,0,0,0,0,0,0,0
2004,RUS,UZB,RUS,UZB,757688.47,591016689.664,12030023.68,143821.213,25864.349,2375,0,0,0,0,0,0,0,0,0
2005,RUS,UZB,RUS,UZB,857443.176,764000927.744,14307510.272,143113.892,26167,2377,0,0,0,0,0,0,0,0,0
2006,RUS,UZB,RUS,UZB,1064708.632,989930520.576,17030896.64,142487.259,26488.251,2377,0,0,0,0,0,0,0,0,0
2007,RUS,UZB,RUS,UZB,1722262.569,1299705233.408,22311393.28,142114.899,26868,2377,0,0,0,0,0,0,0,0,0
2008,RUS,UZB,RUS,UZB,2048894.002,1660844376.064,27934031.872,141956.40600000002,27302.799,2377,0,0,0,0,0,0,0,0,0
2009,RUS,UZB,RUS,UZB,1693349.058,1222643679.232,32816828.416,141909.241,27767.401,2377,0,0,0,0,0,0,0,0,0
2010,RUS,UZB,RUS,UZB,1663521.393,1524916158.464,39332769.792,142385.529,28562.401,2379,0,0,0,0,0,0,0,0,0
2011,RUS,UZB,RUS,UZB,1983084.302,1904792961.024,45324320.768,142956.467,29339.399,2379,0,0,0,0,0,0,0,0,0
2012,RUS,UZB,RUS,UZB,2324711.203,2017470971.904,51183443.968,143177.994,29774.5,2379,0,0,1,0,0,0,0,0,0
2013,RUS,UZB,RUS,UZB,2803910.149,2096777003.008,56795656.192,143499.863,30241.1,2379,0,0,1,0,0,0,0,0,0
2014,RUS,UZB,RUS,UZB,3113599.881,2063662317.568,63067078.656,143819.672,30757.7,2379,0,0,1,0,0,0,0,0,0
2015,RUS,UZB,RUS,UZB,2221187.873,1365865267.2,66903805.952,144096.863,31298.901,2381,0,0,1,0,0,0,0,0,0
2016,RUS,UZB,RUS,UZB,2092449.34,1283162374.144,67220336.64,144342.392,31848.2,2381,0,0,1,0,0,0,0,0,0
2017,RUS,UZB,RUS,UZB,2858376.782,1574199387.071,62081323.299,144496.73500000002,32388.599,2381,0,0,1,0,0,0,0,0,0
2018,RUS,UZB,RUS,UZB,3382455.372,1657329646.184,52633143.808,144477.859,32956.1,2381,0,0,1,0,0,0,0,0,0
2019,RUS,UZB,RUS,UZB,3974192.784,1693113904.263,59907674.027,144406.265,33580.349,2381,0,0,1,0,0,0,0,0,0
2020,RUS,UZB,RUS,UZB,4659635.647,1488321875.49,59894305.353,144073.135,34232.052,2383,0,0,1,0,0,0,0,0,0
2007,TJK,ARM,TJK,ARM,236.02,3719497.472,9206301.696,7111.0250000000005,2989.882,2093,0,0,0,1,0,0,0,0,0
2008,TJK,ARM,TJK,ARM,27.201,5161336.32,11662041.088,7275.252,2977.4880000000003,2093,0,0,0,1,0,0,0,0,0
2010,TJK,ARM,TJK,ARM,203.702,5642178.5600000005,9260286.976,7627.326,2963.496,2093,0,0,0,1,0,0,0,0,0
2011,TJK,ARM,TJK,ARM,78.96900000000001,6522732.032000001,10142343.168,7814.85,2964.12,2093,0,0,0,1,0,0,0,0,0
2012,TJK,ARM,TJK,ARM,115.88,7633049.600000001,9958217.728,8008.99,2969.081,2093,0,0,0,1,0,0,0,0,0
2013,TJK,ARM,TJK,ARM,768.467,8508103.68,10432169.984,8207.834,2976.5660000000003,2093,0,0,1,1,0,0,1,0,0
2014,TJK,ARM,TJK,ARM,335.098,9236308.992,11609512.96,8362.745,2906.2200000000003,2093,0,0,1,1,0,0,1,0,0
2015,TJK,ARM,TJK,ARM,3.953,7853450.24,10529182.72,8548.651,2916.9500000000003,2093,0,0,1,1,0,0,1,0,0
2016,TJK,ARM,TJK,ARM,5,6951656.96,10547331.072,8734.951000000001,2924.8160000000003,2093,0,0,1,1,0,0,1,0,0
2017,TJK,ARM,TJK,ARM,75.449,7536439.875,11527458.566,8880.27,2944.789,2093,0,0,1,1,0,0,1,0,0
2018,TJK,ARM,TJK,ARM,5.135,7765014.424000001,12457941.907,9100.847,2951.741,2093,0,0,1,1,0,0,1,0,0
2019,TJK,ARM,TJK,ARM,20.811,8300784.857,13619291.361,9321.023,2957.728,2093,0,0,1,1,0,0,1,0,0
2020,TJK,ARM,TJK,ARM,88.141,8133996.648,12641209.802,9537.642,2963.234,2093,0,0,1,1,0,0,1,0,0
1996,TJK,AZE,TJK,AZE,416.299,1043893.056,3176749.568,5862.347,7763,1670,0,0,0,0,0,0,0,0,0
1997,TJK,AZE,TJK,AZE,89.239,921843.136,3962710.272,5937.177,7838.25,1670,0,0,0,0,0,0,0,0,0
1998,TJK,AZE,TJK,AZE,240.348,1320126.72,4446396.416,6012.933,7913,1670,0,0,0,0,0,0,0,0,0
1999,TJK,AZE,TJK,AZE,182.908,1086567.424,4581222.4,6094.661,7982.75,1670,0,0,0,0,0,0,0,0,0
2000,TJK,AZE,TJK,AZE,422,860550.272,5272616.96,6186.152,8048.6,1670,0,0,0,0,0,0,0,0,0
2001,TJK,AZE,TJK,AZE,858.078,1080774.016,5707618.3040000005,6289.34,8111.2,1670,0,0,0,0,0,0,0,0,0
2002,TJK,AZE,TJK,AZE,423.254,1221113.856,6236024.832,6404.118,8171.95,1670,0,0,0,0,0,0,0,0,0
2003,TJK,AZE,TJK,AZE,984.053,1554125.568,7275766.272,6529.609,8234.1,1670,0,0,0,0,0,0,0,0,0
2004,TJK,AZE,TJK,AZE,9.35,2076148.736,8680511.488,6663.929,8306.5,1670,0,0,0,0,0,0,0,0,0
2005,TJK,AZE,TJK,AZE,107.705,2312319.488,13245421.568,6805.655,8391.85,1670,0,0,0,0,0,0,0,0,0
2006,TJK,AZE,TJK,AZE,289.40000000000003,2830236.16,20982269.952,6954.522,8484.55,1670,0,0,0,0,0,0,0,0,0
2007,TJK,AZE,TJK,AZE,514.6080000000001,3719497.472,33050343.424,7111.0250000000005,8581.3,1670,0,0,0,0,0,0,0,0,0
2008,TJK,AZE,TJK,AZE,500.309,5161336.32,48852484.096,7275.252,8763.4,1670,0,0,0,0,0,0,0,0,0
2009,TJK,AZE,TJK,AZE,742.87,4979482.112,44291489.792,7447.396,8947.243,1670,0,0,0,0,0,0,0,0,0
2010,TJK,AZE,TJK,AZE,1256.141,5642178.5600000005,52902703.104,7627.326,9054.332,1668,0,0,0,0,0,0,0,0,0
2011,TJK,AZE,TJK,AZE,2773.472,6522732.032000001,65951625.216,7814.85,9173.082,1668,0,0,0,0,0,0,0,0,0
2012,TJK,AZE,TJK,AZE,159.602,7633049.600000001,68730904.576,8008.99,9295.784,1668,0,0,0,0,0,0,0,0,0
2013,TJK,AZE,TJK,AZE,42.941,8508103.68,73560481.792,8207.834,9416.598,1668,0,0,1,0,0,0,0,0,0
2014,TJK,AZE,TJK,AZE,187.962,9236308.992,75244167.168,8362.745,9535.079,1668,0,0,1,0,0,0,0,0,0
2016,TJK,AZE,TJK,AZE,238.516,6951656.96,37847715.84,8734.951000000001,9762.274,1667,0,0,1,0,0,0,0,0,0
2017,TJK,AZE,TJK,AZE,49.069,7536439.875,40865558.912,8880.27,9854.033,1667,0,0,1,0,0,0,0,0,0
2018,TJK,AZE,TJK,AZE,82.395,7765014.424000001,47112941.176,9100.847,9939.771,1667,0,0,1,0,0,0,0,0,0
2019,TJK,AZE,TJK,AZE,10.317,8300784.857,48174235.294,9321.023,10024.283,1667,0,0,1,0,0,0,0,0,0
2020,TJK,AZE,TJK,AZE,66.36,8133996.648,42693000,9537.642,10093.121,1666,0,0,1,0,0,0,0,0,0
1998,TJK,BLR,TJK,BLR,3402.29,1320126.72,15222014.976,6012.933,10069,3505,0,0,0,0,0,0,0,0,0
1999,TJK,BLR,TJK,BLR,4966.791,1086567.424,12138485.76,6094.661,10035,3505,0,0,0,0,0,0,0,0,0
2000,TJK,BLR,TJK,BLR,2873,860550.272,12736856.064,6186.152,10005,3508,0,0,0,0,0,0,0,0,0
2001,TJK,BLR,TJK,BLR,1723.2,1080774.016,12354820.096,6289.34,9928,3508,0,0,0,0,0,0,0,0,0
2002,TJK,BLR,TJK,BLR,1549.5,1221113.856,14594925.568,6404.118,9865,3508,0,0,0,0,0,0,0,0,0
2003,TJK,BLR,TJK,BLR,1906.6,1554125.568,17825435.648000002,6529.609,9797,3508,0,0,0,0,0,0,0,0,0
2004,TJK,BLR,TJK,BLR,4773.6,2076148.736,23141586.944,6663.929,9730,3508,0,0,0,0,0,0,0,0,0
2005,TJK,BLR,TJK,BLR,3463.9,2312319.488,30210091.008,6805.655,9663,3510,0,0,0,0,0,0,0,0,0
2006,TJK,BLR,TJK,BLR,4440.8,2830236.16,36961918.976,6954.522,9604,3510,0,0,0,0,0,0,0,0,0
2007,TJK,BLR,TJK,BLR,6255.5,3719497.472,45275713.536,7111.0250000000005,9560,3510,0,0,0,0,0,0,0,0,0
2008,TJK,BLR,TJK,BLR,9846.3,5161336.32,60763484.16,7275.252,9528,3510,0,0,0,0,0,0,0,0,0
2009,TJK,BLR,TJK,BLR,11133,4979482.112,49208655.872,7447.396,9507,3510,0,0,0,0,0,0,0,0,0
2010,TJK,BLR,TJK,BLR,5498.8,5642178.5600000005,55220932.608,7627.326,9490,3512,0,0,0,0,0,0,0,0,0
2011,TJK,BLR,TJK,BLR,21893,6522732.032000001,59734593.536,7814.85,9473,3512,0,0,0,0,0,0,0,0,0
2012,TJK,BLR,TJK,BLR,9332.8,7633049.600000001,63615447.04,8008.99,9464,3512,0,0,0,0,0,0,0,0,0
2013,TJK,BLR,TJK,BLR,4881.4000000000005,8508103.68,71709515.77600001,8207.834,9466,3512,0,0,1,0,0,0,0,0,0
2014,TJK,BLR,TJK,BLR,3966.9,9236308.992,78813052.928,8362.745,9474.511,3512,0,0,1,0,0,0,0,0,0
2015,TJK,BLR,TJK,BLR,3657.8,7853450.24,56454774.784,8548.651,9489.616,3513,0,0,1,0,0,0,0,0,0
2016,TJK,BLR,TJK,BLR,2553.8,6951656.96,47433441.28,8734.951000000001,9507.12,3513,0,0,1,0,0,0,0,0,0
2017,TJK,BLR,TJK,BLR,3358.3,7536439.875,54726595.249,8880.27,9458.989,3513,0,0,1,0,0,0,0,0,0
2018,TJK,BLR,TJK,BLR,3985.8,7765014.424000001,60031262.269,9100.847,9438.785,3513,0,0,1,0,0,0,0,0,0
2019,TJK,BLR,TJK,BLR,3070.5,8300784.857,64409647.194,9321.023,9419.758,3513,0,0,1,0,0,0,0,0,0
2020,TJK,BLR,TJK,BLR,2104.7,8133996.648,61489588.895,9537.642,9379.952,3513,0,0,1,0,0,0,0,0,0
1995,TJK,EST,TJK,EST,4727.356,1231523.072,4362191.36,5784.33,1436.634,3863,0,0,0,0,0,0,0,0,0
1996,TJK,EST,TJK,EST,1603.969,1043893.056,4739181.568,5862.347,1415.594,3863,0,0,0,0,0,0,0,0,0
1997,TJK,EST,TJK,EST,10836.18,921843.136,5059146.752,5937.177,1399.535,3863,0,0,0,0,0,0,0,0,0
1998,TJK,EST,TJK,EST,9984.356,1320126.72,5608007.1680000005,6012.933,1386.156,3863,0,0,0,0,0,0,0,0,0
1999,TJK,EST,TJK,EST,4402.312,1086567.424,5715278.848,6094.661,1380.62,3863,0,0,0,1,0,0,0,0,0
2000,TJK,EST,TJK,EST,3127.192,860550.272,5685561.3440000005,6186.152,1396.985,3863,0,0,0,1,0,0,0,0,0
2001,TJK,EST,TJK,EST,4828.442,1080774.016,6233506.3040000005,6289.34,1388.115,3863,0,0,0,1,0,0,0,0,0
2002,TJK,EST,TJK,EST,10432.322,1221113.856,7308609.024,6404.118,1379.35,3863,0,0,0,1,0,0,0,0,0
2003,TJK,EST,TJK,EST,16212.32,1554125.568,9822143.488,6529.609,1370.72,3863,0,0,0,1,0,0,0,0,0
2004,TJK,EST,TJK,EST,22560.345,2076148.736,12057639.936,6663.929,1362.55,3863,0,0,0,1,0,0,0,0,0
2005,TJK,EST,TJK,EST,6503.973,2312319.488,14003096.576,6805.655,1354.775,3863,0,0,0,1,0,0,0,0,0
2006,TJK,EST,TJK,EST,15433.455,2830236.16,16958045.184,6954.522,1346.81,3863,0,0,0,1,0,0,0,0,0
2007,TJK,EST,TJK,EST,12311.337,3719497.472,22228670.464,7111.0250000000005,1340.68,3863,0,0,0,1,0,0,0,0,0
2008,TJK,EST,TJK,EST,25752.085,5161336.32,24185794.56,7275.252,1337.09,3863,0,0,0,1,0,0,0,0,0
2009,TJK,EST,TJK,EST,1904.834,4979482.112,19640621.056,7447.396,1334.515,3863,0,0,0,1,0,0,0,0,0
2010,TJK,EST,TJK,EST,4.571,5642178.5600000005,19479013.376,7627.326,1331.475,3863,0,0,0,1,0,0,0,0,0
2011,TJK,EST,TJK,EST,5.234,6522732.032000001,22803433.472,7814.85,1327.439,3863,0,0,0,1,0,0,0,0,0
2012,TJK,EST,TJK,EST,1.822,7633049.600000001,22660753.408,8008.99,1325.016,3863,0,0,0,1,0,0,0,0,0
2015,TJK,EST,TJK,EST,70.158,7853450.24,22460471.296,8548.651,1315.407,3863,0,0,1,1,0,0,1,0,0
2016,TJK,EST,TJK,EST,586.457,6951656.96,23136741.376,8734.951000000001,1316.481,3863,0,0,1,1,0,0,1,0,0
2017,TJK,EST,TJK,EST,1.027,7536439.875,26924385.103,8880.27,1317.384,3863,0,0,1,1,0,0,1,0,0
2018,TJK,EST,TJK,EST,134.403,7765014.424000001,30489500.905,9100.847,1321.977,3863,0,0,1,1,0,0,1,0,0
2019,TJK,EST,TJK,EST,21.158,8300784.857,31045591.753,9321.023,1326.855,3863,0,0,1,1,0,0,1,0,0
2020,TJK,EST,TJK,EST,25.034,8133996.648,30650285.472,9537.642,1329.479,3863,0,0,1,1,0,0,1,0,0
1996,TJK,GEO,TJK,GEO,6.006,1043893.056,3094915.5840000003,5862.347,4616.1,2064,0,0,0,0,0,0,0,0,0
1997,TJK,GEO,TJK,GEO,3.387,921843.136,3510540.8000000003,5937.177,4531.6,2064,0,0,0,0,0,0,0,0,0
1998,TJK,GEO,TJK,GEO,13.4,1320126.72,3613500.16,6012.933,4487.3,2064,0,0,0,0,0,0,0,0,0
1999,TJK,GEO,TJK,GEO,2.206,1086567.424,2800024.32,6094.661,4452.5,2064,0,0,0,0,0,0,0,0,0
2000,TJK,GEO,TJK,GEO,147,860550.272,3057453.568,6186.152,4418.3,2064,0,0,0,1,0,0,0,0,0
2001,TJK,GEO,TJK,GEO,121.509,1080774.016,3219487.744,6289.34,4386.4000000000005,2064,0,0,0,1,0,0,0,0,0
2002,TJK,GEO,TJK,GEO,2.135,1221113.856,3395778.56,6404.118,4357,2064,0,0,0,1,0,0,0,0,0
2003,TJK,GEO,TJK,GEO,26.897,1554125.568,3991374.592,6529.609,4328.9,2064,0,0,0,1,0,0,0,0,0
2004,TJK,GEO,TJK,GEO,72.226,2076148.736,5125274.112,6663.929,4318.3,2064,0,0,0,1,0,0,0,0,0
2005,TJK,GEO,TJK,GEO,41.746,2312319.488,6411147.264,6805.655,4361.4,2064,0,0,0,1,0,0,0,0,0
2006,TJK,GEO,TJK,GEO,90.738,2830236.16,7761900.032000001,6954.522,4398,2064,0,0,0,1,0,0,0,0,0
2007,TJK,GEO,TJK,GEO,30.524,3719497.472,10172260.352,7111.0250000000005,4388.4000000000005,2064,0,0,0,1,0,0,0,0,0
2008,TJK,GEO,TJK,GEO,297.536,5161336.32,12799337.472,7275.252,4383.8,2064,0,0,0,1,0,0,0,0,0
2009,TJK,GEO,TJK,GEO,214.745,4979482.112,10766836.736,7447.396,4410.9000000000005,2064,0,0,0,1,0,0,0,0,0
2010,TJK,GEO,TJK,GEO,48.888,5642178.5600000005,11638537.216,7627.326,4452.8,2064,0,0,0,1,0,0,0,0,0
2011,TJK,GEO,TJK,GEO,553.797,6522732.032000001,14434620.416,7814.85,4483.35,2064,0,0,0,1,0,0,0,0,0
2012,TJK,GEO,TJK,GEO,33.009,7633049.600000001,15846474.752,8008.99,4490.7,2064,0,0,0,1,0,0,0,0,0
2013,TJK,GEO,TJK,GEO,22.914,8508103.68,16140047.36,8207.834,4476.9000000000005,2064,0,0,1,1,0,0,1,0,0
2014,TJK,GEO,TJK,GEO,25.452,9236308.992,16509305.856,8362.745,3727,2064,0,0,1,1,0,0,1,0,0
2015,TJK,GEO,TJK,GEO,11.447,7853450.24,13993546.752,8548.651,3717.1,2064,0,0,1,1,0,0,1,0,0
2016,TJK,GEO,TJK,GEO,6.972,6951656.96,14332879.872,8734.951000000001,3719.3,2064,0,0,1,1,0,0,1,0,0
2017,TJK,GEO,TJK,GEO,163.8,7536439.875,16242916.916,8880.27,3728.004,2064,0,0,1,1,0,0,1,0,0
2018,TJK,GEO,TJK,GEO,446.349,7765014.424000001,17596922.47,9100.847,3726.549,2064,0,0,1,1,0,0,1,0,0
2019,TJK,GEO,TJK,GEO,4855.145,8300784.857,17470436.259,9321.023,3720.161,2064,0,0,1,1,0,0,1,0,0
2020,TJK,GEO,TJK,GEO,13265.896,8133996.648,15842922.533,9537.642,3722.716,2064,0,0,1,1,0,0,1,0,0
1995,TJK,KAZ,TJK,KAZ,12135.267,1231523.072,20374306.816,5784.33,15815.626,912,0,0,0,0,0,0,0,0,0
1996,TJK,KAZ,TJK,KAZ,17509.374,1043893.056,21035358.208,5862.347,15577.894,912,0,0,0,0,0,0,0,0,0
1997,TJK,KAZ,TJK,KAZ,6319.689,921843.136,22165932.032,5937.177,15333.703,912,0,0,0,0,0,0,0,0,0
1998,TJK,KAZ,TJK,KAZ,3581.582,1320126.72,22135244.8,6012.933,15071.3,912,0,0,0,0,0,0,0,0,0
1999,TJK,KAZ,TJK,KAZ,2959.185,1086567.424,16870816.768,6094.661,14928.426,912,0,0,0,0,0,0,0,0,0
2000,TJK,KAZ,TJK,KAZ,5654,860550.272,18291990.528,6186.152,14883.626,900,0,0,0,0,0,0,0,0,0
2001,TJK,KAZ,TJK,KAZ,2254.1,1080774.016,22152689.664,6289.34,14858.335,900,0,0,0,0,0,0,0,0,0
2002,TJK,KAZ,TJK,KAZ,2993.3,1221113.856,24636598.272,6404.118,14858.948,900,0,0,0,0,0,0,0,0,0
2003,TJK,KAZ,TJK,KAZ,7255.1,1554125.568,30833692.672,6529.609,14909.018,900,0,0,0,0,0,0,0,0,0
2004,TJK,KAZ,TJK,KAZ,3478.007,2076148.736,43151646.72,6663.929,15012.985,900,0,0,0,0,0,0,0,0,0
2005,TJK,KAZ,TJK,KAZ,16951.316,2312319.488,57123672.064,6805.655,15147.029,896,0,0,0,0,0,0,0,0,0
2006,TJK,KAZ,TJK,KAZ,27714.135,2830236.16,81003864.064,6954.522,15308.084,896,0,0,0,0,0,0,0,0,0
2007,TJK,KAZ,TJK,KAZ,25005.595,3719497.472,104849883.136,7111.0250000000005,15484.192,896,0,0,0,0,0,0,0,0,0
2008,TJK,KAZ,TJK,KAZ,8646.082,5161336.32,133441609.728,7275.252,15674,896,0,0,0,0,0,0,0,0,0
2009,TJK,KAZ,TJK,KAZ,14792.419,4979482.112,115308658.688,7447.396,16092.701,896,0,0,0,0,0,0,0,0,0
2010,TJK,KAZ,TJK,KAZ,16615.142,5642178.5600000005,148047347.712,7627.326,16321.581,890,0,0,0,0,0,0,0,0,0
2011,TJK,KAZ,TJK,KAZ,47809.701,6522732.032000001,188048965.632,7814.85,16556.601,890,0,0,0,0,0,0,0,0,0
2012,TJK,KAZ,TJK,KAZ,68240.5,7633049.600000001,203517198.336,8008.99,16791.426,890,0,0,0,0,0,0,0,0,0
2013,TJK,KAZ,TJK,KAZ,72636.929,8508103.68,231876280.32,8207.834,17037.508,890,0,0,1,0,0,0,0,0,0
2014,TJK,KAZ,TJK,KAZ,180945.262,9236308.992,221415571.456,8362.745,17289.225,890,0,0,1,0,0,0,0,0,0
2015,TJK,KAZ,TJK,KAZ,164877.40600000002,7853450.24,184388435.968,8548.651,17544.127,873,0,0,1,1,0,0,1,0,0
2016,TJK,KAZ,TJK,KAZ,218423.666,6951656.96,133657083.904,8734.951000000001,17797.031,873,0,0,1,1,0,0,1,0,0
2017,TJK,KAZ,TJK,KAZ,324289.465,7536439.875,166805800.59600002,8880.27,18037.777,873,0,0,1,1,0,0,1,0,0
2018,TJK,KAZ,TJK,KAZ,317925.378,7765014.424000001,179339994.859,9100.847,18276.451,873,0,0,1,1,0,0,1,0,0
2019,TJK,KAZ,TJK,KAZ,218378.957,8300784.857,181667190.076,9321.023,18513.674,873,0,0,1,1,0,0,1,0,0
2020,TJK,KAZ,TJK,KAZ,152213.624,8133996.648,171082379.533,9537.642,18755.667,858,0,0,1,1,0,0,1,0,0
1995,TJK,KGZ,TJK,KGZ,4821.269,1231523.072,1661018.496,5784.33,4560.4000000000005,687,0,1,0,0,0,0,0,0,0
1996,TJK,KGZ,TJK,KGZ,6300.47,1043893.056,1827570.56,5862.347,4628.4000000000005,687,0,1,0,0,0,0,0,0,0
1998,TJK,KGZ,TJK,KGZ,6374.5830000000005,1320126.72,1645963.776,6012.933,4769,687,0,1,0,1,0,0,0,0,0
1999,TJK,KGZ,TJK,KGZ,4038.701,1086567.424,1249062.016,6094.661,4840.4000000000005,687,0,1,0,1,0,0,0,0,0
2000,TJK,KGZ,TJK,KGZ,2662,860550.272,1369691.904,6186.152,4898.4000000000005,687,0,1,0,1,0,0,0,0,0
2001,TJK,KGZ,TJK,KGZ,1501.55,1080774.016,1525113.472,6289.34,4945.1,687,0,1,0,1,0,0,0,0,0
2002,TJK,KGZ,TJK,KGZ,3483.233,1221113.856,1605640.576,6404.118,4990.7,687,0,1,0,1,0,0,0,0,0
2003,TJK,KGZ,TJK,KGZ,3068.725,1554125.568,1919012.736,6529.609,5043.3,687,0,1,0,1,0,0,0,0,0
2004,TJK,KGZ,TJK,KGZ,2371.214,2076148.736,2211535.36,6663.929,5104.7,687,0,1,0,1,0,0,0,0,0
2005,TJK,KGZ,TJK,KGZ,2001.053,2312319.488,2459876.096,6805.655,5162.6,687,0,1,0,1,0,0,0,0,0
2006,TJK,KGZ,TJK,KGZ,2810.526,2830236.16,2834168.832,6954.522,5218.4000000000005,687,0,1,0,1,0,0,0,0,0
2007,TJK,KGZ,TJK,KGZ,2311.395,3719497.472,3802566.144,7111.0250000000005,5268.4000000000005,687,0,1,0,1,0,0,0,0,0
2008,TJK,KGZ,TJK,KGZ,3483.585,5161336.32,5139957.76,7275.252,5318.7,687,0,1,0,1,0,0,0,0,0
2009,TJK,KGZ,TJK,KGZ,3841.855,4979482.112,4690062.336,7447.396,5383.3,687,0,1,0,1,0,0,0,0,0
2010,TJK,KGZ,TJK,KGZ,2691.156,5642178.5600000005,4794357.76,7627.326,5447.9000000000005,687,0,1,0,1,0,0,0,0,0
2011,TJK,KGZ,TJK,KGZ,1029.068,6522732.032000001,6197766.144,7814.85,5514.6,687,0,1,0,1,0,0,0,0,0
2012,TJK,KGZ,TJK,KGZ,3997.067,7633049.600000001,6605139.968,8008.99,5607.2,687,0,1,0,1,0,0,0,0,0
2013,TJK,KGZ,TJK,KGZ,3460.384,8508103.68,7226303.488,8207.834,5719.5,687,0,1,1,1,0,0,1,0,0
2014,TJK,KGZ,TJK,KGZ,6186.338,9236308.992,7468096.512,8362.745,5835.5,687,0,1,1,1,0,0,1,0,0
2015,TJK,KGZ,TJK,KGZ,8134.504,7853450.24,6678178.3040000005,8548.651,5956.9000000000005,687,0,1,1,1,0,0,1,0,0
2016,TJK,KGZ,TJK,KGZ,8966.148000000001,6951656.96,6551287.808,8734.951000000001,6082.7,687,0,1,1,1,0,0,1,0,0
2017,TJK,KGZ,TJK,KGZ,14446.22,7536439.875,7702934.8,8880.27,6198.2,687,0,1,1,1,0,0,1,0,0
2018,TJK,KGZ,TJK,KGZ,14320.865,7765014.424000001,8271108.638,9100.847,6322.8,687,0,1,1,1,0,0,1,0,0
2019,TJK,KGZ,TJK,KGZ,11259.613,8300784.857,8871026.074000001,9321.023,6456.2,687,0,1,1,1,0,0,1,0,0
2020,TJK,KGZ,TJK,KGZ,9812.332,8133996.648,7780874.537,9537.642,6579.9000000000005,687,0,1,1,1,0,0,1,0,0
1992,TJK,LTU,TJK,LTU,689.681,1909246.592,8562311.168,5523.207,3700.114,3704,0,0,0,0,0,0,0,0,0
1994,TJK,LTU,TJK,LTU,7387.411,1346074.496,6958637.056,5702.611,3657.144,3704,0,0,0,0,0,0,0,0,0
1995,TJK,LTU,TJK,LTU,10129.295,1231523.072,7904896,5784.33,3629.102,3704,0,0,0,0,0,0,0,0,0
1996,TJK,LTU,TJK,LTU,7302.998,1043893.056,8426599.936,5862.347,3601.6130000000003,3704,0,0,0,0,0,0,0,0,0
1997,TJK,LTU,TJK,LTU,879.898,921843.136,10128700.416,5937.177,3575.137,3704,0,0,0,0,0,0,0,0,0
1998,TJK,LTU,TJK,LTU,11.009,1320126.72,11254049.792,6012.933,3549.331,3704,0,0,0,0,0,0,0,0,0
2000,TJK,LTU,TJK,LTU,617.914,860550.272,11434200.064,6186.152,3499.536,3704,0,0,0,0,0,0,0,0,0
2001,TJK,LTU,TJK,LTU,1736.186,1080774.016,12159224.832,6289.34,3470.818,3704,0,0,0,1,0,0,0,0,0
2002,TJK,LTU,TJK,LTU,740.71,1221113.856,14163949.568,6404.118,3443.067,3704,0,0,0,1,0,0,0,0,0
2003,TJK,LTU,TJK,LTU,1826.073,1554125.568,18608709.632,6529.609,3415.213,3704,0,0,0,1,0,0,0,0,0
2004,TJK,LTU,TJK,LTU,2455.827,2076148.736,22659295.232,6663.929,3377.0750000000003,3704,0,0,0,1,0,0,0,0,0
2005,TJK,LTU,TJK,LTU,1285.443,2312319.488,26085306.368,6805.655,3322.528,3704,0,0,0,1,0,0,0,0,0
2006,TJK,LTU,TJK,LTU,1039.906,2830236.16,30246361.088,6954.522,3269.909,3704,0,0,0,1,0,0,0,0,0
2007,TJK,LTU,TJK,LTU,449.761,3719497.472,39325986.816,7111.0250000000005,3231.294,3704,0,0,0,1,0,0,0,0,0
2008,TJK,LTU,TJK,LTU,65.584,5161336.32,47438364.672,7275.252,3198.231,3704,0,0,0,1,0,0,0,0,0
2010,TJK,LTU,TJK,LTU,314.788,5642178.5600000005,36709511.168,7627.326,3097.282,3704,0,0,0,1,0,0,0,0,0
2011,TJK,LTU,TJK,LTU,21.862,6522732.032000001,43083067.392,7814.85,3028.115,3704,0,0,0,1,0,0,0,0,0
2012,TJK,LTU,TJK,LTU,235.461,7633049.600000001,42343559.168,8008.99,2987.773,3704,0,0,0,1,0,0,0,0,0
2013,TJK,LTU,TJK,LTU,1875.958,8508103.68,45931966.464,8207.834,2956.121,3704,0,0,1,1,0,0,1,0,0
2014,TJK,LTU,TJK,LTU,528.29,9236308.992,48545251.328,8362.745,2932.367,3704,0,0,1,1,0,0,1,0,0
2015,TJK,LTU,TJK,LTU,211.826,7853450.24,41402023.936,8548.651,2904.91,3704,0,0,1,1,0,0,1,0,0
2016,TJK,LTU,TJK,LTU,7479.113,6951656.96,42738876.416,8734.951000000001,2872.298,3704,0,0,1,1,0,0,1,0,0
2017,TJK,LTU,TJK,LTU,1845.26,7536439.875,47758736.932,8880.27,2828.403,3704,0,0,1,1,0,0,1,0,0
2018,TJK,LTU,TJK,LTU,73.01,7765014.424000001,53750911.866,9100.847,2801.543,3704,0,0,1,1,0,0,1,0,0
2019,TJK,LTU,TJK,LTU,292.683,8300784.857,54697379.017000005,9321.023,2794.137,3704,0,0,1,1,0,0,1,0,0
2020,TJK,LTU,TJK,LTU,31.581,8133996.648,56546957.475,9537.642,2794.885,3704,0,0,1,1,0,0,1,0,0
1994,TJK,LVA,TJK,LVA,841.248,1346074.496,5060854.784,5702.611,2520.742,3828,0,0,0,0,0,0,0,0,0
1995,TJK,LVA,TJK,LVA,869.201,1231523.072,5235719.68,5784.33,2485.056,3828,0,0,0,0,0,0,0,0,0
1996,TJK,LVA,TJK,LVA,362.652,1043893.056,5585292.8,5862.347,2457.222,3828,0,0,0,0,0,0,0,0,0
1997,TJK,LVA,TJK,LVA,672.54,921843.136,6133234.176,5937.177,2432.851,3828,0,0,0,0,0,0,0,0,0
1998,TJK,LVA,TJK,LVA,583.397,1320126.72,6616957.44,6012.933,2410.019,3828,0,0,0,0,0,0,0,0,0
1999,TJK,LVA,TJK,LVA,553.427,1086567.424,7288524.288,6094.661,2390.482,3828,0,0,0,1,0,0,0,0,0
2000,TJK,LVA,TJK,LVA,14281,860550.272,7833068.544,6186.152,2367.55,3828,0,0,0,1,0,0,0,0,0
2001,TJK,LVA,TJK,LVA,589.3530000000001,1080774.016,8313047.552,6289.34,2337.17,3828,0,0,0,1,0,0,0,0,0
2002,TJK,LVA,TJK,LVA,362.035,1221113.856,9314784.256,6404.118,2310.173,3828,0,0,0,1,0,0,0,0,0
2003,TJK,LVA,TJK,LVA,503.967,1554125.568,11186452.48,6529.609,2287.955,3828,0,0,0,1,0,0,0,0,0
2004,TJK,LVA,TJK,LVA,1540.149,2076148.736,13761569.792,6663.929,2263.122,3828,0,0,0,1,0,0,0,0,0
2005,TJK,LVA,TJK,LVA,768.4010000000001,2312319.488,16041840.64,6805.655,2238.799,3828,0,0,0,1,0,0,0,0,0
2006,TJK,LVA,TJK,LVA,369.761,2830236.16,19935045.632,6954.522,2218.357,3828,0,0,0,1,0,0,0,0,0
2007,TJK,LVA,TJK,LVA,906.871,3719497.472,28765687.808,7111.0250000000005,2200.3250000000003,3828,0,0,0,1,0,0,0,0,0
2008,TJK,LVA,TJK,LVA,276.855,5161336.32,33669367.808,7275.252,2177.322,3828,0,0,0,1,0,0,0,0,0
2009,TJK,LVA,TJK,LVA,93.313,4979482.112,25875781.632,7447.396,2141.669,3828,0,0,0,1,0,0,0,0,0
2010,TJK,LVA,TJK,LVA,9.659,5642178.5600000005,24009680.896,7627.326,2097.555,3828,0,0,0,1,0,0,0,0,0
2011,TJK,LVA,TJK,LVA,24.571,6522732.032000001,28480337.92,7814.85,2059.709,3828,0,0,0,1,0,0,0,0,0
2014,TJK,LVA,TJK,LVA,4.418,9236308.992,31352250.368,8362.745,1993.782,3828,0,0,1,1,0,0,1,0,0
2015,TJK,LVA,TJK,LVA,7.096,7853450.24,27026036.736,8548.651,1977.527,3828,0,0,1,1,0,0,1,0,0
2016,TJK,LVA,TJK,LVA,5121.7390000000005,6951656.96,27677390.848,8734.951000000001,1960.424,3828,0,0,1,1,0,0,1,0,0
2017,TJK,LVA,TJK,LVA,2468.15,7536439.875,30483806.018,8880.27,1942.248,3828,0,0,1,1,0,0,1,0,0
2018,TJK,LVA,TJK,LVA,8879.251,7765014.424000001,34429023.435,9100.847,1927.174,3828,0,0,1,1,0,0,1,0,0
2019,TJK,LVA,TJK,LVA,12758.249,8300784.857,34308783.825,9321.023,1913.822,3828,0,0,1,1,0,0,1,0,0
2020,TJK,LVA,TJK,LVA,10094.117,8133996.648,33645460.617,9537.642,1900.449,3828,0,0,1,1,0,0,1,0,0
1994,TJK,MDA,TJK,MDA,87.199,1346074.496,1702314.368,5702.611,3694,3360,0,0,0,0,0,0,0,0,0
1995,TJK,MDA,TJK,MDA,31.733,1231523.072,1752995.328,5784.33,3675.099,3360,0,0,0,0,0,0,0,0,0
1996,TJK,MDA,TJK,MDA,137.519,1043893.056,1695130.496,5862.347,3667.748,3360,0,0,0,0,0,0,0,0,0
1997,TJK,MDA,TJK,MDA,85.10000000000001,921843.136,1930071.424,5937.177,3654.208,3360,0,0,0,0,0,0,0,0,0
1999,TJK,MDA,TJK,MDA,83.055,1086567.424,1170785.024,6094.661,3647.001,3360,0,0,0,0,0,0,0,0,0
2001,TJK,MDA,TJK,MDA,1.87,1080774.016,1480656.896,6289.34,3631.462,3360,0,0,0,1,0,0,0,0,0
2003,TJK,MDA,TJK,MDA,13.966,1554125.568,1980901.504,6529.609,3612.874,3360,0,0,0,1,0,0,0,0,0
2004,TJK,MDA,TJK,MDA,14.013,2076148.736,2598231.552,6663.929,3603.945,3360,0,0,0,1,0,0,0,0,0
2005,TJK,MDA,TJK,MDA,81.141,2312319.488,2988172.544,6805.655,3595.187,3360,0,0,0,1,0,0,0,0,0
2006,TJK,MDA,TJK,MDA,125.671,2830236.16,3408454.144,6954.522,3585.2090000000003,3360,0,0,0,1,0,0,0,0,0
2007,TJK,MDA,TJK,MDA,117.46,3719497.472,4402496,7111.0250000000005,3576.91,3360,0,0,0,1,0,0,0,0,0
2008,TJK,MDA,TJK,MDA,143.231,5161336.32,6054806.016,7275.252,3570.108,3360,0,0,0,1,0,0,0,0,0
2009,TJK,MDA,TJK,MDA,7.992,4979482.112,5439421.9520000005,7447.396,3565.6040000000003,3360,0,0,0,1,0,0,0,0,0
2010,TJK,MDA,TJK,MDA,37.234,5642178.5600000005,5811603.968,7627.326,3562.045,3360,0,0,0,1,0,0,0,0,0
2011,TJK,MDA,TJK,MDA,2.9410000000000003,6522732.032000001,7016162.816000001,7814.85,3559.986,3360,0,0,0,1,0,0,0,0,0
2012,TJK,MDA,TJK,MDA,5.105,7633049.600000001,7284686.336,8008.99,3559.519,3360,0,0,0,1,0,0,0,0,0
2013,TJK,MDA,TJK,MDA,6.698,8508103.68,7969618.944,8207.834,3559,3360,0,0,1,1,0,0,1,0,0
2014,TJK,MDA,TJK,MDA,11.033,9236308.992,7983270.912,8362.745,3556.397,3360,0,0,1,1,0,0,1,0,0
2015,TJK,MDA,TJK,MDA,93.637,7853450.24,6512899.584,8548.651,3554.108,3360,0,0,1,1,0,0,1,0,0
2016,TJK,MDA,TJK,MDA,261.004,6951656.96,6749515.776000001,8734.951000000001,3552,3360,0,0,1,1,0,0,1,0,0
2017,TJK,MDA,TJK,MDA,1566.049,7536439.875,9669741.744,8880.27,2755.158,3360,0,0,1,1,0,0,1,0,0
2018,TJK,MDA,TJK,MDA,927.5,7765014.424000001,11457443.185,9100.847,2708.214,3360,0,0,1,1,0,0,1,0,0
2019,TJK,MDA,TJK,MDA,174.595,8300784.857,11971345.003,9321.023,2664.974,3360,0,0,1,1,0,0,1,0,0
1996,TJK,RUS,TJK,RUS,87924.279,1043893.056,391721385.984,5862.347,148160.126,2607,0,0,0,0,0,0,0,0,0
1997,TJK,RUS,TJK,RUS,97144.43,921843.136,404926529.536,5937.177,147915.375,2607,0,0,0,0,0,0,0,0,0
1998,TJK,RUS,TJK,RUS,65003.347,1320126.72,270953119.744,6012.933,147670.776,2607,0,0,0,0,0,0,0,0,0
1999,TJK,RUS,TJK,RUS,111759.626,1086567.424,195905765.376,6094.661,147214.783,2607,0,0,0,0,0,0,0,0,0
2000,TJK,RUS,TJK,RUS,258770,860550.272,259708502.016,6186.152,146596.863,2610,0,0,0,0,0,0,0,0,0
2001,TJK,RUS,TJK,RUS,129492.451,1080774.016,306602672.128,6289.34,145976.471,2610,0,0,0,0,0,0,0,0,0
2002,TJK,RUS,TJK,RUS,65985.077,1221113.856,345110446.08,6404.118,145408.035,2610,0,0,0,0,0,0,0,0,0
2003,TJK,RUS,TJK,RUS,70003.625,1554125.568,430347780.096,6529.609,144667.465,2610,0,0,0,0,0,0,0,0,0
2004,TJK,RUS,TJK,RUS,75912.331,2076148.736,591016689.664,6663.929,143821.213,2610,0,0,0,0,0,0,0,0,0
2005,TJK,RUS,TJK,RUS,94999.879,2312319.488,764000927.744,6805.655,143113.892,2613,0,0,0,0,0,0,0,0,0
2006,TJK,RUS,TJK,RUS,126034.712,2830236.16,989930520.576,6954.522,142487.259,2613,0,0,0,0,0,0,0,0,0
2007,TJK,RUS,TJK,RUS,162574.113,3719497.472,1299705233.408,7111.0250000000005,142114.899,2613,0,0,0,0,0,0,0,0,0
2008,TJK,RUS,TJK,RUS,210452.167,5161336.32,1660844376.064,7275.252,141956.40600000002,2613,0,0,0,0,0,0,0,0,0
2009,TJK,RUS,TJK,RUS,214155.888,4979482.112,1222643679.232,7447.396,141909.241,2613,0,0,0,0,0,0,0,0,0
2010,TJK,RUS,TJK,RUS,213696.997,5642178.5600000005,1524916158.464,7627.326,142385.529,2616,0,0,0,0,0,0,0,0,0
2011,TJK,RUS,TJK,RUS,88563.85,6522732.032000001,1904792961.024,7814.85,142956.467,2616,0,0,0,0,0,0,0,0,0
2012,TJK,RUS,TJK,RUS,67700.332,7633049.600000001,2017470971.904,8008.99,143177.994,2616,0,0,0,1,0,0,0,0,0
2013,TJK,RUS,TJK,RUS,37883.057,8508103.68,2096777003.008,8207.834,143499.863,2616,0,0,1,1,0,0,1,0,0
2014,TJK,RUS,TJK,RUS,37271.025,9236308.992,2063662317.568,8362.745,143819.672,2616,0,0,1,1,0,0,1,0,0
2015,TJK,RUS,TJK,RUS,45786.462,7853450.24,1365865267.2,8548.651,144096.863,2620,0,0,1,1,0,0,1,0,0
2016,TJK,RUS,TJK,RUS,50602.769,6951656.96,1283162374.144,8734.951000000001,144342.392,2620,0,0,1,1,0,0,1,0,0
2017,TJK,RUS,TJK,RUS,32066.266,7536439.875,1574199387.071,8880.27,144496.73500000002,2620,0,0,1,1,0,0,1,0,0
2018,TJK,RUS,TJK,RUS,55233.052,7765014.424000001,1657329646.184,9100.847,144477.859,2620,0,0,1,1,0,0,1,0,0
2019,TJK,RUS,TJK,RUS,44304.513,8300784.857,1693113904.263,9321.023,144406.265,2620,0,0,1,1,0,0,1,0,0
2020,TJK,RUS,TJK,RUS,42558.878,8133996.648,1488321875.49,9537.642,144073.135,2623,0,0,1,1,0,0,1,0,0
1997,TJK,TKM,TJK,TKM,8759.868,921843.136,2450084.864,5937.177,4335.991,912,0,0,0,0,0,0,0,0,0
1998,TJK,TKM,TJK,TKM,7065.198,1320126.72,2605688.064,6012.933,4395.293,912,0,0,0,0,0,0,0,0,0
1999,TJK,TKM,TJK,TKM,3013.407,1086567.424,2450686.72,6094.661,4449.427,912,0,0,0,0,0,0,0,0,0
2000,TJK,TKM,TJK,TKM,6680.936,860550.272,2904662.528,6186.152,4501.419,912,0,0,0,0,0,0,0,0,0
2016,TJK,TKM,TJK,TKM,1422.953,6951656.96,36179886.08,8734.951000000001,5662.544,912,0,0,1,0,0,0,0,0,0
2017,TJK,TKM,TJK,TKM,1508.373,7536439.875,37926285.714,8880.27,5757.667,912,0,0,1,0,0,0,0,0,0
2018,TJK,TKM,TJK,TKM,589.082,7765014.424000001,40765428.571,9100.847,5850.902,912,0,0,1,0,0,0,0,0,0
2019,TJK,TKM,TJK,TKM,260.041,8300784.857,45231428.571,9321.023,5942.094,912,0,0,1,0,0,0,0,0,0
1996,TJK,UKR,TJK,UKR,8423.914,1043893.056,44558077.952,5862.347,51057.19,3017,0,0,0,0,0,0,0,0,0
1997,TJK,UKR,TJK,UKR,2476.282,921843.136,50150400,5937.177,50594.105,3017,0,0,0,0,0,0,0,0,0
1998,TJK,UKR,TJK,UKR,1384.44,1320126.72,41883242.496,6012.933,50143.94,3017,0,0,0,0,0,0,0,0,0
1999,TJK,UKR,TJK,UKR,422.177,1086567.424,31580639.232,6094.661,49673.351,3017,0,0,0,0,0,0,0,0,0
2000,TJK,UKR,TJK,UKR,1888,860550.272,31261528.064,6186.152,49175.846,3019,0,0,0,0,0,0,0,0,0
2001,TJK,UKR,TJK,UKR,1556.39,1080774.016,38009344,6289.34,48683.865,3019,0,0,0,0,0,0,0,0,0
2002,TJK,UKR,TJK,UKR,2880.21,1221113.856,42392895.488,6404.118,48202.499,3019,0,0,0,0,0,0,0,0,0
2003,TJK,UKR,TJK,UKR,3966.28,1554125.568,50132955.136,6529.609,47812.95,3019,0,0,0,0,0,0,0,0,0
2004,TJK,UKR,TJK,UKR,8492.1,2076148.736,64883060.736,6663.929,47451.599,3019,0,0,0,0,0,0,0,0,0
2005,TJK,UKR,TJK,UKR,5316.292,2312319.488,86142017.536,6805.655,47105.148,3023,0,0,0,0,0,0,0,0,0
2006,TJK,UKR,TJK,UKR,4258.147,2830236.16,107753070.592,6954.522,46787.75,3023,0,0,0,0,0,0,0,0,0
2007,TJK,UKR,TJK,UKR,4353.714,3719497.472,142719008.768,7111.0250000000005,46509.35,3023,0,0,0,0,0,0,0,0,0
2008,TJK,UKR,TJK,UKR,5354.857,5161336.32,179992412.16,7275.252,46258.202,3023,0,0,0,1,0,0,0,0,0
2009,TJK,UKR,TJK,UKR,3972.978,4979482.112,117227765.76,7447.396,46053.299,3023,0,0,0,1,0,0,0,0,0
2010,TJK,UKR,TJK,UKR,3491.059,5642178.5600000005,136419303.424,7627.326,45870.701,3028,0,0,0,1,0,0,0,0,0
2011,TJK,UKR,TJK,UKR,13025.419,6522732.032000001,163421732.864,7814.85,45706.1,3028,0,0,0,1,0,0,0,0,0
2012,TJK,UKR,TJK,UKR,7199.854,7633049.600000001,176603430.912,8008.99,45593.3,3028,0,0,0,1,0,0,0,0,0
2013,TJK,UKR,TJK,UKR,5172.264,8508103.68,177430609.92000002,8207.834,45489.601,3028,0,0,1,1,0,0,1,0,0
2014,TJK,UKR,TJK,UKR,3233.245,9236308.992,133503410.176,8362.745,45271.946,3028,0,0,1,1,0,0,1,0,0
2015,TJK,UKR,TJK,UKR,2771.706,7853450.24,91030962.176,8548.651,45154.03,3033,0,0,1,1,0,0,1,0,0
2016,TJK,UKR,TJK,UKR,1245.846,6951656.96,93270482.944,8734.951000000001,45004.646,3033,0,0,1,1,0,0,1,0,0
2017,TJK,UKR,TJK,UKR,676.313,7536439.875,112090530.369,8880.27,44831.135,3033,0,0,1,1,0,0,1,0,0
2018,TJK,UKR,TJK,UKR,654.462,7765014.424000001,130891049.797,9100.847,44622.517,3033,0,0,1,1,0,0,1,0,0
2019,TJK,UKR,TJK,UKR,1323.69,8300784.857,153882982.016,9321.023,44386.204,3033,0,0,1,1,0,0,1,0,0
2020,TJK,UKR,TJK,UKR,870,8133996.648,156617861.449,9537.642,44132.05,3037,0,0,1,1,0,0,1,0,0
2000,TJK,UZB,TJK,UZB,97764,860550.272,13760374.784,6186.152,24650.4,314,0,1,0,0,0,0,0,0,0
2016,TJK,UZB,TJK,UZB,35640.023,6951656.96,67220336.64,8734.951000000001,31848.2,313,0,1,1,0,0,0,0,0,0
2017,TJK,UZB,TJK,UZB,57080.763,7536439.875,62081323.299,8880.27,32388.599,313,0,1,1,0,0,0,0,0,0
2018,TJK,UZB,TJK,UZB,155268.72,7765014.424000001,52633143.808,9100.847,32956.1,313,0,1,1,0,0,0,0,0,0
2019,TJK,UZB,TJK,UZB,171975.085,8300784.857,59907674.027,9321.023,33580.349,313,0,1,1,0,0,0,0,0,0
2020,TJK,UZB,TJK,UZB,95683.916,8133996.648,59894305.353,9537.642,34232.052,313,0,1,1,0,0,0,0,0,0
1997,TKM,ARM,TKM,ARM,27008.885,2450084.864,1639492.48,4335.991,3137.652,1224,0,0,0,0,0,0,0,0,0
1998,TKM,ARM,TKM,ARM,636.523,2605688.064,1893726.464,4395.293,3112.958,1224,0,0,0,0,0,0,0,0,0
1999,TKM,ARM,TKM,ARM,1262.071,2450686.72,1845482.24,4449.427,3093.82,1224,0,0,0,0,0,0,0,0,0
2000,TKM,ARM,TKM,ARM,1504.792,2904662.528,1911563.648,4501.419,3076.098,1224,0,0,0,0,0,0,0,0,0
2001,TKM,ARM,TKM,ARM,754.919,3534771.968,2118467.968,4551.762,3059.96,1224,0,0,0,0,0,0,0,0,0
2002,TKM,ARM,TKM,ARM,24959.791,4462028.8,2376335.104,4600.171,3047.002,1224,0,0,0,0,0,0,0,0,0
2003,TKM,ARM,TKM,ARM,48.375,5977440.768,2807060.992,4648.037,3036.032,1224,0,0,0,1,0,0,0,0,0
2004,TKM,ARM,TKM,ARM,102.747,6838350.848,3576615.168,4696.876,3025.652,1224,0,0,0,1,0,0,0,0,0
2005,TKM,ARM,TKM,ARM,1134.181,8104355.84,4900436.992000001,4747.839,3014.917,1224,0,0,0,1,0,0,0,0,0
2006,TKM,ARM,TKM,ARM,169031.408,10277598.208,6384457.728,4801.595,3002.911,1224,0,0,0,1,0,0,0,0,0
2007,TKM,ARM,TKM,ARM,9530.422,12664165.376,9206301.696,4858.236,2989.882,1224,0,0,0,1,0,0,0,0,0
2008,TKM,ARM,TKM,ARM,36499.666,19271522.304,11662041.088,4917.543,2977.4880000000003,1224,0,0,0,1,0,0,0,0,0
2009,TKM,ARM,TKM,ARM,14322.722,20214386.688,8647937.024,4978.962,2968.154,1224,0,0,0,1,0,0,0,0,0
2010,TKM,ARM,TKM,ARM,25734.473,22148069.376,9260286.976,5041.995,2963.496,1224,0,0,0,1,0,0,0,0,0
2011,TKM,ARM,TKM,ARM,25460.791,29233334.272,10142343.168,5106.668,2964.12,1224,0,0,0,1,0,0,0,0,0
2012,TKM,ARM,TKM,ARM,14166.11,35164209.152,9958217.728,5172.9310000000005,2969.081,1224,0,0,0,1,0,0,0,0,0
2013,TKM,ARM,TKM,ARM,2665.442,41850875.904,10432169.984,5240.072,2976.5660000000003,1224,0,0,0,1,0,0,0,0,0
2014,TKM,ARM,TKM,ARM,1192.176,43524210.688,11609512.96,5466.241,2906.2200000000003,1224,0,0,0,1,0,0,0,0,0
2015,TKM,ARM,TKM,ARM,499.329,35799629.824,10529182.72,5565.284000000001,2916.9500000000003,1224,0,0,0,1,0,0,0,0,0
2016,TKM,ARM,TKM,ARM,4672.108,36179886.08,10547331.072,5662.544,2924.8160000000003,1224,0,0,0,1,0,0,0,0,0
2017,TKM,ARM,TKM,ARM,10217.346,37926285.714,11527458.566,5757.667,2944.789,1224,0,0,0,1,0,0,0,0,0
2018,TKM,ARM,TKM,ARM,27458.301,40765428.571,12457941.907,5850.902,2951.741,1224,0,0,0,1,0,0,0,0,0
2019,TKM,ARM,TKM,ARM,2666.363,45231428.571,13619291.361,5942.094,2957.728,1224,0,0,0,1,0,0,0,0,0
1996,TKM,AZE,TKM,AZE,14686.862,2379281.664,3176749.568,4267.6900000000005,7763,812,0,1,0,0,0,0,0,0,0
1997,TKM,AZE,TKM,AZE,29192.977,2450084.864,3962710.272,4335.991,7838.25,812,0,1,0,0,0,0,0,0,0
1998,TKM,AZE,TKM,AZE,42583.596,2605688.064,4446396.416,4395.293,7913,812,0,1,0,0,0,0,0,0,0
1999,TKM,AZE,TKM,AZE,48241.414,2450686.72,4581222.4,4449.427,7982.75,812,0,1,0,0,0,0,0,0,0
2000,TKM,AZE,TKM,AZE,37063.657,2904662.528,5272616.96,4501.419,8048.6,813,0,1,0,0,0,0,0,0,0
2001,TKM,AZE,TKM,AZE,135172.461,3534771.968,5707618.3040000005,4551.762,8111.2,813,0,1,0,0,0,0,0,0,0
2002,TKM,AZE,TKM,AZE,119778.447,4462028.8,6236024.832,4600.171,8171.95,813,0,1,0,0,0,0,0,0,0
2003,TKM,AZE,TKM,AZE,188359.193,5977440.768,7275766.272,4648.037,8234.1,813,0,1,0,0,0,0,0,0,0
2004,TKM,AZE,TKM,AZE,114443.767,6838350.848,8680511.488,4696.876,8306.5,813,0,1,0,0,0,0,0,0,0
2005,TKM,AZE,TKM,AZE,242945.289,8104355.84,13245421.568,4747.839,8391.85,812,0,1,0,0,0,0,0,0,0
2006,TKM,AZE,TKM,AZE,369007.204,10277598.208,20982269.952,4801.595,8484.55,812,0,1,0,0,0,0,0,0,0
2007,TKM,AZE,TKM,AZE,40293.956,12664165.376,33050343.424,4858.236,8581.3,812,0,1,0,0,0,0,0,0,0
2008,TKM,AZE,TKM,AZE,51559.028,19271522.304,48852484.096,4917.543,8763.4,812,0,1,0,0,0,0,0,0,0
2009,TKM,AZE,TKM,AZE,26172.269,20214386.688,44291489.792,4978.962,8947.243,812,0,1,0,0,0,0,0,0,0
2010,TKM,AZE,TKM,AZE,13918.357,22148069.376,52902703.104,5041.995,9054.332,811,0,1,0,0,0,0,0,0,0
2011,TKM,AZE,TKM,AZE,12913.614,29233334.272,65951625.216,5106.668,9173.082,811,0,1,0,0,0,0,0,0,0
2012,TKM,AZE,TKM,AZE,32714.238,35164209.152,68730904.576,5172.9310000000005,9295.784,811,0,1,0,0,0,0,0,0,0
2013,TKM,AZE,TKM,AZE,48300.311,41850875.904,73560481.792,5240.072,9416.598,811,0,1,0,0,0,0,0,0,0
2014,TKM,AZE,TKM,AZE,13198.394,43524210.688,75244167.168,5466.241,9535.079,811,0,1,0,0,0,0,0,0,0
2015,TKM,AZE,TKM,AZE,19619.008,35799629.824,53074370.56,5565.284000000001,9649.341,810,0,1,0,0,0,0,0,0,0
2016,TKM,AZE,TKM,AZE,38384.35,36179886.08,37847715.84,5662.544,9762.274,810,0,1,0,0,0,0,0,0,0
2017,TKM,AZE,TKM,AZE,110024.09,37926285.714,40865558.912,5757.667,9854.033,810,0,1,0,0,0,0,0,0,0
2018,TKM,AZE,TKM,AZE,109352.336,40765428.571,47112941.176,5850.902,9939.771,810,0,1,0,0,0,0,0,0,0
2019,TKM,AZE,TKM,AZE,202585.609,45231428.571,48174235.294,5942.094,10024.283,810,0,1,0,0,0,0,0,0,0
1997,TKM,BLR,TKM,BLR,932.089,2450084.864,14128412.672,4335.991,10117,2899,0,0,0,0,0,0,0,0,0
1998,TKM,BLR,TKM,BLR,2117.396,2605688.064,15222014.976,4395.293,10069,2899,0,0,0,0,0,0,0,0,0
1999,TKM,BLR,TKM,BLR,1371.499,2450686.72,12138485.76,4449.427,10035,2899,0,0,0,0,0,0,0,0,0
2000,TKM,BLR,TKM,BLR,677.1,2904662.528,12736856.064,4501.419,10005,2902,0,0,0,0,0,0,0,0,0
2001,TKM,BLR,TKM,BLR,1431.1,3534771.968,12354820.096,4551.762,9928,2902,0,0,0,0,0,0,0,0,0
2002,TKM,BLR,TKM,BLR,433.8,4462028.8,14594925.568,4600.171,9865,2902,0,0,0,0,0,0,0,0,0
2003,TKM,BLR,TKM,BLR,40.7,5977440.768,17825435.648000002,4648.037,9797,2902,0,0,0,0,0,0,0,0,0
2004,TKM,BLR,TKM,BLR,435.9,6838350.848,23141586.944,4696.876,9730,2902,0,0,0,0,0,0,0,0,0
2005,TKM,BLR,TKM,BLR,1089.8,8104355.84,30210091.008,4747.839,9663,2903,0,0,0,0,0,0,0,0,0
2006,TKM,BLR,TKM,BLR,1043.8,10277598.208,36961918.976,4801.595,9604,2903,0,0,0,0,0,0,0,0,0
2007,TKM,BLR,TKM,BLR,909.2,12664165.376,45275713.536,4858.236,9560,2903,0,0,0,0,0,0,0,0,0
2008,TKM,BLR,TKM,BLR,1992.2,19271522.304,60763484.16,4917.543,9528,2903,0,0,0,0,0,0,0,0,0
2009,TKM,BLR,TKM,BLR,1849.1,20214386.688,49208655.872,4978.962,9507,2903,0,0,0,0,0,0,0,0,0
2010,TKM,BLR,TKM,BLR,3551.8,22148069.376,55220932.608,5041.995,9490,2905,0,0,0,0,0,0,0,0,0
2011,TKM,BLR,TKM,BLR,7965.8,29233334.272,59734593.536,5106.668,9473,2905,0,0,0,0,0,0,0,0,0
2012,TKM,BLR,TKM,BLR,6239.1,35164209.152,63615447.04,5172.9310000000005,9464,2905,0,0,0,0,0,0,0,0,0
2013,TKM,BLR,TKM,BLR,3381.5,41850875.904,71709515.77600001,5240.072,9466,2905,0,0,0,0,0,0,0,0,0
2014,TKM,BLR,TKM,BLR,5078.8,43524210.688,78813052.928,5466.241,9474.511,2905,0,0,0,0,0,0,0,0,0
2015,TKM,BLR,TKM,BLR,2002,35799629.824,56454774.784,5565.284000000001,9489.616,2905,0,0,0,0,0,0,0,0,0
2016,TKM,BLR,TKM,BLR,7745.8,36179886.08,47433441.28,5662.544,9507.12,2905,0,0,0,0,0,0,0,0,0
2017,TKM,BLR,TKM,BLR,3690.4,37926285.714,54726595.249,5757.667,9458.989,2905,0,0,0,0,0,0,0,0,0
2018,TKM,BLR,TKM,BLR,4607.1,40765428.571,60031262.269,5850.902,9438.785,2905,0,0,0,0,0,0,0,0,0
2019,TKM,BLR,TKM,BLR,6735.3,45231428.571,64409647.194,5942.094,9419.758,2905,0,0,0,0,0,0,0,0,0
1995,TKM,EST,TKM,EST,2735.332,2482228.48,4362191.36,4188.01,1436.634,3374,0,0,0,0,0,0,0,0,0
1996,TKM,EST,TKM,EST,4220.8730000000005,2379281.664,4739181.568,4267.6900000000005,1415.594,3374,0,0,0,0,0,0,0,0,0
1997,TKM,EST,TKM,EST,3308.321,2450084.864,5059146.752,4335.991,1399.535,3374,0,0,0,0,0,0,0,0,0
1998,TKM,EST,TKM,EST,2463.694,2605688.064,5608007.1680000005,4395.293,1386.156,3374,0,0,0,0,0,0,0,0,0
1999,TKM,EST,TKM,EST,5796.839,2450686.72,5715278.848,4449.427,1380.62,3374,0,0,0,1,0,0,0,0,0
2000,TKM,EST,TKM,EST,3459.617,2904662.528,5685561.3440000005,4501.419,1396.985,3374,0,0,0,1,0,0,0,0,0
2001,TKM,EST,TKM,EST,3120.879,3534771.968,6233506.3040000005,4551.762,1388.115,3374,0,0,0,1,0,0,0,0,0
2002,TKM,EST,TKM,EST,6130.661,4462028.8,7308609.024,4600.171,1379.35,3374,0,0,0,1,0,0,0,0,0
2003,TKM,EST,TKM,EST,143.106,5977440.768,9822143.488,4648.037,1370.72,3374,0,0,0,1,0,0,0,0,0
2004,TKM,EST,TKM,EST,1485.139,6838350.848,12057639.936,4696.876,1362.55,3374,0,0,0,1,0,0,0,0,0
2005,TKM,EST,TKM,EST,258.2,8104355.84,14003096.576,4747.839,1354.775,3374,0,0,0,1,0,0,0,0,0
2006,TKM,EST,TKM,EST,904.888,10277598.208,16958045.184,4801.595,1346.81,3374,0,0,0,1,0,0,0,0,0
2007,TKM,EST,TKM,EST,846.328,12664165.376,22228670.464,4858.236,1340.68,3374,0,0,0,1,0,0,0,0,0
2008,TKM,EST,TKM,EST,14577.908,19271522.304,24185794.56,4917.543,1337.09,3374,0,0,0,1,0,0,0,0,0
2009,TKM,EST,TKM,EST,21.793,20214386.688,19640621.056,4978.962,1334.515,3374,0,0,0,1,0,0,0,0,0
2010,TKM,EST,TKM,EST,30.843,22148069.376,19479013.376,5041.995,1331.475,3374,0,0,0,1,0,0,0,0,0
2011,TKM,EST,TKM,EST,95.078,29233334.272,22803433.472,5106.668,1327.439,3374,0,0,0,1,0,0,0,0,0
2012,TKM,EST,TKM,EST,15.215,35164209.152,22660753.408,5172.9310000000005,1325.016,3374,0,0,0,1,0,0,0,0,0
2013,TKM,EST,TKM,EST,31.802,41850875.904,24880265.216,5240.072,1324.612,3374,0,0,0,1,0,0,0,0,0
2014,TKM,EST,TKM,EST,36.81,43524210.688,26213941.248,5466.241,1314.545,3374,0,0,0,1,0,0,0,0,0
2015,TKM,EST,TKM,EST,21.801,35799629.824,22460471.296,5565.284000000001,1315.407,3374,0,0,0,1,0,0,0,0,0
2016,TKM,EST,TKM,EST,9.519,36179886.08,23136741.376,5662.544,1316.481,3374,0,0,0,1,0,0,0,0,0
2017,TKM,EST,TKM,EST,16.804000000000002,37926285.714,26924385.103,5757.667,1317.384,3374,0,0,0,1,0,0,0,0,0
2018,TKM,EST,TKM,EST,28.456,40765428.571,30489500.905,5850.902,1321.977,3374,0,0,0,1,0,0,0,0,0
2019,TKM,EST,TKM,EST,5.199,45231428.571,31045591.753,5942.094,1326.855,3374,0,0,0,1,0,0,0,0,0
1996,TKM,GEO,TKM,GEO,4075.417,2379281.664,3094915.5840000003,4267.6900000000005,4616.1,1231,0,0,0,0,0,0,0,0,0
1997,TKM,GEO,TKM,GEO,13502.777,2450084.864,3510540.8000000003,4335.991,4531.6,1231,0,0,0,0,0,0,0,0,0
1998,TKM,GEO,TKM,GEO,12382.017,2605688.064,3613500.16,4395.293,4487.3,1231,0,0,0,0,0,0,0,0,0
1999,TKM,GEO,TKM,GEO,35852.756,2450686.72,2800024.32,4449.427,4452.5,1231,0,0,0,0,0,0,0,0,0
2000,TKM,GEO,TKM,GEO,14809.25,2904662.528,3057453.568,4501.419,4418.3,1231,0,0,0,1,0,0,0,0,0
2001,TKM,GEO,TKM,GEO,17638.334,3534771.968,3219487.744,4551.762,4386.4000000000005,1231,0,0,0,1,0,0,0,0,0
2002,TKM,GEO,TKM,GEO,14483.32,4462028.8,3395778.56,4600.171,4357,1231,0,0,0,1,0,0,0,0,0
2003,TKM,GEO,TKM,GEO,9797.997,5977440.768,3991374.592,4648.037,4328.9,1231,0,0,0,1,0,0,0,0,0
2004,TKM,GEO,TKM,GEO,32674.871,6838350.848,5125274.112,4696.876,4318.3,1231,0,0,0,1,0,0,0,0,0
2005,TKM,GEO,TKM,GEO,95067.42,8104355.84,6411147.264,4747.839,4361.4,1231,0,0,0,1,0,0,0,0,0
2006,TKM,GEO,TKM,GEO,101061.545,10277598.208,7761900.032000001,4801.595,4398,1231,0,0,0,1,0,0,0,0,0
2007,TKM,GEO,TKM,GEO,149901.827,12664165.376,10172260.352,4858.236,4388.4000000000005,1231,0,0,0,1,0,0,0,0,0
2008,TKM,GEO,TKM,GEO,135008.897,19271522.304,12799337.472,4917.543,4383.8,1231,0,0,0,1,0,0,0,0,0
2009,TKM,GEO,TKM,GEO,73774.213,20214386.688,10766836.736,4978.962,4410.9000000000005,1231,0,0,0,1,0,0,0,0,0
2010,TKM,GEO,TKM,GEO,59200.236,22148069.376,11638537.216,5041.995,4452.8,1231,0,0,0,1,0,0,0,0,0
2011,TKM,GEO,TKM,GEO,55548.704,29233334.272,14434620.416,5106.668,4483.35,1231,0,0,0,1,0,0,0,0,0
2012,TKM,GEO,TKM,GEO,30663.251,35164209.152,15846474.752,5172.9310000000005,4490.7,1231,0,0,0,1,0,0,0,0,0
2013,TKM,GEO,TKM,GEO,47894.737,41850875.904,16140047.36,5240.072,4476.9000000000005,1231,0,0,0,1,0,0,0,0,0
2014,TKM,GEO,TKM,GEO,69339.11,43524210.688,16509305.856,5466.241,3727,1231,0,0,0,1,0,0,0,0,0
2015,TKM,GEO,TKM,GEO,111629.569,35799629.824,13993546.752,5565.284000000001,3717.1,1231,0,0,0,1,0,0,0,0,0
2016,TKM,GEO,TKM,GEO,75877.84,36179886.08,14332879.872,5662.544,3719.3,1231,0,0,0,1,0,0,0,0,0
2017,TKM,GEO,TKM,GEO,119627.619,37926285.714,16242916.916,5757.667,3728.004,1231,0,0,0,1,0,0,0,0,0
2018,TKM,GEO,TKM,GEO,174526.74,40765428.571,17596922.47,5850.902,3726.549,1231,0,0,0,1,0,0,0,0,0
2019,TKM,GEO,TKM,GEO,110878.209,45231428.571,17470436.259,5942.094,3720.161,1231,0,0,0,1,0,0,0,0,0
1995,TKM,KAZ,TKM,KAZ,241297.988,2482228.48,20374306.816,4188.01,15815.626,1618,0,1,0,0,0,0,0,0,0
1996,TKM,KAZ,TKM,KAZ,176214.89,2379281.664,21035358.208,4267.6900000000005,15577.894,1618,0,1,0,0,0,0,0,0,0
1997,TKM,KAZ,TKM,KAZ,46084.582,2450084.864,22165932.032,4335.991,15333.703,1618,0,1,0,0,0,0,0,0,0
1998,TKM,KAZ,TKM,KAZ,25657.074,2605688.064,22135244.8,4395.293,15071.3,1618,0,1,0,0,0,0,0,0,0
1999,TKM,KAZ,TKM,KAZ,17818.171000000002,2450686.72,16870816.768,4449.427,14928.426,1618,0,1,0,0,0,0,0,0,0
2000,TKM,KAZ,TKM,KAZ,43351.6,2904662.528,18291990.528,4501.419,14883.626,1606,0,1,0,0,0,0,0,0,0
2001,TKM,KAZ,TKM,KAZ,77488.40000000001,3534771.968,22152689.664,4551.762,14858.335,1606,0,1,0,0,0,0,0,0,0
2002,TKM,KAZ,TKM,KAZ,74571.3,4462028.8,24636598.272,4600.171,14858.948,1606,0,1,0,0,0,0,0,0,0
2003,TKM,KAZ,TKM,KAZ,49083.7,5977440.768,30833692.672,4648.037,14909.018,1606,0,1,0,0,0,0,0,0,0
2004,TKM,KAZ,TKM,KAZ,75557.779,6838350.848,43151646.72,4696.876,15012.985,1606,0,1,0,0,0,0,0,0,0
2005,TKM,KAZ,TKM,KAZ,50732.12,8104355.84,57123672.064,4747.839,15147.029,1595,0,1,0,0,0,0,0,0,0
2006,TKM,KAZ,TKM,KAZ,132610.469,10277598.208,81003864.064,4801.595,15308.084,1595,0,1,0,0,0,0,0,0,0
2007,TKM,KAZ,TKM,KAZ,142731.515,12664165.376,104849883.136,4858.236,15484.192,1595,0,1,0,0,0,0,0,0,0
2008,TKM,KAZ,TKM,KAZ,220321.865,19271522.304,133441609.728,4917.543,15674,1595,0,1,0,0,0,0,0,0,0
2009,TKM,KAZ,TKM,KAZ,61387.903,20214386.688,115308658.688,4978.962,16092.701,1595,0,1,0,0,0,0,0,0,0
2010,TKM,KAZ,TKM,KAZ,9546.724,22148069.376,148047347.712,5041.995,16321.581,1587,0,1,0,0,0,0,0,0,0
2011,TKM,KAZ,TKM,KAZ,66670.03,29233334.272,188048965.632,5106.668,16556.601,1587,0,1,0,0,0,0,0,0,0
2012,TKM,KAZ,TKM,KAZ,178981.7,35164209.152,203517198.336,5172.9310000000005,16791.426,1587,0,1,0,0,0,0,0,0,0
2013,TKM,KAZ,TKM,KAZ,219409.108,41850875.904,231876280.32,5240.072,17037.508,1587,0,1,0,0,0,0,0,0,0
2014,TKM,KAZ,TKM,KAZ,121245.373,43524210.688,221415571.456,5466.241,17289.225,1587,0,1,0,0,0,0,0,0,0
2015,TKM,KAZ,TKM,KAZ,63705.324,35799629.824,184388435.968,5565.284000000001,17544.127,1572,0,1,0,1,0,0,0,0,0
2016,TKM,KAZ,TKM,KAZ,214394.952,36179886.08,133657083.904,5662.544,17797.031,1572,0,1,0,1,0,0,0,0,0
2017,TKM,KAZ,TKM,KAZ,44163.697,37926285.714,166805800.59600002,5757.667,18037.777,1572,0,1,0,1,0,0,0,0,0
2018,TKM,KAZ,TKM,KAZ,11441.526,40765428.571,179339994.859,5850.902,18276.451,1572,0,1,0,1,0,0,0,0,0
2019,TKM,KAZ,TKM,KAZ,29761.216,45231428.571,181667190.076,5942.094,18513.674,1572,0,1,0,1,0,0,0,0,0
1995,TKM,KGZ,TKM,KGZ,18581.895,2482228.48,1661018.496,4188.01,4560.4000000000005,1477,0,0,0,0,0,0,0,0,0
1996,TKM,KGZ,TKM,KGZ,13606.191,2379281.664,1827570.56,4267.6900000000005,4628.4000000000005,1477,0,0,0,0,0,0,0,0,0
1997,TKM,KGZ,TKM,KGZ,13364.35,2450084.864,1767864.064,4335.991,4696.4000000000005,1477,0,0,0,0,0,0,0,0,0
1998,TKM,KGZ,TKM,KGZ,8214.524,2605688.064,1645963.776,4395.293,4769,1477,0,0,0,1,0,0,0,0,0
1999,TKM,KGZ,TKM,KGZ,7789.912,2450686.72,1249062.016,4449.427,4840.4000000000005,1477,0,0,0,1,0,0,0,0,0
2000,TKM,KGZ,TKM,KGZ,23195.745,2904662.528,1369691.904,4501.419,4898.4000000000005,1477,0,0,0,1,0,0,0,0,0
2001,TKM,KGZ,TKM,KGZ,8977.31,3534771.968,1525113.472,4551.762,4945.1,1477,0,0,0,1,0,0,0,0,0
2002,TKM,KGZ,TKM,KGZ,1731.776,4462028.8,1605640.576,4600.171,4990.7,1477,0,0,0,1,0,0,0,0,0
2003,TKM,KGZ,TKM,KGZ,397.818,5977440.768,1919012.736,4648.037,5043.3,1477,0,0,0,1,0,0,0,0,0
2004,TKM,KGZ,TKM,KGZ,1372.17,6838350.848,2211535.36,4696.876,5104.7,1477,0,0,0,1,0,0,0,0,0
2005,TKM,KGZ,TKM,KGZ,13041.017,8104355.84,2459876.096,4747.839,5162.6,1477,0,0,0,1,0,0,0,0,0
2006,TKM,KGZ,TKM,KGZ,1767.552,10277598.208,2834168.832,4801.595,5218.4000000000005,1477,0,0,0,1,0,0,0,0,0
2007,TKM,KGZ,TKM,KGZ,1289.404,12664165.376,3802566.144,4858.236,5268.4000000000005,1477,0,0,0,1,0,0,0,0,0
2008,TKM,KGZ,TKM,KGZ,2232.546,19271522.304,5139957.76,4917.543,5318.7,1477,0,0,0,1,0,0,0,0,0
2009,TKM,KGZ,TKM,KGZ,1182.735,20214386.688,4690062.336,4978.962,5383.3,1477,0,0,0,1,0,0,0,0,0
2010,TKM,KGZ,TKM,KGZ,1125.755,22148069.376,4794357.76,5041.995,5447.9000000000005,1477,0,0,0,1,0,0,0,0,0
2011,TKM,KGZ,TKM,KGZ,2544.725,29233334.272,6197766.144,5106.668,5514.6,1477,0,0,0,1,0,0,0,0,0
2012,TKM,KGZ,TKM,KGZ,1815.983,35164209.152,6605139.968,5172.9310000000005,5607.2,1477,0,0,0,1,0,0,0,0,0
2013,TKM,KGZ,TKM,KGZ,1681.635,41850875.904,7226303.488,5240.072,5719.5,1477,0,0,0,1,0,0,0,0,0
2014,TKM,KGZ,TKM,KGZ,1994.966,43524210.688,7468096.512,5466.241,5835.5,1477,0,0,0,1,0,0,0,0,0
2015,TKM,KGZ,TKM,KGZ,3891.617,35799629.824,6678178.3040000005,5565.284000000001,5956.9000000000005,1477,0,0,0,1,0,0,0,0,0
2016,TKM,KGZ,TKM,KGZ,4361.1990000000005,36179886.08,6551287.808,5662.544,6082.7,1477,0,0,0,1,0,0,0,0,0
2017,TKM,KGZ,TKM,KGZ,462.756,37926285.714,7702934.8,5757.667,6198.2,1477,0,0,0,1,0,0,0,0,0
2018,TKM,KGZ,TKM,KGZ,1465.017,40765428.571,8271108.638,5850.902,6322.8,1477,0,0,0,1,0,0,0,0,0
2019,TKM,KGZ,TKM,KGZ,5091.679,45231428.571,8871026.074000001,5942.094,6456.2,1477,0,0,0,1,0,0,0,0,0
1992,TKM,LTU,TKM,LTU,6951.606,3200539.904,8562311.168,3881.973,3700.114,3109,0,0,0,0,0,0,0,0,0
1994,TKM,LTU,TKM,LTU,2113.0080000000003,2561118.72,6958637.056,4095.512,3657.144,3109,0,0,0,0,0,0,0,0,0
1995,TKM,LTU,TKM,LTU,5556.9980000000005,2482228.48,7904896,4188.01,3629.102,3109,0,0,0,0,0,0,0,0,0
1996,TKM,LTU,TKM,LTU,1184.5,2379281.664,8426599.936,4267.6900000000005,3601.6130000000003,3109,0,0,0,0,0,0,0,0,0
1997,TKM,LTU,TKM,LTU,587.399,2450084.864,10128700.416,4335.991,3575.137,3109,0,0,0,0,0,0,0,0,0
1998,TKM,LTU,TKM,LTU,89.652,2605688.064,11254049.792,4395.293,3549.331,3109,0,0,0,0,0,0,0,0,0
1999,TKM,LTU,TKM,LTU,305.556,2450686.72,10971374.592,4449.427,3524.2380000000003,3109,0,0,0,0,0,0,0,0,0
2000,TKM,LTU,TKM,LTU,1901.247,2904662.528,11434200.064,4501.419,3499.536,3109,0,0,0,0,0,0,0,0,0
2001,TKM,LTU,TKM,LTU,984.721,3534771.968,12159224.832,4551.762,3470.818,3109,0,0,0,1,0,0,0,0,0
2002,TKM,LTU,TKM,LTU,266.071,4462028.8,14163949.568,4600.171,3443.067,3109,0,0,0,1,0,0,0,0,0
2003,TKM,LTU,TKM,LTU,1.372,5977440.768,18608709.632,4648.037,3415.213,3109,0,0,0,1,0,0,0,0,0
2004,TKM,LTU,TKM,LTU,622.374,6838350.848,22659295.232,4696.876,3377.0750000000003,3109,0,0,0,1,0,0,0,0,0
2005,TKM,LTU,TKM,LTU,20.893,8104355.84,26085306.368,4747.839,3322.528,3109,0,0,0,1,0,0,0,0,0
2006,TKM,LTU,TKM,LTU,470.815,10277598.208,30246361.088,4801.595,3269.909,3109,0,0,0,1,0,0,0,0,0
2007,TKM,LTU,TKM,LTU,162.58,12664165.376,39325986.816,4858.236,3231.294,3109,0,0,0,1,0,0,0,0,0
2008,TKM,LTU,TKM,LTU,14.52,19271522.304,47438364.672,4917.543,3198.231,3109,0,0,0,1,0,0,0,0,0
2009,TKM,LTU,TKM,LTU,202.947,20214386.688,37050081.28,4978.962,3162.916,3109,0,0,0,1,0,0,0,0,0
2010,TKM,LTU,TKM,LTU,3145.483,22148069.376,36709511.168,5041.995,3097.282,3109,0,0,0,1,0,0,0,0,0
2011,TKM,LTU,TKM,LTU,4246.829,29233334.272,43083067.392,5106.668,3028.115,3109,0,0,0,1,0,0,0,0,0
2012,TKM,LTU,TKM,LTU,2469.768,35164209.152,42343559.168,5172.9310000000005,2987.773,3109,0,0,0,1,0,0,0,0,0
2013,TKM,LTU,TKM,LTU,3267.4880000000003,41850875.904,45931966.464,5240.072,2956.121,3109,0,0,0,1,0,0,0,0,0
2014,TKM,LTU,TKM,LTU,5050.183,43524210.688,48545251.328,5466.241,2932.367,3109,0,0,0,1,0,0,0,0,0
2015,TKM,LTU,TKM,LTU,274.007,35799629.824,41402023.936,5565.284000000001,2904.91,3109,0,0,0,1,0,0,0,0,0
2016,TKM,LTU,TKM,LTU,829.802,36179886.08,42738876.416,5662.544,2872.298,3109,0,0,0,1,0,0,0,0,0
2017,TKM,LTU,TKM,LTU,395.777,37926285.714,47758736.932,5757.667,2828.403,3109,0,0,0,1,0,0,0,0,0
2018,TKM,LTU,TKM,LTU,305.437,40765428.571,53750911.866,5850.902,2801.543,3109,0,0,0,1,0,0,0,0,0
2019,TKM,LTU,TKM,LTU,1134.032,45231428.571,54697379.017000005,5942.094,2794.137,3109,0,0,0,1,0,0,0,0,0
1994,TKM,LVA,TKM,LVA,497.475,2561118.72,5060854.784,4095.512,2520.742,3279,0,0,0,0,0,0,0,0,0
1995,TKM,LVA,TKM,LVA,894.44,2482228.48,5235719.68,4188.01,2485.056,3279,0,0,0,0,0,0,0,0,0
1996,TKM,LVA,TKM,LVA,1379.723,2379281.664,5585292.8,4267.6900000000005,2457.222,3279,0,0,0,0,0,0,0,0,0
1997,TKM,LVA,TKM,LVA,538.76,2450084.864,6133234.176,4335.991,2432.851,3279,0,0,0,0,0,0,0,0,0
1998,TKM,LVA,TKM,LVA,1394.816,2605688.064,6616957.44,4395.293,2410.019,3279,0,0,0,0,0,0,0,0,0
1999,TKM,LVA,TKM,LVA,11820.161,2450686.72,7288524.288,4449.427,2390.482,3279,0,0,0,1,0,0,0,0,0
2000,TKM,LVA,TKM,LVA,4854.354,2904662.528,7833068.544,4501.419,2367.55,3279,0,0,0,1,0,0,0,0,0
2001,TKM,LVA,TKM,LVA,726.619,3534771.968,8313047.552,4551.762,2337.17,3279,0,0,0,1,0,0,0,0,0
2002,TKM,LVA,TKM,LVA,6.313,4462028.8,9314784.256,4600.171,2310.173,3279,0,0,0,1,0,0,0,0,0
2004,TKM,LVA,TKM,LVA,244.839,6838350.848,13761569.792,4696.876,2263.122,3279,0,0,0,1,0,0,0,0,0
2005,TKM,LVA,TKM,LVA,346.011,8104355.84,16041840.64,4747.839,2238.799,3279,0,0,0,1,0,0,0,0,0
2006,TKM,LVA,TKM,LVA,1027.288,10277598.208,19935045.632,4801.595,2218.357,3279,0,0,0,1,0,0,0,0,0
2007,TKM,LVA,TKM,LVA,847.647,12664165.376,28765687.808,4858.236,2200.3250000000003,3279,0,0,0,1,0,0,0,0,0
2008,TKM,LVA,TKM,LVA,328.447,19271522.304,33669367.808,4917.543,2177.322,3279,0,0,0,1,0,0,0,0,0
2009,TKM,LVA,TKM,LVA,261.033,20214386.688,25875781.632,4978.962,2141.669,3279,0,0,0,1,0,0,0,0,0
2010,TKM,LVA,TKM,LVA,111.368,22148069.376,24009680.896,5041.995,2097.555,3279,0,0,0,1,0,0,0,0,0
2011,TKM,LVA,TKM,LVA,683.583,29233334.272,28480337.92,5106.668,2059.709,3279,0,0,0,1,0,0,0,0,0
2012,TKM,LVA,TKM,LVA,9.01,35164209.152,28372578.304,5172.9310000000005,2034.319,3279,0,0,0,1,0,0,0,0,0
2013,TKM,LVA,TKM,LVA,69.301,41850875.904,30956691.456,5240.072,2013.385,3279,0,0,0,1,0,0,0,0,0
2014,TKM,LVA,TKM,LVA,44.046,43524210.688,31352250.368,5466.241,1993.782,3279,0,0,0,1,0,0,0,0,0
2015,TKM,LVA,TKM,LVA,35.244,35799629.824,27026036.736,5565.284000000001,1977.527,3279,0,0,0,1,0,0,0,0,0
2018,TKM,LVA,TKM,LVA,23.021,40765428.571,34429023.435,5850.902,1927.174,3279,0,0,0,1,0,0,0,0,0
2019,TKM,LVA,TKM,LVA,67.71300000000001,45231428.571,34308783.825,5942.094,1913.822,3279,0,0,0,1,0,0,0,0,0
1994,TKM,MDA,TKM,MDA,5027.094,2561118.72,1702314.368,4095.512,3694,2608,0,0,0,0,0,0,0,0,0
1995,TKM,MDA,TKM,MDA,755.529,2482228.48,1752995.328,4188.01,3675.099,2608,0,0,0,0,0,0,0,0,0
1996,TKM,MDA,TKM,MDA,199.68,2379281.664,1695130.496,4267.6900000000005,3667.748,2608,0,0,0,0,0,0,0,0,0
1997,TKM,MDA,TKM,MDA,68.455,2450084.864,1930071.424,4335.991,3654.208,2608,0,0,0,0,0,0,0,0,0
1998,TKM,MDA,TKM,MDA,224.502,2605688.064,1639497.216,4395.293,3652.732,2608,0,0,0,0,0,0,0,0,0
1999,TKM,MDA,TKM,MDA,790.98,2450686.72,1170785.024,4449.427,3647.001,2608,0,0,0,0,0,0,0,0,0
2000,TKM,MDA,TKM,MDA,2663.013,2904662.528,1288420.224,4501.419,3639.592,2608,0,0,0,0,0,0,0,0,0
2001,TKM,MDA,TKM,MDA,295.53000000000003,3534771.968,1480656.896,4551.762,3631.462,2608,0,0,0,1,0,0,0,0,0
2002,TKM,MDA,TKM,MDA,252.058,4462028.8,1661818.112,4600.171,3623.062,2608,0,0,0,1,0,0,0,0,0
2003,TKM,MDA,TKM,MDA,133.607,5977440.768,1980901.504,4648.037,3612.874,2608,0,0,0,1,0,0,0,0,0
2004,TKM,MDA,TKM,MDA,36.115,6838350.848,2598231.552,4696.876,3603.945,2608,0,0,0,1,0,0,0,0,0
2006,TKM,MDA,TKM,MDA,82.565,10277598.208,3408454.144,4801.595,3585.2090000000003,2608,0,0,0,1,0,0,0,0,0
2007,TKM,MDA,TKM,MDA,582.482,12664165.376,4402496,4858.236,3576.91,2608,0,0,0,1,0,0,0,0,0
2008,TKM,MDA,TKM,MDA,661.796,19271522.304,6054806.016,4917.543,3570.108,2608,0,0,0,1,0,0,0,0,0
2009,TKM,MDA,TKM,MDA,14.27,20214386.688,5439421.9520000005,4978.962,3565.6040000000003,2608,0,0,0,1,0,0,0,0,0
2010,TKM,MDA,TKM,MDA,1660.312,22148069.376,5811603.968,5041.995,3562.045,2608,0,0,0,1,0,0,0,0,0
2011,TKM,MDA,TKM,MDA,9058.085,29233334.272,7016162.816000001,5106.668,3559.986,2608,0,0,0,1,0,0,0,0,0
2012,TKM,MDA,TKM,MDA,4044.955,35164209.152,7284686.336,5172.9310000000005,3559.519,2608,0,0,0,1,0,0,0,0,0
2013,TKM,MDA,TKM,MDA,3222.047,41850875.904,7969618.944,5240.072,3559,2608,0,0,0,1,0,0,0,0,0
2014,TKM,MDA,TKM,MDA,9.795,43524210.688,7983270.912,5466.241,3556.397,2608,0,0,0,1,0,0,0,0,0
2015,TKM,MDA,TKM,MDA,2682.673,35799629.824,6512899.584,5565.284000000001,3554.108,2608,0,0,0,1,0,0,0,0,0
2016,TKM,MDA,TKM,MDA,21.917,36179886.08,6749515.776000001,5662.544,3552,2608,0,0,0,1,0,0,0,0,0
2017,TKM,MDA,TKM,MDA,4.606,37926285.714,9669741.744,5757.667,2755.158,2608,0,0,0,1,0,0,0,0,0
2018,TKM,MDA,TKM,MDA,10953.894,40765428.571,11457443.185,5850.902,2708.214,2608,0,0,0,1,0,0,0,0,0
2019,TKM,MDA,TKM,MDA,3075.881,45231428.571,11971345.003,5942.094,2664.974,2608,0,0,0,1,0,0,0,0,0
1996,TKM,RUS,TKM,RUS,168024.697,2379281.664,391721385.984,4267.6900000000005,148160.126,2315,0,0,0,0,0,0,0,0,0
1997,TKM,RUS,TKM,RUS,156591.164,2450084.864,404926529.536,4335.991,147915.375,2315,0,0,0,0,0,0,0,0,0
1998,TKM,RUS,TKM,RUS,44787.826,2605688.064,270953119.744,4395.293,147670.776,2315,0,0,0,0,0,0,0,0,0
1999,TKM,RUS,TKM,RUS,76733.283,2450686.72,195905765.376,4449.427,147214.783,2315,0,0,0,0,0,0,0,0,0
2000,TKM,RUS,TKM,RUS,1029302.693,2904662.528,259708502.016,4501.419,146596.863,2312,0,0,0,0,0,0,0,0,0
2001,TKM,RUS,TKM,RUS,39138.059,3534771.968,306602672.128,4551.762,145976.471,2312,0,0,0,0,0,0,0,0,0
2002,TKM,RUS,TKM,RUS,32053.792,4462028.8,345110446.08,4600.171,145408.035,2312,0,0,0,0,0,0,0,0,0
2003,TKM,RUS,TKM,RUS,28371.177,5977440.768,430347780.096,4648.037,144667.465,2312,0,0,0,0,0,0,0,0,0
2004,TKM,RUS,TKM,RUS,43232.227,6838350.848,591016689.664,4696.876,143821.213,2312,0,0,0,0,0,0,0,0,0
2005,TKM,RUS,TKM,RUS,77205.63,8104355.84,764000927.744,4747.839,143113.892,2311,0,0,0,0,0,0,0,0,0
2006,TKM,RUS,TKM,RUS,80128.6,10277598.208,989930520.576,4801.595,142487.259,2311,0,0,0,0,0,0,0,0,0
2007,TKM,RUS,TKM,RUS,69108.883,12664165.376,1299705233.408,4858.236,142114.899,2311,0,0,0,0,0,0,0,0,0
2008,TKM,RUS,TKM,RUS,100290.655,19271522.304,1660844376.064,4917.543,141956.40600000002,2311,0,0,0,0,0,0,0,0,0
2009,TKM,RUS,TKM,RUS,45061.472,20214386.688,1222643679.232,4978.962,141909.241,2311,0,0,0,0,0,0,0,0,0
2010,TKM,RUS,TKM,RUS,148016.549,22148069.376,1524916158.464,5041.995,142385.529,2312,0,0,0,0,0,0,0,0,0
2011,TKM,RUS,TKM,RUS,142579.479,29233334.272,1904792961.024,5106.668,142956.467,2312,0,0,0,0,0,0,0,0,0
2012,TKM,RUS,TKM,RUS,183763.859,35164209.152,2017470971.904,5172.9310000000005,143177.994,2312,0,0,0,1,0,0,0,0,0
2013,TKM,RUS,TKM,RUS,139416.948,41850875.904,2096777003.008,5240.072,143499.863,2312,0,0,0,1,0,0,0,0,0
2014,TKM,RUS,TKM,RUS,90911.158,43524210.688,2063662317.568,5466.241,143819.672,2312,0,0,0,1,0,0,0,0,0
2015,TKM,RUS,TKM,RUS,71280.94,35799629.824,1365865267.2,5565.284000000001,144096.863,2316,0,0,0,1,0,0,0,0,0
2016,TKM,RUS,TKM,RUS,331309.84500000003,36179886.08,1283162374.144,5662.544,144342.392,2316,0,0,0,1,0,0,0,0,0
2017,TKM,RUS,TKM,RUS,84826.155,37926285.714,1574199387.071,5757.667,144496.73500000002,2316,0,0,0,1,0,0,0,0,0
2018,TKM,RUS,TKM,RUS,155290.616,40765428.571,1657329646.184,5850.902,144477.859,2316,0,0,0,1,0,0,0,0,0
2019,TKM,RUS,TKM,RUS,151575.193,45231428.571,1693113904.263,5942.094,144406.265,2316,0,0,0,1,0,0,0,0,0
1997,TKM,TJK,TKM,TJK,29703.552,2450084.864,921843.136,4335.991,5937.177,912,0,0,0,0,0,0,0,0,0
1998,TKM,TJK,TKM,TJK,27277.855,2605688.064,1320126.72,4395.293,6012.933,912,0,0,0,0,0,0,0,0,0
1999,TKM,TJK,TKM,TJK,11857.959,2450686.72,1086567.424,4449.427,6094.661,912,0,0,0,0,0,0,0,0,0
2000,TKM,TJK,TKM,TJK,29289,2904662.528,860550.272,4501.419,6186.152,912,0,0,0,0,0,0,0,0,0
2016,TKM,TJK,TKM,TJK,92132.435,36179886.08,6951656.96,5662.544,8734.951000000001,912,0,0,0,1,0,0,0,0,0
2017,TKM,TJK,TKM,TJK,48812.171,37926285.714,7536439.875,5757.667,8880.27,912,0,0,0,1,0,0,0,0,0
2018,TKM,TJK,TKM,TJK,46576.814,40765428.571,7765014.424000001,5850.902,9100.847,912,0,0,0,1,0,0,0,0,0
2019,TKM,TJK,TKM,TJK,11924.787,45231428.571,8300784.857,5942.094,9321.023,912,0,0,0,1,0,0,0,0,0
1996,TKM,UKR,TKM,UKR,1541189.449,2379281.664,44558077.952,4267.6900000000005,51057.19,2308,0,0,0,0,0,0,0,0,0
1997,TKM,UKR,TKM,UKR,972271.408,2450084.864,50150400,4335.991,50594.105,2308,0,0,0,0,0,0,0,0,0
1998,TKM,UKR,TKM,UKR,1344.483,2605688.064,41883242.496,4395.293,50143.94,2308,0,0,0,0,0,0,0,0,0
1999,TKM,UKR,TKM,UKR,480961.683,2450686.72,31580639.232,4449.427,49673.351,2308,0,0,0,0,0,0,0,0,0
2000,TKM,UKR,TKM,UKR,946193.73,2904662.528,31261528.064,4501.419,49175.846,2310,0,0,0,0,0,0,0,0,0
2001,TKM,UKR,TKM,UKR,1654057.85,3534771.968,38009344,4551.762,48683.865,2310,0,0,0,0,0,0,0,0,0
2002,TKM,UKR,TKM,UKR,1885689.56,4462028.8,42392895.488,4600.171,48202.499,2310,0,0,0,0,0,0,0,0,0
2003,TKM,UKR,TKM,UKR,1746205.55,5977440.768,50132955.136,4648.037,47812.95,2310,0,0,0,0,0,0,0,0,0
2004,TKM,UKR,TKM,UKR,1975786.28,6838350.848,64883060.736,4696.876,47451.599,2310,0,0,0,0,0,0,0,0,0
2005,TKM,UKR,TKM,UKR,2678069.915,8104355.84,86142017.536,4747.839,47105.148,2314,0,0,0,0,0,0,0,0,0
2006,TKM,UKR,TKM,UKR,3492044.165,10277598.208,107753070.592,4801.595,46787.75,2314,0,0,0,0,0,0,0,0,0
2007,TKM,UKR,TKM,UKR,4707361.566,12664165.376,142719008.768,4858.236,46509.35,2314,0,0,0,0,0,0,0,0,0
2008,TKM,UKR,TKM,UKR,5631672.583000001,19271522.304,179992412.16,4917.543,46258.202,2314,0,0,0,1,0,0,0,0,0
2009,TKM,UKR,TKM,UKR,718288.52,20214386.688,117227765.76,4978.962,46053.299,2314,0,0,0,1,0,0,0,0,0
2010,TKM,UKR,TKM,UKR,31432.356,22148069.376,136419303.424,5041.995,45870.701,2320,0,0,0,1,0,0,0,0,0
2011,TKM,UKR,TKM,UKR,736000.925,29233334.272,163421732.864,5106.668,45706.1,2320,0,0,0,1,0,0,0,0,0
2012,TKM,UKR,TKM,UKR,123426.844,35164209.152,176603430.912,5172.9310000000005,45593.3,2320,0,0,0,1,0,0,0,0,0
2013,TKM,UKR,TKM,UKR,100532.374,41850875.904,177430609.92000002,5240.072,45489.601,2320,0,0,0,1,0,0,0,0,0
2014,TKM,UKR,TKM,UKR,24578.49,43524210.688,133503410.176,5466.241,45271.946,2320,0,0,0,1,0,0,0,0,0
2015,TKM,UKR,TKM,UKR,16318.374,35799629.824,91030962.176,5565.284000000001,45154.03,2324,0,0,0,1,0,0,0,0,0
2016,TKM,UKR,TKM,UKR,34336.076,36179886.08,93270482.944,5662.544,45004.646,2324,0,0,0,1,0,0,0,0,0
2017,TKM,UKR,TKM,UKR,88997.806,37926285.714,112090530.369,5757.667,44831.135,2324,0,0,0,1,0,0,0,0,0
2018,TKM,UKR,TKM,UKR,144407.929,40765428.571,130891049.797,5850.902,44622.517,2324,0,0,0,1,0,0,0,0,0
2019,TKM,UKR,TKM,UKR,82964.642,45231428.571,153882982.016,5942.094,44386.204,2324,0,0,0,1,0,0,0,0,0
1997,TKM,UZB,TKM,UZB,4985.607,2450084.864,14744603.648,4335.991,23667,950,0,1,0,0,0,0,0,0,0
1998,TKM,UZB,TKM,UZB,7069.5470000000005,2605688.064,14988971.008,4395.293,24051.001,950,0,1,0,0,0,0,0,0,0
1999,TKM,UZB,TKM,UZB,5989.733,2450686.72,17078465.536000002,4449.427,24311.649,950,0,1,0,0,0,0,0,0,0
2000,TKM,UZB,TKM,UZB,5951.045,2904662.528,13760374.784,4501.419,24650.4,949,0,1,0,0,0,0,0,0,0
2017,TKM,UZB,TKM,UZB,105423.211,37926285.714,62081323.299,5757.667,32388.599,935,0,1,0,0,0,0,0,0,0
2018,TKM,UZB,TKM,UZB,237798.273,40765428.571,52633143.808,5850.902,32956.1,935,0,1,0,0,0,0,0,0,0
2019,TKM,UZB,TKM,UZB,401272.025,45231428.571,59907674.027,5942.094,33580.349,935,0,1,0,0,0,0,0,0,0
1996,UKR,ARM,UKR,ARM,25018.457,44558077.952,1596968.96,51057.19,3173.425,1255,0,0,0,0,0,0,0,0,0
1997,UKR,ARM,UKR,ARM,10710.545,50150400,1639492.48,50594.105,3137.652,1255,0,0,0,0,0,0,0,0,0
1998,UKR,ARM,UKR,ARM,8422.773000000001,41883242.496,1893726.464,50143.94,3112.958,1255,0,0,0,0,0,0,0,0,0
1999,UKR,ARM,UKR,ARM,11600.568,31580639.232,1845482.24,49673.351,3093.82,1255,0,0,0,0,0,0,0,0,0
2000,UKR,ARM,UKR,ARM,11983.17,31261528.064,1911563.648,49175.846,3076.098,1257,0,0,0,0,0,0,0,0,0
2001,UKR,ARM,UKR,ARM,21994.238,38009344,2118467.968,48683.865,3059.96,1257,0,0,0,0,0,0,0,0,0
2002,UKR,ARM,UKR,ARM,45511.316,42392895.488,2376335.104,48202.499,3047.002,1257,0,0,0,0,0,0,0,0,0
2003,UKR,ARM,UKR,ARM,49664.69,50132955.136,2807060.992,47812.95,3036.032,1257,0,0,0,1,0,0,0,0,0
2004,UKR,ARM,UKR,ARM,70463.54000000001,64883060.736,3576615.168,47451.599,3025.652,1257,0,0,0,1,0,0,0,0,0
2005,UKR,ARM,UKR,ARM,97330.703,86142017.536,4900436.992000001,47105.148,3014.917,1261,0,0,0,1,0,0,0,0,0
2006,UKR,ARM,UKR,ARM,164739.252,107753070.592,6384457.728,46787.75,3002.911,1261,0,0,0,1,0,0,0,0,0
2007,UKR,ARM,UKR,ARM,251463.313,142719008.768,9206301.696,46509.35,2989.882,1261,0,0,0,1,0,0,0,0,0
2008,UKR,ARM,UKR,ARM,309989.789,179992412.16,11662041.088,46258.202,2977.4880000000003,1261,0,0,1,1,0,0,1,0,0
2009,UKR,ARM,UKR,ARM,202618.765,117227765.76,8647937.024,46053.299,2968.154,1261,0,0,1,1,0,0,1,0,0
2010,UKR,ARM,UKR,ARM,229499.28,136419303.424,9260286.976,45870.701,2963.496,1266,0,0,1,1,0,0,1,0,0
2011,UKR,ARM,UKR,ARM,232136.559,163421732.864,10142343.168,45706.1,2964.12,1266,0,0,1,1,0,0,1,0,0
2012,UKR,ARM,UKR,ARM,215850.583,176603430.912,9958217.728,45593.3,2969.081,1266,0,0,1,1,0,0,1,0,0
2013,UKR,ARM,UKR,ARM,226348.443,177430609.92000002,10432169.984,45489.601,2976.5660000000003,1266,0,0,1,1,0,0,1,0,0
2014,UKR,ARM,UKR,ARM,201773.209,133503410.176,11609512.96,45271.946,2906.2200000000003,1266,0,0,1,1,0,0,1,0,0
2015,UKR,ARM,UKR,ARM,124638.204,91030962.176,10529182.72,45154.03,2916.9500000000003,1270,0,0,1,1,0,0,1,0,0
2016,UKR,ARM,UKR,ARM,98887.745,93270482.944,10547331.072,45004.646,2924.8160000000003,1270,0,0,1,1,0,0,1,0,0
2017,UKR,ARM,UKR,ARM,115405.748,112090530.369,11527458.566,44831.135,2944.789,1270,0,0,1,1,0,0,1,0,0
2018,UKR,ARM,UKR,ARM,153579.947,130891049.797,12457941.907,44622.517,2951.741,1270,0,0,1,1,0,0,1,0,0
2019,UKR,ARM,UKR,ARM,146080.875,153882982.016,13619291.361,44386.204,2957.728,1270,0,0,1,1,0,0,1,0,0
2020,UKR,ARM,UKR,ARM,123664.611,156617861.449,12641209.802,44132.05,2963.234,1273,0,0,1,1,0,0,1,0,0
1996,UKR,AZE,UKR,AZE,94421.232,44558077.952,3176749.568,51057.19,7763,1522,0,0,0,0,0,0,0,0,0
1997,UKR,AZE,UKR,AZE,87629.932,50150400,3962710.272,50594.105,7838.25,1522,0,0,0,0,0,0,0,0,0
1998,UKR,AZE,UKR,AZE,92983.951,41883242.496,4446396.416,50143.94,7913,1522,0,0,0,0,0,0,0,0,0
1999,UKR,AZE,UKR,AZE,38446.04,31580639.232,4581222.4,49673.351,7982.75,1522,0,0,0,0,0,0,0,0,0
2000,UKR,AZE,UKR,AZE,37070.44,31261528.064,5272616.96,49175.846,8048.6,1524,0,0,0,0,0,0,0,0,0
2001,UKR,AZE,UKR,AZE,45607.7,38009344,5707618.3040000005,48683.865,8111.2,1524,0,0,0,0,0,0,0,0,0
2002,UKR,AZE,UKR,AZE,102604.46,42392895.488,6236024.832,48202.499,8171.95,1524,0,0,0,0,0,0,0,0,0
2003,UKR,AZE,UKR,AZE,142597.43,50132955.136,7275766.272,47812.95,8234.1,1524,0,0,0,0,0,0,0,0,0
2004,UKR,AZE,UKR,AZE,214157.14,64883060.736,8680511.488,47451.599,8306.5,1524,0,0,0,0,0,0,0,0,0
2005,UKR,AZE,UKR,AZE,273674.388,86142017.536,13245421.568,47105.148,8391.85,1529,0,0,0,0,0,0,0,0,0
2006,UKR,AZE,UKR,AZE,421974.859,107753070.592,20982269.952,46787.75,8484.55,1529,0,0,0,0,0,0,0,0,0
2007,UKR,AZE,UKR,AZE,631061.285,142719008.768,33050343.424,46509.35,8581.3,1529,0,0,0,0,0,0,0,0,0
2008,UKR,AZE,UKR,AZE,910481.243,179992412.16,48852484.096,46258.202,8763.4,1529,0,0,1,0,0,0,0,0,0
2009,UKR,AZE,UKR,AZE,545988.7,117227765.76,44291489.792,46053.299,8947.243,1529,0,0,1,0,0,0,0,0,0
2010,UKR,AZE,UKR,AZE,610818.636,136419303.424,52902703.104,45870.701,9054.332,1536,0,0,1,0,0,0,0,0,0
2011,UKR,AZE,UKR,AZE,708321.005,163421732.864,65951625.216,45706.1,9173.082,1536,0,0,1,0,0,0,0,0,0
2012,UKR,AZE,UKR,AZE,766642.9130000001,176603430.912,68730904.576,45593.3,9295.784,1536,0,0,1,0,0,0,0,0,0
2013,UKR,AZE,UKR,AZE,869049.2660000001,177430609.92000002,73560481.792,45489.601,9416.598,1536,0,0,1,0,0,0,0,0,0
2014,UKR,AZE,UKR,AZE,591552.761,133503410.176,75244167.168,45271.946,9535.079,1536,0,0,1,0,0,0,0,0,0
2015,UKR,AZE,UKR,AZE,318824.767,91030962.176,53074370.56,45154.03,9649.341,1541,0,0,1,0,0,0,0,0,0
2016,UKR,AZE,UKR,AZE,286590.578,93270482.944,37847715.84,45004.646,9762.274,1541,0,0,1,0,0,0,0,0,0
2017,UKR,AZE,UKR,AZE,460392.878,112090530.369,40865558.912,44831.135,9854.033,1541,0,0,1,0,0,0,0,0,0
2018,UKR,AZE,UKR,AZE,469740.889,130891049.797,47112941.176,44622.517,9939.771,1541,0,0,1,0,0,0,0,0,0
2019,UKR,AZE,UKR,AZE,467055.084,153882982.016,48174235.294,44386.204,10024.283,1541,0,0,1,0,0,0,0,0,0
2020,UKR,AZE,UKR,AZE,418387.959,156617861.449,42693000,44132.05,10093.121,1546,0,0,1,0,0,0,0,0,0
1996,UKR,BLR,UKR,BLR,721850.732,44558077.952,14756861.952,51057.19,10160,643,0,1,0,0,0,0,0,0,0
1997,UKR,BLR,UKR,BLR,825357.236,50150400,14128412.672,50594.105,10117,643,0,1,0,0,0,0,0,0,0
1998,UKR,BLR,UKR,BLR,739900.6410000001,41883242.496,15222014.976,50143.94,10069,643,0,1,0,0,0,0,0,0,0
1999,UKR,BLR,UKR,BLR,415724.059,31580639.232,12138485.76,49673.351,10035,643,0,1,0,0,0,0,0,0,0
2000,UKR,BLR,UKR,BLR,340572.5,31261528.064,12736856.064,49175.846,10005,642,0,1,0,0,0,0,0,0,0
2001,UKR,BLR,UKR,BLR,277428.9,38009344,12354820.096,48683.865,9928,642,0,1,0,0,0,0,0,0,0
2002,UKR,BLR,UKR,BLR,290658.9,42392895.488,14594925.568,48202.499,9865,642,0,1,0,0,0,0,0,0,0
2003,UKR,BLR,UKR,BLR,362065.7,50132955.136,17825435.648000002,47812.95,9797,642,0,1,0,0,0,0,0,0,0
2004,UKR,BLR,UKR,BLR,550320.9,64883060.736,23141586.944,47451.599,9730,642,0,1,0,0,0,0,0,0,0
2005,UKR,BLR,UKR,BLR,893910.4,86142017.536,30210091.008,47105.148,9663,639,0,1,0,0,0,0,0,0,0
2006,UKR,BLR,UKR,BLR,1224686.9,107753070.592,36961918.976,46787.75,9604,639,0,1,0,0,0,0,0,0,0
2007,UKR,BLR,UKR,BLR,1561454.135,142719008.768,45275713.536,46509.35,9560,639,0,1,0,0,0,0,0,0,0
2008,UKR,BLR,UKR,BLR,2115123.9,179992412.16,60763484.16,46258.202,9528,639,0,1,1,0,0,0,0,0,0
2009,UKR,BLR,UKR,BLR,1290041.8,117227765.76,49208655.872,46053.299,9507,639,0,1,1,0,0,0,0,0,0
2010,UKR,BLR,UKR,BLR,1899197.624,136419303.424,55220932.608,45870.701,9490,634,0,1,1,0,0,0,0,0,0
2011,UKR,BLR,UKR,BLR,2028784.2,163421732.864,59734593.536,45706.1,9473,634,0,1,1,0,0,0,0,0,0
2012,UKR,BLR,UKR,BLR,2305162,176603430.912,63615447.04,45593.3,9464,634,0,1,1,0,0,0,0,0,0
2013,UKR,BLR,UKR,BLR,2048935,177430609.92000002,71709515.77600001,45489.601,9466,634,0,1,1,0,0,0,0,0,0
2014,UKR,BLR,UKR,BLR,1778752.7,133503410.176,78813052.928,45271.946,9474.511,634,0,1,1,0,0,0,0,0,0
2015,UKR,BLR,UKR,BLR,949014.6,91030962.176,56454774.784,45154.03,9489.616,629,0,1,1,0,0,0,0,0,0
2016,UKR,BLR,UKR,BLR,977332.9,93270482.944,47433441.28,45004.646,9507.12,629,0,1,1,0,0,0,0,0,0
2017,UKR,BLR,UKR,BLR,1213519.3,112090530.369,54726595.249,44831.135,9458.989,629,0,1,1,0,0,0,0,0,0
2018,UKR,BLR,UKR,BLR,1394524.7,130891049.797,60031262.269,44622.517,9438.785,629,0,1,1,0,0,0,0,0,0
2019,UKR,BLR,UKR,BLR,1682113.3,153882982.016,64409647.194,44386.204,9419.758,629,0,1,1,0,0,0,0,0,0
2020,UKR,BLR,UKR,BLR,1383329.2,156617861.449,61489588.895,44132.05,9379.952,624,0,1,1,0,0,0,0,0,0
1995,UKR,EST,UKR,EST,26806.512,48213868.544,4362191.36,51512.299,1436.634,1319,0,0,0,0,0,0,0,0,0
1996,UKR,EST,UKR,EST,53847.115,44558077.952,4739181.568,51057.19,1415.594,1319,0,0,0,0,0,0,0,0,0
1997,UKR,EST,UKR,EST,45354.534,50150400,5059146.752,50594.105,1399.535,1319,0,0,0,0,0,0,0,0,0
1998,UKR,EST,UKR,EST,49620.682,41883242.496,5608007.1680000005,50143.94,1386.156,1319,0,0,0,0,0,0,0,0,0
1999,UKR,EST,UKR,EST,45342.921,31580639.232,5715278.848,49673.351,1380.62,1319,0,0,0,1,0,0,0,0,0
2000,UKR,EST,UKR,EST,52850.69,31261528.064,5685561.3440000005,49175.846,1396.985,1318,0,0,0,1,0,0,0,0,0
2001,UKR,EST,UKR,EST,64679.973,38009344,6233506.3040000005,48683.865,1388.115,1318,0,0,0,1,0,0,0,0,0
2002,UKR,EST,UKR,EST,85124.22,42392895.488,7308609.024,48202.499,1379.35,1318,0,0,0,1,0,0,0,0,0
2003,UKR,EST,UKR,EST,363942.44,50132955.136,9822143.488,47812.95,1370.72,1318,0,0,0,1,0,0,0,0,0
2004,UKR,EST,UKR,EST,278155.27,64883060.736,12057639.936,47451.599,1362.55,1318,0,0,0,1,0,0,0,0,0
2005,UKR,EST,UKR,EST,125106.33,86142017.536,14003096.576,47105.148,1354.775,1314,0,0,0,1,0,0,0,0,0
2006,UKR,EST,UKR,EST,127458.945,107753070.592,16958045.184,46787.75,1346.81,1314,0,0,0,1,0,0,0,0,0
2007,UKR,EST,UKR,EST,217856.047,142719008.768,22228670.464,46509.35,1340.68,1314,0,0,0,1,0,0,0,0,0
2008,UKR,EST,UKR,EST,204811.057,179992412.16,24185794.56,46258.202,1337.09,1314,0,0,1,1,0,0,1,0,0
2009,UKR,EST,UKR,EST,93091.556,117227765.76,19640621.056,46053.299,1334.515,1314,0,0,1,1,0,0,1,0,0
2010,UKR,EST,UKR,EST,132747.508,136419303.424,19479013.376,45870.701,1331.475,1310,0,0,1,1,0,0,1,0,0
2011,UKR,EST,UKR,EST,165005.815,163421732.864,22803433.472,45706.1,1327.439,1310,0,0,1,1,0,0,1,0,0
2012,UKR,EST,UKR,EST,272176.77,176603430.912,22660753.408,45593.3,1325.016,1310,0,0,1,1,0,0,1,0,0
2013,UKR,EST,UKR,EST,136486.706,177430609.92000002,24880265.216,45489.601,1324.612,1310,0,0,1,1,0,0,1,0,0
2014,UKR,EST,UKR,EST,109791.717,133503410.176,26213941.248,45271.946,1314.545,1310,0,0,1,1,0,0,1,0,0
2015,UKR,EST,UKR,EST,66344.604,91030962.176,22460471.296,45154.03,1315.407,1306,0,0,1,1,0,0,1,0,0
2016,UKR,EST,UKR,EST,98048.177,93270482.944,23136741.376,45004.646,1316.481,1306,0,0,1,1,0,0,1,0,0
2017,UKR,EST,UKR,EST,133038.714,112090530.369,26924385.103,44831.135,1317.384,1306,0,0,1,1,0,0,1,0,0
2018,UKR,EST,UKR,EST,161961.614,130891049.797,30489500.905,44622.517,1321.977,1306,0,0,1,1,0,0,1,0,0
2019,UKR,EST,UKR,EST,149973.46,153882982.016,31045591.753,44386.204,1326.855,1306,0,0,1,1,0,0,1,0,0
2020,UKR,EST,UKR,EST,110822.813,156617861.449,30650285.472,44132.05,1329.479,1302,0,0,1,1,0,0,1,0,0
1996,UKR,GEO,UKR,GEO,183091.687,44558077.952,3094915.5840000003,51057.19,4616.1,1143,0,0,0,0,0,0,0,0,0
1997,UKR,GEO,UKR,GEO,55667.363,50150400,3510540.8000000003,50594.105,4531.6,1143,0,0,0,0,0,0,0,0,0
1998,UKR,GEO,UKR,GEO,31209.768,41883242.496,3613500.16,50143.94,4487.3,1143,0,0,0,0,0,0,0,0,0
1999,UKR,GEO,UKR,GEO,41998.284,31580639.232,2800024.32,49673.351,4452.5,1143,0,0,0,0,0,0,0,0,0
2000,UKR,GEO,UKR,GEO,37633.31,31261528.064,3057453.568,49175.846,4418.3,1145,0,0,0,1,0,0,0,0,0
2001,UKR,GEO,UKR,GEO,50505.828,38009344,3219487.744,48683.865,4386.4000000000005,1145,0,0,0,1,0,0,0,0,0
2002,UKR,GEO,UKR,GEO,58813.012,42392895.488,3395778.56,48202.499,4357,1145,0,0,0,1,0,0,0,0,0
2003,UKR,GEO,UKR,GEO,102429.37,50132955.136,3991374.592,47812.95,4328.9,1145,0,0,0,1,0,0,0,0,0
2004,UKR,GEO,UKR,GEO,136063.3,64883060.736,5125274.112,47451.599,4318.3,1145,0,0,0,1,0,0,0,0,0
2005,UKR,GEO,UKR,GEO,200500.674,86142017.536,6411147.264,47105.148,4361.4,1149,0,0,0,1,0,0,0,0,0
2006,UKR,GEO,UKR,GEO,312393.303,107753070.592,7761900.032000001,46787.75,4398,1149,0,0,0,1,0,0,0,0,0
2007,UKR,GEO,UKR,GEO,527590.047,142719008.768,10172260.352,46509.35,4388.4000000000005,1149,0,0,0,1,0,0,0,0,0
2008,UKR,GEO,UKR,GEO,655936.237,179992412.16,12799337.472,46258.202,4383.8,1149,0,0,1,1,0,0,1,0,0
2009,UKR,GEO,UKR,GEO,411800.659,117227765.76,10766836.736,46053.299,4410.9000000000005,1149,0,0,1,1,0,0,1,0,0
2010,UKR,GEO,UKR,GEO,551336.45,136419303.424,11638537.216,45870.701,4452.8,1154,0,0,1,1,0,0,1,0,0
2011,UKR,GEO,UKR,GEO,691861.506,163421732.864,14434620.416,45706.1,4483.35,1154,0,0,1,1,0,0,1,0,0
2012,UKR,GEO,UKR,GEO,587879.197,176603430.912,15846474.752,45593.3,4490.7,1154,0,0,1,1,0,0,1,0,0
2013,UKR,GEO,UKR,GEO,601495.658,177430609.92000002,16140047.36,45489.601,4476.9000000000005,1154,0,0,1,1,0,0,1,0,0
2014,UKR,GEO,UKR,GEO,548607.456,133503410.176,16509305.856,45271.946,3727,1154,0,0,1,1,0,0,1,0,0
2015,UKR,GEO,UKR,GEO,454628.831,91030962.176,13993546.752,45154.03,3717.1,1158,0,0,1,1,0,0,1,0,0
2016,UKR,GEO,UKR,GEO,416978.348,93270482.944,14332879.872,45004.646,3719.3,1158,0,0,1,1,0,0,1,0,0
2017,UKR,GEO,UKR,GEO,447204.519,112090530.369,16242916.916,44831.135,3728.004,1158,0,0,1,1,0,0,1,0,0
2018,UKR,GEO,UKR,GEO,514880.797,130891049.797,17596922.47,44622.517,3726.549,1158,0,0,1,1,0,0,1,0,0
2019,UKR,GEO,UKR,GEO,415619.467,153882982.016,17470436.259,44386.204,3720.161,1158,0,0,1,1,0,0,1,0,0
2020,UKR,GEO,UKR,GEO,390508.683,156617861.449,15842922.533,44132.05,3722.716,1162,0,0,1,1,0,0,1,0,0
1995,UKR,KAZ,UKR,KAZ,85691.033,48213868.544,20374306.816,51512.299,15815.626,2943,0,0,0,0,0,0,0,0,0
1996,UKR,KAZ,UKR,KAZ,91953.076,44558077.952,21035358.208,51057.19,15577.894,2943,0,0,0,0,0,0,0,0,0
1997,UKR,KAZ,UKR,KAZ,93343.397,50150400,22165932.032,50594.105,15333.703,2943,0,0,0,0,0,0,0,0,0
1998,UKR,KAZ,UKR,KAZ,90733.478,41883242.496,22135244.8,50143.94,15071.3,2943,0,0,0,0,0,0,0,0,0
1999,UKR,KAZ,UKR,KAZ,57941.405,31580639.232,16870816.768,49673.351,14928.426,2943,0,0,0,0,0,0,0,0,0
2000,UKR,KAZ,UKR,KAZ,81240,31261528.064,18291990.528,49175.846,14883.626,2936,0,0,0,0,0,0,0,0,0
2001,UKR,KAZ,UKR,KAZ,154595.1,38009344,22152689.664,48683.865,14858.335,2936,0,0,0,0,0,0,0,0,0
2002,UKR,KAZ,UKR,KAZ,217072.2,42392895.488,24636598.272,48202.499,14858.948,2936,0,0,0,0,0,0,0,0,0
2003,UKR,KAZ,UKR,KAZ,323674.60000000003,50132955.136,30833692.672,47812.95,14909.018,2936,0,0,0,0,0,0,0,0,0
2004,UKR,KAZ,UKR,KAZ,722563.817,64883060.736,43151646.72,47451.599,15012.985,2936,0,0,0,0,0,0,0,0,0
2005,UKR,KAZ,UKR,KAZ,839775.0800000001,86142017.536,57123672.064,47105.148,15147.029,2916,0,0,0,0,0,0,0,0,0
2006,UKR,KAZ,UKR,KAZ,979726.04,107753070.592,81003864.064,46787.75,15308.084,2916,0,0,0,0,0,0,0,0,0
2007,UKR,KAZ,UKR,KAZ,1517455.151,142719008.768,104849883.136,46509.35,15484.192,2916,0,0,0,0,0,0,0,0,0
2008,UKR,KAZ,UKR,KAZ,2104839.444,179992412.16,133441609.728,46258.202,15674,2916,0,0,1,0,0,0,0,0,0
2009,UKR,KAZ,UKR,KAZ,2131552.968,117227765.76,115308658.688,46053.299,16092.701,2916,0,0,1,0,0,0,0,0,0
2010,UKR,KAZ,UKR,KAZ,1358510.602,136419303.424,148047347.712,45870.701,16321.581,2909,0,0,1,0,0,0,0,0,0
2011,UKR,KAZ,UKR,KAZ,1857546.046,163421732.864,188048965.632,45706.1,16556.601,2909,0,0,1,0,0,0,0,0,0
2012,UKR,KAZ,UKR,KAZ,2922953.2,176603430.912,203517198.336,45593.3,16791.426,2909,0,0,1,0,0,0,0,0,0
2013,UKR,KAZ,UKR,KAZ,2269635.729,177430609.92000002,231876280.32,45489.601,17037.508,2909,0,0,1,0,0,0,0,0,0
2014,UKR,KAZ,UKR,KAZ,1208785.11,133503410.176,221415571.456,45271.946,17289.225,2909,0,0,1,0,0,0,0,0,0
2015,UKR,KAZ,UKR,KAZ,827825.9130000001,91030962.176,184388435.968,45154.03,17544.127,2909,0,0,1,1,0,0,1,0,0
2016,UKR,KAZ,UKR,KAZ,435487.686,93270482.944,133657083.904,45004.646,17797.031,2909,0,0,1,1,0,0,1,0,0
2017,UKR,KAZ,UKR,KAZ,462211.579,112090530.369,166805800.59600002,44831.135,18037.777,2909,0,0,1,1,0,0,1,0,0
2018,UKR,KAZ,UKR,KAZ,388412.488,130891049.797,179339994.859,44622.517,18276.451,2909,0,0,1,1,0,0,1,0,0
2019,UKR,KAZ,UKR,KAZ,378882.878,153882982.016,181667190.076,44386.204,18513.674,2909,0,0,1,1,0,0,1,0,0
2020,UKR,KAZ,UKR,KAZ,341563.476,156617861.449,171082379.533,44132.05,18755.667,2908,0,0,1,1,0,0,1,0,0
1995,UKR,KGZ,UKR,KGZ,4939.983,48213868.544,1661018.496,51512.299,4560.4000000000005,3211,0,0,0,0,0,0,0,0,0
1996,UKR,KGZ,UKR,KGZ,12291.068,44558077.952,1827570.56,51057.19,4628.4000000000005,3211,0,0,0,0,0,0,0,0,0
1997,UKR,KGZ,UKR,KGZ,4272.031,50150400,1767864.064,50594.105,4696.4000000000005,3211,0,0,0,0,0,0,0,0,0
1998,UKR,KGZ,UKR,KGZ,12262.959,41883242.496,1645963.776,50143.94,4769,3211,0,0,0,1,0,0,0,0,0
1999,UKR,KGZ,UKR,KGZ,13738.152,31580639.232,1249062.016,49673.351,4840.4000000000005,3211,0,0,0,1,0,0,0,0,0
2000,UKR,KGZ,UKR,KGZ,6995.973,31261528.064,1369691.904,49175.846,4898.4000000000005,3213,0,0,0,1,0,0,0,0,0
2001,UKR,KGZ,UKR,KGZ,6224.51,38009344,1525113.472,48683.865,4945.1,3213,0,0,0,1,0,0,0,0,0
2002,UKR,KGZ,UKR,KGZ,7842.196,42392895.488,1605640.576,48202.499,4990.7,3213,0,0,0,1,0,0,0,0,0
2003,UKR,KGZ,UKR,KGZ,12564.047,50132955.136,1919012.736,47812.95,5043.3,3213,0,0,0,1,0,0,0,0,0
2004,UKR,KGZ,UKR,KGZ,23287.153,64883060.736,2211535.36,47451.599,5104.7,3213,0,0,0,1,0,0,0,0,0
2005,UKR,KGZ,UKR,KGZ,40097.126,86142017.536,2459876.096,47105.148,5162.6,3217,0,0,0,1,0,0,0,0,0
2006,UKR,KGZ,UKR,KGZ,41881.454,107753070.592,2834168.832,46787.75,5218.4000000000005,3217,0,0,0,1,0,0,0,0,0
2007,UKR,KGZ,UKR,KGZ,79456.016,142719008.768,3802566.144,46509.35,5268.4000000000005,3217,0,0,0,1,0,0,0,0,0
2008,UKR,KGZ,UKR,KGZ,94100.947,179992412.16,5139957.76,46258.202,5318.7,3217,0,0,1,1,0,0,1,0,0
2009,UKR,KGZ,UKR,KGZ,85779.826,117227765.76,4690062.336,46053.299,5383.3,3217,0,0,1,1,0,0,1,0,0
2010,UKR,KGZ,UKR,KGZ,81534.147,136419303.424,4794357.76,45870.701,5447.9000000000005,3222,0,0,1,1,0,0,1,0,0
2011,UKR,KGZ,UKR,KGZ,124917.887,163421732.864,6197766.144,45706.1,5514.6,3222,0,0,1,1,0,0,1,0,0
2012,UKR,KGZ,UKR,KGZ,140040.269,176603430.912,6605139.968,45593.3,5607.2,3222,0,0,1,1,0,0,1,0,0
2013,UKR,KGZ,UKR,KGZ,157387.296,177430609.92000002,7226303.488,45489.601,5719.5,3222,0,0,1,1,0,0,1,0,0
2014,UKR,KGZ,UKR,KGZ,114875.365,133503410.176,7468096.512,45271.946,5835.5,3222,0,0,1,1,0,0,1,0,0
2015,UKR,KGZ,UKR,KGZ,89315.216,91030962.176,6678178.3040000005,45154.03,5956.9000000000005,3226,0,0,1,1,0,0,1,0,0
2016,UKR,KGZ,UKR,KGZ,40430.828,93270482.944,6551287.808,45004.646,6082.7,3226,0,0,1,1,0,0,1,0,0
2017,UKR,KGZ,UKR,KGZ,38889.551,112090530.369,7702934.8,44831.135,6198.2,3226,0,0,1,1,0,0,1,0,0
2018,UKR,KGZ,UKR,KGZ,29684.223,130891049.797,8271108.638,44622.517,6322.8,3226,0,0,1,1,0,0,1,0,0
2019,UKR,KGZ,UKR,KGZ,48471.885,153882982.016,8871026.074000001,44386.204,6456.2,3226,0,0,1,1,0,0,1,0,0
2020,UKR,KGZ,UKR,KGZ,50235.176,156617861.449,7780874.537,44132.05,6579.9000000000005,3230,0,0,1,1,0,0,1,0,0
1992,UKR,LTU,UKR,LTU,134608.525,73942294.528,8562311.168,52150.265,3700.114,844,0,0,0,0,0,0,0,0,0
1994,UKR,LTU,UKR,LTU,128715.692,52549554.176,6958637.056,51921.04,3657.144,844,0,0,0,0,0,0,0,0,0
1995,UKR,LTU,UKR,LTU,134198.997,48213868.544,7904896,51512.299,3629.102,842,0,0,0,0,0,0,0,0,0
1996,UKR,LTU,UKR,LTU,148342.304,44558077.952,8426599.936,51057.19,3601.6130000000003,842,0,0,0,0,0,0,0,0,0
1997,UKR,LTU,UKR,LTU,109523.045,50150400,10128700.416,50594.105,3575.137,842,0,0,0,0,0,0,0,0,0
1998,UKR,LTU,UKR,LTU,105554.832,41883242.496,11254049.792,50143.94,3549.331,842,0,0,0,0,0,0,0,0,0
1999,UKR,LTU,UKR,LTU,74509.871,31580639.232,10971374.592,49673.351,3524.2380000000003,842,0,0,0,0,0,0,0,0,0
2000,UKR,LTU,UKR,LTU,83176.62,31261528.064,11434200.064,49175.846,3499.536,840,0,0,0,0,0,0,0,0,0
2001,UKR,LTU,UKR,LTU,140353.02,38009344,12159224.832,48683.865,3470.818,840,0,0,0,1,0,0,0,0,0
2002,UKR,LTU,UKR,LTU,197440.88,42392895.488,14163949.568,48202.499,3443.067,840,0,0,0,1,0,0,0,0,0
2003,UKR,LTU,UKR,LTU,237615.26,50132955.136,18608709.632,47812.95,3415.213,840,0,0,0,1,0,0,0,0,0
2004,UKR,LTU,UKR,LTU,468600.45,64883060.736,22659295.232,47451.599,3377.0750000000003,840,0,0,0,1,0,0,0,0,0
2005,UKR,LTU,UKR,LTU,209275.929,86142017.536,26085306.368,47105.148,3322.528,835,0,0,0,1,0,0,0,0,0
2006,UKR,LTU,UKR,LTU,278300.322,107753070.592,30246361.088,46787.75,3269.909,835,0,0,0,1,0,0,0,0,0
2007,UKR,LTU,UKR,LTU,363336.827,142719008.768,39325986.816,46509.35,3231.294,835,0,0,0,1,0,0,0,0,0
2008,UKR,LTU,UKR,LTU,438884.371,179992412.16,47438364.672,46258.202,3198.231,835,0,0,1,1,0,0,1,0,0
2009,UKR,LTU,UKR,LTU,193500.47,117227765.76,37050081.28,46053.299,3162.916,835,0,0,1,1,0,0,1,0,0
2010,UKR,LTU,UKR,LTU,264404.707,136419303.424,36709511.168,45870.701,3097.282,830,0,0,1,1,0,0,1,0,0
2011,UKR,LTU,UKR,LTU,317105.775,163421732.864,43083067.392,45706.1,3028.115,830,0,0,1,1,0,0,1,0,0
2012,UKR,LTU,UKR,LTU,279060.41000000003,176603430.912,42343559.168,45593.3,2987.773,830,0,0,1,1,0,0,1,0,0
2013,UKR,LTU,UKR,LTU,324816.928,177430609.92000002,45931966.464,45489.601,2956.121,830,0,0,1,1,0,0,1,0,0
2014,UKR,LTU,UKR,LTU,362109.109,133503410.176,48545251.328,45271.946,2932.367,830,0,0,1,1,0,0,1,0,0
2015,UKR,LTU,UKR,LTU,236300.481,91030962.176,41402023.936,45154.03,2904.91,826,0,0,1,1,0,0,1,0,0
2016,UKR,LTU,UKR,LTU,258220.752,93270482.944,42738876.416,45004.646,2872.298,826,0,0,1,1,0,0,1,0,0
2017,UKR,LTU,UKR,LTU,371621.992,112090530.369,47758736.932,44831.135,2828.403,826,0,0,1,1,0,0,1,0,0
2018,UKR,LTU,UKR,LTU,342713.654,130891049.797,53750911.866,44622.517,2801.543,826,0,0,1,1,0,0,1,0,0
2019,UKR,LTU,UKR,LTU,410784.039,153882982.016,54697379.017000005,44386.204,2794.137,826,0,0,1,1,0,0,1,0,0
2020,UKR,LTU,UKR,LTU,431856.658,156617861.449,56546957.475,44132.05,2794.885,821,0,0,1,1,0,0,1,0,0
1994,UKR,LVA,UKR,LVA,37539.562,52549554.176,5060854.784,51921.04,2520.742,1097,0,0,0,0,0,0,0,0,0
1995,UKR,LVA,UKR,LVA,41755.608,48213868.544,5235719.68,51512.299,2485.056,1095,0,0,0,0,0,0,0,0,0
1996,UKR,LVA,UKR,LVA,77826.941,44558077.952,5585292.8,51057.19,2457.222,1095,0,0,0,0,0,0,0,0,0
1997,UKR,LVA,UKR,LVA,78663.886,50150400,6133234.176,50594.105,2432.851,1095,0,0,0,0,0,0,0,0,0
1998,UKR,LVA,UKR,LVA,77658.363,41883242.496,6616957.44,50143.94,2410.019,1095,0,0,0,0,0,0,0,0,0
1999,UKR,LVA,UKR,LVA,49097.630000000005,31580639.232,7288524.288,49673.351,2390.482,1095,0,0,0,1,0,0,0,0,0
2000,UKR,LVA,UKR,LVA,166491.53,31261528.064,7833068.544,49175.846,2367.55,1093,0,0,0,1,0,0,0,0,0
2001,UKR,LVA,UKR,LVA,251213.86,38009344,8313047.552,48683.865,2337.17,1093,0,0,0,1,0,0,0,0,0
2002,UKR,LVA,UKR,LVA,235004.88,42392895.488,9314784.256,48202.499,2310.173,1093,0,0,0,1,0,0,0,0,0
2003,UKR,LVA,UKR,LVA,266657.12,50132955.136,11186452.48,47812.95,2287.955,1093,0,0,0,1,0,0,0,0,0
2004,UKR,LVA,UKR,LVA,377160.71,64883060.736,13761569.792,47451.599,2263.122,1093,0,0,0,1,0,0,0,0,0
2005,UKR,LVA,UKR,LVA,311367.918,86142017.536,16041840.64,47105.148,2238.799,1089,0,0,0,1,0,0,0,0,0
2006,UKR,LVA,UKR,LVA,286120.151,107753070.592,19935045.632,46787.75,2218.357,1089,0,0,0,1,0,0,0,0,0
2007,UKR,LVA,UKR,LVA,258608.372,142719008.768,28765687.808,46509.35,2200.3250000000003,1089,0,0,0,1,0,0,0,0,0
2008,UKR,LVA,UKR,LVA,280517.778,179992412.16,33669367.808,46258.202,2177.322,1089,0,0,1,1,0,0,1,0,0
2009,UKR,LVA,UKR,LVA,178037.11000000002,117227765.76,25875781.632,46053.299,2141.669,1089,0,0,1,1,0,0,1,0,0
2010,UKR,LVA,UKR,LVA,180165.423,136419303.424,24009680.896,45870.701,2097.555,1084,0,0,1,1,0,0,1,0,0
2011,UKR,LVA,UKR,LVA,221472.888,163421732.864,28480337.92,45706.1,2059.709,1084,0,0,1,1,0,0,1,0,0
2012,UKR,LVA,UKR,LVA,299801.023,176603430.912,28372578.304,45593.3,2034.319,1084,0,0,1,1,0,0,1,0,0
2013,UKR,LVA,UKR,LVA,182581.232,177430609.92000002,30956691.456,45489.601,2013.385,1084,0,0,1,1,0,0,1,0,0
2014,UKR,LVA,UKR,LVA,226189.449,133503410.176,31352250.368,45271.946,1993.782,1084,0,0,1,1,0,0,1,0,0
2015,UKR,LVA,UKR,LVA,150265.284,91030962.176,27026036.736,45154.03,1977.527,1080,0,0,1,1,0,0,1,0,0
2016,UKR,LVA,UKR,LVA,138149.852,93270482.944,27677390.848,45004.646,1960.424,1080,0,0,1,1,0,0,1,0,0
2017,UKR,LVA,UKR,LVA,212820.465,112090530.369,30483806.018,44831.135,1942.248,1080,0,0,1,1,0,0,1,0,0
2018,UKR,LVA,UKR,LVA,294422.088,130891049.797,34429023.435,44622.517,1927.174,1080,0,0,1,1,0,0,1,0,0
2019,UKR,LVA,UKR,LVA,300080.09,153882982.016,34308783.825,44386.204,1913.822,1080,0,0,1,1,0,0,1,0,0
2020,UKR,LVA,UKR,LVA,229350.938,156617861.449,33645460.617,44132.05,1900.449,1076,0,0,1,1,0,0,1,0,0
1994,UKR,MDA,UKR,MDA,122659.327,52549554.176,1702314.368,51921.04,3694,396,0,1,0,0,0,0,0,0,0
1995,UKR,MDA,UKR,MDA,228449.71,48213868.544,1752995.328,51512.299,3675.099,396,0,1,0,0,0,0,0,0,0
1996,UKR,MDA,UKR,MDA,261901.044,44558077.952,1695130.496,51057.19,3667.748,396,0,1,0,0,0,0,0,0,0
1997,UKR,MDA,UKR,MDA,293631.077,50150400,1930071.424,50594.105,3654.208,396,0,1,0,0,0,0,0,0,0
1998,UKR,MDA,UKR,MDA,179964.848,41883242.496,1639497.216,50143.94,3652.732,396,0,1,0,0,0,0,0,0,0
1999,UKR,MDA,UKR,MDA,122348.094,31580639.232,1170785.024,49673.351,3647.001,396,0,1,0,0,0,0,0,0,0
2000,UKR,MDA,UKR,MDA,175825.75,31261528.064,1288420.224,49175.846,3639.592,395,0,1,0,0,0,0,0,0,0
2001,UKR,MDA,UKR,MDA,273768.4,38009344,1480656.896,48683.865,3631.462,395,0,1,0,1,0,0,0,0,0
2002,UKR,MDA,UKR,MDA,301227.92,42392895.488,1661818.112,48202.499,3623.062,395,0,1,0,1,0,0,0,0,0
2003,UKR,MDA,UKR,MDA,485983.33,50132955.136,1980901.504,47812.95,3612.874,395,0,1,0,1,0,0,0,0,0
2004,UKR,MDA,UKR,MDA,659088.22,64883060.736,2598231.552,47451.599,3603.945,395,0,1,0,1,0,0,0,0,0
2005,UKR,MDA,UKR,MDA,678586.103,86142017.536,2988172.544,47105.148,3595.187,395,0,1,0,1,0,0,0,0,0
2006,UKR,MDA,UKR,MDA,671230.5480000001,107753070.592,3408454.144,46787.75,3585.2090000000003,395,0,1,0,1,0,0,0,0,0
2007,UKR,MDA,UKR,MDA,911260.317,142719008.768,4402496,46509.35,3576.91,395,0,1,0,1,0,0,0,0,0
2008,UKR,MDA,UKR,MDA,1171756.05,179992412.16,6054806.016,46258.202,3570.108,395,0,1,1,1,0,0,1,0,0
2009,UKR,MDA,UKR,MDA,693545.411,117227765.76,5439421.9520000005,46053.299,3565.6040000000003,395,0,1,1,1,0,0,1,0,0
2010,UKR,MDA,UKR,MDA,713524.15,136419303.424,5811603.968,45870.701,3562.045,393,0,1,1,1,0,0,1,0,0
2011,UKR,MDA,UKR,MDA,874396.188,163421732.864,7016162.816000001,45706.1,3559.986,393,0,1,1,1,0,0,1,0,0
2012,UKR,MDA,UKR,MDA,822681.54,176603430.912,7284686.336,45593.3,3559.519,393,0,1,1,1,0,0,1,0,0
2013,UKR,MDA,UKR,MDA,903260.381,177430609.92000002,7969618.944,45489.601,3559,393,0,1,1,1,0,0,1,0,0
2014,UKR,MDA,UKR,MDA,743813.2880000001,133503410.176,7983270.912,45271.946,3556.397,393,0,1,1,1,0,0,1,0,0
2015,UKR,MDA,UKR,MDA,524294.018,91030962.176,6512899.584,45154.03,3554.108,392,0,1,1,1,0,0,1,0,0
2016,UKR,MDA,UKR,MDA,481142.617,93270482.944,6749515.776000001,45004.646,3552,392,0,1,1,1,0,0,1,0,0
2017,UKR,MDA,UKR,MDA,711873.88,112090530.369,9669741.744,44831.135,2755.158,392,0,1,1,1,0,0,1,0,0
2018,UKR,MDA,UKR,MDA,789202.24,130891049.797,11457443.185,44622.517,2708.214,392,0,1,1,1,0,0,1,0,0
2019,UKR,MDA,UKR,MDA,726561.508,153882982.016,11971345.003,44386.204,2664.974,392,0,1,1,1,0,0,1,0,0
2020,UKR,MDA,UKR,MDA,679327.181,156617861.449,11859730.544,44132.05,2620.495,391,0,1,1,1,0,0,1,0,0
1996,UKR,RUS,UKR,RUS,6256746.375,44558077.952,391721385.984,51057.19,148160.126,1086,0,1,0,0,0,0,0,0,0
1997,UKR,RUS,UKR,RUS,3982112.44,50150400,404926529.536,50594.105,147915.375,1086,0,1,0,0,0,0,0,0,0
1998,UKR,RUS,UKR,RUS,3282198.256,41883242.496,270953119.744,50143.94,147670.776,1086,0,1,0,0,0,0,0,0,0
1999,UKR,RUS,UKR,RUS,2528356.268,31580639.232,195905765.376,49673.351,147214.783,1086,0,1,0,0,0,0,0,0,0
2000,UKR,RUS,UKR,RUS,3640726.976,31261528.064,259708502.016,49175.846,146596.863,1079,0,1,0,0,0,0,0,0,0
2001,UKR,RUS,UKR,RUS,3810266.06,38009344,306602672.128,48683.865,145976.471,1079,0,1,0,0,0,0,0,0,0
2002,UKR,RUS,UKR,RUS,3194152.969,42392895.488,345110446.08,48202.499,145408.035,1079,0,1,0,0,0,0,0,0,0
2003,UKR,RUS,UKR,RUS,4397982.157,50132955.136,430347780.096,47812.95,144667.465,1079,0,1,0,0,0,0,0,0,0
2004,UKR,RUS,UKR,RUS,6067749.908,64883060.736,591016689.664,47451.599,143821.213,1079,0,1,0,0,0,0,0,0,0
2005,UKR,RUS,UKR,RUS,7741466.181,86142017.536,764000927.744,47105.148,143113.892,1075,0,1,0,0,0,0,0,0,0
2006,UKR,RUS,UKR,RUS,9110267.956,107753070.592,989930520.576,46787.75,142487.259,1075,0,1,0,0,0,0,0,0,0
2007,UKR,RUS,UKR,RUS,13310452.407,142719008.768,1299705233.408,46509.35,142114.899,1075,0,1,0,0,0,0,0,0,0
2008,UKR,RUS,UKR,RUS,16148992.904,179992412.16,1660844376.064,46258.202,141956.40600000002,1075,0,1,1,0,0,0,0,0,0
2009,UKR,RUS,UKR,RUS,8969100.722000001,117227765.76,1222643679.232,46053.299,141909.241,1075,0,1,1,0,0,0,0,0,0
2010,UKR,RUS,UKR,RUS,14002410.235,136419303.424,1524916158.464,45870.701,142385.529,1074,0,1,1,0,0,0,0,0,0
2011,UKR,RUS,UKR,RUS,20000465.961,163421732.864,1904792961.024,45706.1,142956.467,1074,0,1,1,0,0,0,0,0,0
2012,UKR,RUS,UKR,RUS,17955443.327,176603430.912,2017470971.904,45593.3,143177.994,1074,0,1,1,1,0,0,1,0,0
2013,UKR,RUS,UKR,RUS,15790890.011,177430609.92000002,2096777003.008,45489.601,143499.863,1074,0,1,1,1,0,0,1,0,0
2014,UKR,RUS,UKR,RUS,10714366.053,133503410.176,2063662317.568,45271.946,143819.672,1074,0,1,1,1,0,0,1,0,0
2015,UKR,RUS,UKR,RUS,5642800.6620000005,91030962.176,1365865267.2,45154.03,144096.863,1076,0,1,1,1,0,0,1,0,0
2016,UKR,RUS,UKR,RUS,4095951.678,93270482.944,1283162374.144,45004.646,144342.392,1076,0,1,1,1,0,0,1,0,0
2017,UKR,RUS,UKR,RUS,5226243.296,112090530.369,1574199387.071,44831.135,144496.73500000002,1076,0,1,1,1,0,0,1,0,0
2018,UKR,RUS,UKR,RUS,5463934.019,130891049.797,1657329646.184,44622.517,144477.859,1076,0,1,1,1,0,0,1,0,0
2019,UKR,RUS,UKR,RUS,4845318.553,153882982.016,1693113904.263,44386.204,144406.265,1076,0,1,1,1,0,0,1,0,0
2020,UKR,RUS,UKR,RUS,3694160.473,156617861.449,1488321875.49,44132.05,144073.135,1079,0,1,1,1,0,0,1,0,0
1996,UKR,TJK,UKR,TJK,19072.954,44558077.952,1043893.056,51057.19,5862.347,3017,0,0,0,0,0,0,0,0,0
1997,UKR,TJK,UKR,TJK,84549.07400000001,50150400,921843.136,50594.105,5937.177,3017,0,0,0,0,0,0,0,0,0
1998,UKR,TJK,UKR,TJK,75993.963,41883242.496,1320126.72,50143.94,6012.933,3017,0,0,0,0,0,0,0,0,0
1999,UKR,TJK,UKR,TJK,62576.236,31580639.232,1086567.424,49673.351,6094.661,3017,0,0,0,0,0,0,0,0,0
2000,UKR,TJK,UKR,TJK,97393.36,31261528.064,860550.272,49175.846,6186.152,3019,0,0,0,0,0,0,0,0,0
2001,UKR,TJK,UKR,TJK,34701.71,38009344,1080774.016,48683.865,6289.34,3019,0,0,0,0,0,0,0,0,0
2002,UKR,TJK,UKR,TJK,42934.54,42392895.488,1221113.856,48202.499,6404.118,3019,0,0,0,0,0,0,0,0,0
2003,UKR,TJK,UKR,TJK,32295.43,50132955.136,1554125.568,47812.95,6529.609,3019,0,0,0,0,0,0,0,0,0
2004,UKR,TJK,UKR,TJK,28581.81,64883060.736,2076148.736,47451.599,6663.929,3019,0,0,0,0,0,0,0,0,0
2005,UKR,TJK,UKR,TJK,46871.064,86142017.536,2312319.488,47105.148,6805.655,3023,0,0,0,0,0,0,0,0,0
2006,UKR,TJK,UKR,TJK,39793.41,107753070.592,2830236.16,46787.75,6954.522,3023,0,0,0,0,0,0,0,0,0
2007,UKR,TJK,UKR,TJK,51175.206,142719008.768,3719497.472,46509.35,7111.0250000000005,3023,0,0,0,0,0,0,0,0,0
2008,UKR,TJK,UKR,TJK,77663.882,179992412.16,5161336.32,46258.202,7275.252,3023,0,0,1,0,0,0,0,0,0
2009,UKR,TJK,UKR,TJK,80383.062,117227765.76,4979482.112,46053.299,7447.396,3023,0,0,1,0,0,0,0,0,0
2010,UKR,TJK,UKR,TJK,74742.223,136419303.424,5642178.5600000005,45870.701,7627.326,3028,0,0,1,0,0,0,0,0,0
2011,UKR,TJK,UKR,TJK,60246.776,163421732.864,6522732.032000001,45706.1,7814.85,3028,0,0,1,0,0,0,0,0,0
2012,UKR,TJK,UKR,TJK,100810.569,176603430.912,7633049.600000001,45593.3,8008.99,3028,0,0,1,0,0,0,0,0,0
2013,UKR,TJK,UKR,TJK,61333.689,177430609.92000002,8508103.68,45489.601,8207.834,3028,0,0,1,1,0,0,1,0,0
2014,UKR,TJK,UKR,TJK,46720.572,133503410.176,9236308.992,45271.946,8362.745,3028,0,0,1,1,0,0,1,0,0
2015,UKR,TJK,UKR,TJK,29982.887,91030962.176,7853450.24,45154.03,8548.651,3033,0,0,1,1,0,0,1,0,0
2016,UKR,TJK,UKR,TJK,27544.508,93270482.944,6951656.96,45004.646,8734.951000000001,3033,0,0,1,1,0,0,1,0,0
2017,UKR,TJK,UKR,TJK,37249.765,112090530.369,7536439.875,44831.135,8880.27,3033,0,0,1,1,0,0,1,0,0
2018,UKR,TJK,UKR,TJK,36978.957,130891049.797,7765014.424000001,44622.517,9100.847,3033,0,0,1,1,0,0,1,0,0
2019,UKR,TJK,UKR,TJK,37629.379,153882982.016,8300784.857,44386.204,9321.023,3033,0,0,1,1,0,0,1,0,0
2020,UKR,TJK,UKR,TJK,26555.793,156617861.449,8133996.648,44132.05,9537.642,3037,0,0,1,1,0,0,1,0,0
1996,UKR,TKM,UKR,TKM,273972.67,44558077.952,2379281.664,51057.19,4267.6900000000005,2308,0,0,0,0,0,0,0,0,0
1997,UKR,TKM,UKR,TKM,283853.107,50150400,2450084.864,50594.105,4335.991,2308,0,0,0,0,0,0,0,0,0
1998,UKR,TKM,UKR,TKM,183633.781,41883242.496,2605688.064,50143.94,4395.293,2308,0,0,0,0,0,0,0,0,0
1999,UKR,TKM,UKR,TKM,182036.499,31580639.232,2450686.72,49673.351,4449.427,2308,0,0,0,0,0,0,0,0,0
2000,UKR,TKM,UKR,TKM,214285.212,31261528.064,2904662.528,49175.846,4501.419,2310,0,0,0,0,0,0,0,0,0
2001,UKR,TKM,UKR,TKM,106070.97,38009344,3534771.968,48683.865,4551.762,2310,0,0,0,0,0,0,0,0,0
2002,UKR,TKM,UKR,TKM,111748.83,42392895.488,4462028.8,48202.499,4600.171,2310,0,0,0,0,0,0,0,0,0
2003,UKR,TKM,UKR,TKM,177266.79,50132955.136,5977440.768,47812.95,4648.037,2310,0,0,0,0,0,0,0,0,0
2004,UKR,TKM,UKR,TKM,225015.45,64883060.736,6838350.848,47451.599,4696.876,2310,0,0,0,0,0,0,0,0,0
2005,UKR,TKM,UKR,TKM,187126.291,86142017.536,8104355.84,47105.148,4747.839,2314,0,0,0,0,0,0,0,0,0
2006,UKR,TKM,UKR,TKM,132791.734,107753070.592,10277598.208,46787.75,4801.595,2314,0,0,0,0,0,0,0,0,0
2007,UKR,TKM,UKR,TKM,196615.969,142719008.768,12664165.376,46509.35,4858.236,2314,0,0,0,0,0,0,0,0,0
2008,UKR,TKM,UKR,TKM,376927.712,179992412.16,19271522.304,46258.202,4917.543,2314,0,0,1,0,0,0,0,0,0
2009,UKR,TKM,UKR,TKM,325170.115,117227765.76,20214386.688,46053.299,4978.962,2314,0,0,1,0,0,0,0,0,0
2010,UKR,TKM,UKR,TKM,208944.076,136419303.424,22148069.376,45870.701,5041.995,2320,0,0,1,0,0,0,0,0,0
2011,UKR,TKM,UKR,TKM,241899.836,163421732.864,29233334.272,45706.1,5106.668,2320,0,0,1,0,0,0,0,0,0
2012,UKR,TKM,UKR,TKM,528164.876,176603430.912,35164209.152,45593.3,5172.9310000000005,2320,0,0,1,0,0,0,0,0,0
2013,UKR,TKM,UKR,TKM,395087.62,177430609.92000002,41850875.904,45489.601,5240.072,2320,0,0,1,0,0,0,0,0,0
2014,UKR,TKM,UKR,TKM,431334.877,133503410.176,43524210.688,45271.946,5466.241,2320,0,0,1,0,0,0,0,0,0
2015,UKR,TKM,UKR,TKM,170325.74,91030962.176,35799629.824,45154.03,5565.284000000001,2324,0,0,1,0,0,0,0,0,0
2016,UKR,TKM,UKR,TKM,108978.384,93270482.944,36179886.08,45004.646,5662.544,2324,0,0,1,0,0,0,0,0,0
2017,UKR,TKM,UKR,TKM,62210.662,112090530.369,37926285.714,44831.135,5757.667,2324,0,0,1,0,0,0,0,0,0
2018,UKR,TKM,UKR,TKM,56835.891,130891049.797,40765428.571,44622.517,5850.902,2324,0,0,1,0,0,0,0,0,0
2019,UKR,TKM,UKR,TKM,54931.659,153882982.016,45231428.571,44386.204,5942.094,2324,0,0,1,0,0,0,0,0,0
1996,UKR,UZB,UKR,UZB,178065.267,44558077.952,13948892.16,51057.19,23225,2866,0,0,0,0,0,0,0,0,0
1997,UKR,UZB,UKR,UZB,234655.368,50150400,14744603.648,50594.105,23667,2866,0,0,0,0,0,0,0,0,0
1998,UKR,UZB,UKR,UZB,139086.952,41883242.496,14988971.008,50143.94,24051.001,2866,0,0,0,0,0,0,0,0,0
1999,UKR,UZB,UKR,UZB,77485.87,31580639.232,17078465.536000002,49673.351,24311.649,2866,0,0,0,0,0,0,0,0,0
2000,UKR,UZB,UKR,UZB,113504.67,31261528.064,13760374.784,49175.846,24650.4,2867,0,0,0,0,0,0,0,0,0
2001,UKR,UZB,UKR,UZB,108678.38,38009344,11401351.168,48683.865,24964.451,2867,0,0,0,0,0,0,0,0,0
2002,UKR,UZB,UKR,UZB,65516.65,42392895.488,9687951.36,48202.499,25271.851,2867,0,0,0,0,0,0,0,0,0
2003,UKR,UZB,UKR,UZB,83591.94,50132955.136,10128112.64,47812.95,25567.65,2867,0,0,0,0,0,0,0,0,0
2004,UKR,UZB,UKR,UZB,127750.03,64883060.736,12030023.68,47451.599,25864.349,2867,0,0,0,0,0,0,0,0,0
2005,UKR,UZB,UKR,UZB,150638.858,86142017.536,14307510.272,47105.148,26167,2867,0,0,0,0,0,0,0,0,0
2006,UKR,UZB,UKR,UZB,210696.35,107753070.592,17030896.64,46787.75,26488.251,2867,0,0,0,0,0,0,0,0,0
2007,UKR,UZB,UKR,UZB,346922.68,142719008.768,22311393.28,46509.35,26868,2867,0,0,0,0,0,0,0,0,0
2008,UKR,UZB,UKR,UZB,595253.818,179992412.16,27934031.872,46258.202,27302.799,2867,0,0,1,0,0,0,0,0,0
2009,UKR,UZB,UKR,UZB,406172.331,117227765.76,32816828.416,46053.299,27767.401,2867,0,0,1,0,0,0,0,0,0
2010,UKR,UZB,UKR,UZB,228479.62,136419303.424,39332769.792,45870.701,28562.401,2868,0,0,1,0,0,0,0,0,0
2011,UKR,UZB,UKR,UZB,353756.919,163421732.864,45324320.768,45706.1,29339.399,2868,0,0,1,0,0,0,0,0,0
2012,UKR,UZB,UKR,UZB,435930.813,176603430.912,51183443.968,45593.3,29774.5,2868,0,0,1,0,0,0,0,0,0
2013,UKR,UZB,UKR,UZB,351670.193,177430609.92000002,56795656.192,45489.601,30241.1,2868,0,0,1,0,0,0,0,0,0
2014,UKR,UZB,UKR,UZB,308563.694,133503410.176,63067078.656,45271.946,30757.7,2868,0,0,1,0,0,0,0,0,0
2015,UKR,UZB,UKR,UZB,174493.116,91030962.176,66903805.952,45154.03,31298.901,2868,0,0,1,0,0,0,0,0,0
2016,UKR,UZB,UKR,UZB,142392.671,93270482.944,67220336.64,45004.646,31848.2,2868,0,0,1,0,0,0,0,0,0
2017,UKR,UZB,UKR,UZB,182983.769,112090530.369,62081323.299,44831.135,32388.599,2868,0,0,1,0,0,0,0,0,0
2018,UKR,UZB,UKR,UZB,326212.553,130891049.797,52633143.808,44622.517,32956.1,2868,0,0,1,0,0,0,0,0,0
2019,UKR,UZB,UKR,UZB,263899.243,153882982.016,59907674.027,44386.204,33580.349,2868,0,0,1,0,0,0,0,0,0
2020,UKR,UZB,UKR,UZB,314267.51300000004,156617861.449,59894305.353,44132.05,34232.052,2869,0,0,1,0,0,0,0,0,0
1997,UZB,ARM,UZB,ARM,70.39,14744603.648,1639492.48,23667,3137.652,2033,0,0,0,0,0,0,0,0,0
1999,UZB,ARM,UZB,ARM,360.936,17078465.536000002,1845482.24,24311.649,3093.82,2033,0,0,0,0,0,0,0,0,0
2000,UZB,ARM,UZB,ARM,706.583,13760374.784,1911563.648,24650.4,3076.098,2031,0,0,0,0,0,0,0,0,0
2001,UZB,ARM,UZB,ARM,1188.105,11401351.168,2118467.968,24964.451,3059.96,2031,0,0,0,0,0,0,0,0,0
2002,UZB,ARM,UZB,ARM,1186.915,9687951.36,2376335.104,25271.851,3047.002,2031,0,0,0,0,0,0,0,0,0
2003,UZB,ARM,UZB,ARM,1323.48,10128112.64,2807060.992,25567.65,3036.032,2031,0,0,0,1,0,0,0,0,0
2004,UZB,ARM,UZB,ARM,1280.701,12030023.68,3576615.168,25864.349,3025.652,2031,0,0,0,1,0,0,0,0,0
2005,UZB,ARM,UZB,ARM,1345.198,14307510.272,4900436.992000001,26167,3014.917,2026,0,0,0,1,0,0,0,0,0
2006,UZB,ARM,UZB,ARM,1838.726,17030896.64,6384457.728,26488.251,3002.911,2026,0,0,0,1,0,0,0,0,0
2007,UZB,ARM,UZB,ARM,10427.924,22311393.28,9206301.696,26868,2989.882,2026,0,0,0,1,0,0,0,0,0
2008,UZB,ARM,UZB,ARM,10531.766,27934031.872,11662041.088,27302.799,2977.4880000000003,2026,0,0,0,1,0,0,0,0,0
2009,UZB,ARM,UZB,ARM,3206.012,32816828.416,8647937.024,27767.401,2968.154,2026,0,0,0,1,0,0,0,0,0
2010,UZB,ARM,UZB,ARM,5699.284000000001,39332769.792,9260286.976,28562.401,2963.496,2020,0,0,0,1,0,0,0,0,0
2011,UZB,ARM,UZB,ARM,2863.609,45324320.768,10142343.168,29339.399,2964.12,2020,0,0,0,1,0,0,0,0,0
2012,UZB,ARM,UZB,ARM,2775.207,51183443.968,9958217.728,29774.5,2969.081,2020,0,0,0,1,0,0,0,0,0
2013,UZB,ARM,UZB,ARM,1556.203,56795656.192,10432169.984,30241.1,2976.5660000000003,2020,0,0,0,1,0,0,0,0,0
2014,UZB,ARM,UZB,ARM,1217.415,63067078.656,11609512.96,30757.7,2906.2200000000003,2020,0,0,0,1,0,0,0,0,0
2015,UZB,ARM,UZB,ARM,1645.663,66903805.952,10529182.72,31298.901,2916.9500000000003,2015,0,0,0,1,0,0,0,0,0
2016,UZB,ARM,UZB,ARM,1588.532,67220336.64,10547331.072,31848.2,2924.8160000000003,2015,0,0,0,1,0,0,0,0,0
2017,UZB,ARM,UZB,ARM,1399.87,62081323.299,11527458.566,32388.599,2944.789,2015,0,0,0,1,0,0,0,0,0
2018,UZB,ARM,UZB,ARM,2535.491,52633143.808,12457941.907,32956.1,2951.741,2015,0,0,0,1,0,0,0,0,0
2019,UZB,ARM,UZB,ARM,3317.4790000000003,59907674.027,13619291.361,33580.349,2957.728,2015,0,0,0,1,0,0,0,0,0
2020,UZB,ARM,UZB,ARM,6121.9000000000005,59894305.353,12641209.802,34232.052,2963.234,2010,0,0,0,1,0,0,0,0,0
1996,UZB,AZE,UZB,AZE,7223.256,13948892.16,3176749.568,23225,7763,1600,0,0,0,0,0,0,0,0,0
1997,UZB,AZE,UZB,AZE,5520.469,14744603.648,3962710.272,23667,7838.25,1600,0,0,0,0,0,0,0,0,0
1998,UZB,AZE,UZB,AZE,2784.099,14988971.008,4446396.416,24051.001,7913,1600,0,0,0,0,0,0,0,0,0
1999,UZB,AZE,UZB,AZE,420.626,17078465.536000002,4581222.4,24311.649,7982.75,1600,0,0,0,0,0,0,0,0,0
2000,UZB,AZE,UZB,AZE,751.313,13760374.784,5272616.96,24650.4,8048.6,1597,0,0,0,0,0,0,0,0,0
2001,UZB,AZE,UZB,AZE,6088.643,11401351.168,5707618.3040000005,24964.451,8111.2,1597,0,0,0,0,0,0,0,0,0
2002,UZB,AZE,UZB,AZE,1410.236,9687951.36,6236024.832,25271.851,8171.95,1597,0,0,0,0,0,0,0,0,0
2003,UZB,AZE,UZB,AZE,2060.645,10128112.64,7275766.272,25567.65,8234.1,1597,0,0,0,0,0,0,0,0,0
2004,UZB,AZE,UZB,AZE,79664.544,12030023.68,8680511.488,25864.349,8306.5,1597,0,0,0,0,0,0,0,0,0
2005,UZB,AZE,UZB,AZE,99800.872,14307510.272,13245421.568,26167,8391.85,1591,0,0,0,0,0,0,0,0,0
2006,UZB,AZE,UZB,AZE,27489.307,17030896.64,20982269.952,26488.251,8484.55,1591,0,0,0,0,0,0,0,0,0
2007,UZB,AZE,UZB,AZE,19131.47,22311393.28,33050343.424,26868,8581.3,1591,0,0,0,0,0,0,0,0,0
2008,UZB,AZE,UZB,AZE,22439.016,27934031.872,48852484.096,27302.799,8763.4,1591,0,0,0,0,0,0,0,0,0
2009,UZB,AZE,UZB,AZE,12365.815,32816828.416,44291489.792,27767.401,8947.243,1591,0,0,0,0,0,0,0,0,0
2010,UZB,AZE,UZB,AZE,12332.704,39332769.792,52902703.104,28562.401,9054.332,1582,0,0,0,0,0,0,0,0,0
2011,UZB,AZE,UZB,AZE,50555.124,45324320.768,65951625.216,29339.399,9173.082,1582,0,0,0,0,0,0,0,0,0
2012,UZB,AZE,UZB,AZE,8027.397,51183443.968,68730904.576,29774.5,9295.784,1582,0,0,0,0,0,0,0,0,0
2013,UZB,AZE,UZB,AZE,10769.362,56795656.192,73560481.792,30241.1,9416.598,1582,0,0,0,0,0,0,0,0,0
2014,UZB,AZE,UZB,AZE,23611.939,63067078.656,75244167.168,30757.7,9535.079,1582,0,0,0,0,0,0,0,0,0
2015,UZB,AZE,UZB,AZE,6135.196,66903805.952,53074370.56,31298.901,9649.341,1576,0,0,0,0,0,0,0,0,0
2016,UZB,AZE,UZB,AZE,11910.373,67220336.64,37847715.84,31848.2,9762.274,1576,0,0,0,0,0,0,0,0,0
2017,UZB,AZE,UZB,AZE,26041.291,62081323.299,40865558.912,32388.599,9854.033,1576,0,0,0,0,0,0,0,0,0
2018,UZB,AZE,UZB,AZE,34597.267,52633143.808,47112941.176,32956.1,9939.771,1576,0,0,0,0,0,0,0,0,0
2019,UZB,AZE,UZB,AZE,53092.338,59907674.027,48174235.294,33580.349,10024.283,1576,0,0,0,0,0,0,0,0,0
2020,UZB,AZE,UZB,AZE,59186.71,59894305.353,42693000,34232.052,10093.121,1569,0,0,0,0,0,0,0,0,0
1998,UZB,BLR,UZB,BLR,35137.47,14988971.008,15222014.976,24051.001,10069,3321,0,0,0,0,0,0,0,0,0
1999,UZB,BLR,UZB,BLR,25072.675,17078465.536000002,12138485.76,24311.649,10035,3321,0,0,0,0,0,0,0,0,0
2000,UZB,BLR,UZB,BLR,23996.5,13760374.784,12736856.064,24650.4,10005,3323,0,0,0,0,0,0,0,0,0
2001,UZB,BLR,UZB,BLR,17579.7,11401351.168,12354820.096,24964.451,9928,3323,0,0,0,0,0,0,0,0,0
2002,UZB,BLR,UZB,BLR,11955.7,9687951.36,14594925.568,25271.851,9865,3323,0,0,0,0,0,0,0,0,0
2003,UZB,BLR,UZB,BLR,10665,10128112.64,17825435.648000002,25567.65,9797,3323,0,0,0,0,0,0,0,0,0
2004,UZB,BLR,UZB,BLR,11259.6,12030023.68,23141586.944,25864.349,9730,3323,0,0,0,0,0,0,0,0,0
2005,UZB,BLR,UZB,BLR,13866.7,14307510.272,30210091.008,26167,9663,3322,0,0,0,0,0,0,0,0,0
2006,UZB,BLR,UZB,BLR,16193.5,17030896.64,36961918.976,26488.251,9604,3322,0,0,0,0,0,0,0,0,0
2007,UZB,BLR,UZB,BLR,21626.4,22311393.28,45275713.536,26868,9560,3322,0,0,0,0,0,0,0,0,0
2008,UZB,BLR,UZB,BLR,29930,27934031.872,60763484.16,27302.799,9528,3322,0,0,0,0,0,0,0,0,0
2009,UZB,BLR,UZB,BLR,23042.9,32816828.416,49208655.872,27767.401,9507,3322,0,0,0,0,0,0,0,0,0
2010,UZB,BLR,UZB,BLR,58525.5,39332769.792,55220932.608,28562.401,9490,3320,0,0,0,0,0,0,0,0,0
2011,UZB,BLR,UZB,BLR,44318.2,45324320.768,59734593.536,29339.399,9473,3320,0,0,0,0,0,0,0,0,0
2012,UZB,BLR,UZB,BLR,28962.8,51183443.968,63615447.04,29774.5,9464,3320,0,0,0,0,0,0,0,0,0
2013,UZB,BLR,UZB,BLR,33613,56795656.192,71709515.77600001,30241.1,9466,3320,0,0,0,0,0,0,0,0,0
2014,UZB,BLR,UZB,BLR,21709.1,63067078.656,78813052.928,30757.7,9474.511,3320,0,0,0,0,0,0,0,0,0
2015,UZB,BLR,UZB,BLR,27763.1,66903805.952,56454774.784,31298.901,9489.616,3318,0,0,0,0,0,0,0,0,0
2016,UZB,BLR,UZB,BLR,27212.6,67220336.64,47433441.28,31848.2,9507.12,3318,0,0,0,0,0,0,0,0,0
2017,UZB,BLR,UZB,BLR,34073.7,62081323.299,54726595.249,32388.599,9458.989,3318,0,0,0,0,0,0,0,0,0
2018,UZB,BLR,UZB,BLR,43294.5,52633143.808,60031262.269,32956.1,9438.785,3318,0,0,0,0,0,0,0,0,0
2019,UZB,BLR,UZB,BLR,50678.1,59907674.027,64409647.194,33580.349,9419.758,3318,0,0,0,0,0,0,0,0,0
2020,UZB,BLR,UZB,BLR,42621.1,59894305.353,61489588.895,34232.052,9379.952,3315,0,0,0,0,0,0,0,0,0
1995,UZB,EST,UZB,EST,10706.651,13350461.44,4362191.36,22785,1436.634,3648,0,0,0,0,0,0,0,0,0
1996,UZB,EST,UZB,EST,25482.354,13948892.16,4739181.568,23225,1415.594,3648,0,0,0,0,0,0,0,0,0
1997,UZB,EST,UZB,EST,31652.925,14744603.648,5059146.752,23667,1399.535,3648,0,0,0,0,0,0,0,0,0
1998,UZB,EST,UZB,EST,29674.229,14988971.008,5608007.1680000005,24051.001,1386.156,3648,0,0,0,0,0,0,0,0,0
1999,UZB,EST,UZB,EST,25479.001,17078465.536000002,5715278.848,24311.649,1380.62,3648,0,0,0,1,0,0,0,0,0
2000,UZB,EST,UZB,EST,65379.186,13760374.784,5685561.3440000005,24650.4,1396.985,3647,0,0,0,1,0,0,0,0,0
2001,UZB,EST,UZB,EST,23951.104,11401351.168,6233506.3040000005,24964.451,1388.115,3647,0,0,0,1,0,0,0,0,0
2002,UZB,EST,UZB,EST,16933.02,9687951.36,7308609.024,25271.851,1379.35,3647,0,0,0,1,0,0,0,0,0
2003,UZB,EST,UZB,EST,11410.52,10128112.64,9822143.488,25567.65,1370.72,3647,0,0,0,1,0,0,0,0,0
2004,UZB,EST,UZB,EST,5551.001,12030023.68,12057639.936,25864.349,1362.55,3647,0,0,0,1,0,0,0,0,0
2005,UZB,EST,UZB,EST,11729.341,14307510.272,14003096.576,26167,1354.775,3645,0,0,0,1,0,0,0,0,0
2006,UZB,EST,UZB,EST,10493.297,17030896.64,16958045.184,26488.251,1346.81,3645,0,0,0,1,0,0,0,0,0
2007,UZB,EST,UZB,EST,5318.244,22311393.28,22228670.464,26868,1340.68,3645,0,0,0,1,0,0,0,0,0
2008,UZB,EST,UZB,EST,6681.032,27934031.872,24185794.56,27302.799,1337.09,3645,0,0,0,1,0,0,0,0,0
2009,UZB,EST,UZB,EST,3714.747,32816828.416,19640621.056,27767.401,1334.515,3645,0,0,0,1,0,0,0,0,0
2010,UZB,EST,UZB,EST,1110.377,39332769.792,19479013.376,28562.401,1331.475,3642,0,0,0,1,0,0,0,0,0
2011,UZB,EST,UZB,EST,1819.923,45324320.768,22803433.472,29339.399,1327.439,3642,0,0,0,1,0,0,0,0,0
2012,UZB,EST,UZB,EST,1014.623,51183443.968,22660753.408,29774.5,1325.016,3642,0,0,0,1,0,0,0,0,0
2013,UZB,EST,UZB,EST,785.049,56795656.192,24880265.216,30241.1,1324.612,3642,0,0,0,1,0,0,0,0,0
2014,UZB,EST,UZB,EST,1082.927,63067078.656,26213941.248,30757.7,1314.545,3642,0,0,0,1,0,0,0,0,0
2015,UZB,EST,UZB,EST,1034.58,66903805.952,22460471.296,31298.901,1315.407,3640,0,0,0,1,0,0,0,0,0
2016,UZB,EST,UZB,EST,2310.438,67220336.64,23136741.376,31848.2,1316.481,3640,0,0,0,1,0,0,0,0,0
2017,UZB,EST,UZB,EST,2209.938,62081323.299,26924385.103,32388.599,1317.384,3640,0,0,0,1,0,0,0,0,0
2018,UZB,EST,UZB,EST,26054.194,52633143.808,30489500.905,32956.1,1321.977,3640,0,0,0,1,0,0,0,0,0
2019,UZB,EST,UZB,EST,11485.121,59907674.027,31045591.753,33580.349,1326.855,3640,0,0,0,1,0,0,0,0,0
2020,UZB,EST,UZB,EST,13831.09,59894305.353,30650285.472,34232.052,1329.479,3637,0,0,0,1,0,0,0,0,0
1996,UZB,GEO,UZB,GEO,978.63,13948892.16,3094915.5840000003,23225,4616.1,1980,0,0,0,0,0,0,0,0,0
1997,UZB,GEO,UZB,GEO,766.227,14744603.648,3510540.8000000003,23667,4531.6,1980,0,0,0,0,0,0,0,0,0
1998,UZB,GEO,UZB,GEO,741.726,14988971.008,3613500.16,24051.001,4487.3,1980,0,0,0,0,0,0,0,0,0
1999,UZB,GEO,UZB,GEO,4357.138,17078465.536000002,2800024.32,24311.649,4452.5,1980,0,0,0,0,0,0,0,0,0
2000,UZB,GEO,UZB,GEO,6933.954,13760374.784,3057453.568,24650.4,4418.3,1977,0,0,0,1,0,0,0,0,0
2001,UZB,GEO,UZB,GEO,1496.425,11401351.168,3219487.744,24964.451,4386.4000000000005,1977,0,0,0,1,0,0,0,0,0
2002,UZB,GEO,UZB,GEO,376.222,9687951.36,3395778.56,25271.851,4357,1977,0,0,0,1,0,0,0,0,0
2003,UZB,GEO,UZB,GEO,1019.258,10128112.64,3991374.592,25567.65,4328.9,1977,0,0,0,1,0,0,0,0,0
2004,UZB,GEO,UZB,GEO,14986.613,12030023.68,5125274.112,25864.349,4318.3,1977,0,0,0,1,0,0,0,0,0
2005,UZB,GEO,UZB,GEO,3326.518,14307510.272,6411147.264,26167,4361.4,1972,0,0,0,1,0,0,0,0,0
2006,UZB,GEO,UZB,GEO,4873.9490000000005,17030896.64,7761900.032000001,26488.251,4398,1972,0,0,0,1,0,0,0,0,0
2007,UZB,GEO,UZB,GEO,11056.373,22311393.28,10172260.352,26868,4388.4000000000005,1972,0,0,0,1,0,0,0,0,0
2008,UZB,GEO,UZB,GEO,7335.244000000001,27934031.872,12799337.472,27302.799,4383.8,1972,0,0,0,1,0,0,0,0,0
2009,UZB,GEO,UZB,GEO,3513.6,32816828.416,10766836.736,27767.401,4410.9000000000005,1972,0,0,0,1,0,0,0,0,0
2010,UZB,GEO,UZB,GEO,9707.231,39332769.792,11638537.216,28562.401,4452.8,1966,0,0,0,1,0,0,0,0,0
2011,UZB,GEO,UZB,GEO,11710.404,45324320.768,14434620.416,29339.399,4483.35,1966,0,0,0,1,0,0,0,0,0
2012,UZB,GEO,UZB,GEO,12147.736,51183443.968,15846474.752,29774.5,4490.7,1966,0,0,0,1,0,0,0,0,0
2013,UZB,GEO,UZB,GEO,15474.115,56795656.192,16140047.36,30241.1,4476.9000000000005,1966,0,0,0,1,0,0,0,0,0
2014,UZB,GEO,UZB,GEO,13446.325,63067078.656,16509305.856,30757.7,3727,1966,0,0,0,1,0,0,0,0,0
2015,UZB,GEO,UZB,GEO,7015.685,66903805.952,13993546.752,31298.901,3717.1,1961,0,0,0,1,0,0,0,0,0
2016,UZB,GEO,UZB,GEO,9268.301,67220336.64,14332879.872,31848.2,3719.3,1961,0,0,0,1,0,0,0,0,0
2017,UZB,GEO,UZB,GEO,61915.979,62081323.299,16242916.916,32388.599,3728.004,1961,0,0,0,1,0,0,0,0,0
2018,UZB,GEO,UZB,GEO,9073.729,52633143.808,17596922.47,32956.1,3726.549,1961,0,0,0,1,0,0,0,0,0
2019,UZB,GEO,UZB,GEO,17315.3,59907674.027,17470436.259,33580.349,3720.161,1961,0,0,0,1,0,0,0,0,0
2020,UZB,GEO,UZB,GEO,24586.285,59894305.353,15842922.533,34232.052,3722.716,1956,0,0,0,1,0,0,0,0,0
1995,UZB,KAZ,UZB,KAZ,269481.536,13350461.44,20374306.816,22785,15815.626,536,0,1,0,0,0,0,0,0,0
1996,UZB,KAZ,UZB,KAZ,89249.479,13948892.16,21035358.208,23225,15577.894,536,0,1,0,0,0,0,0,0,0
1997,UZB,KAZ,UZB,KAZ,65955.225,14744603.648,22165932.032,23667,15333.703,536,0,1,0,0,0,0,0,0,0
1998,UZB,KAZ,UZB,KAZ,95408.312,14988971.008,22135244.8,24051.001,15071.3,536,0,1,0,0,0,0,0,0,0
1999,UZB,KAZ,UZB,KAZ,92770.73,17078465.536000002,16870816.768,24311.649,14928.426,536,0,1,0,0,0,0,0,0,0
2000,UZB,KAZ,UZB,KAZ,70502,13760374.784,18291990.528,24650.4,14883.626,525,0,1,0,0,0,0,0,0,0
2001,UZB,KAZ,UZB,KAZ,81084.5,11401351.168,22152689.664,24964.451,14858.335,525,0,1,0,0,0,0,0,0,0
2002,UZB,KAZ,UZB,KAZ,86522.8,9687951.36,24636598.272,25271.851,14858.948,525,0,1,0,0,0,0,0,0,0
2003,UZB,KAZ,UZB,KAZ,89714.2,10128112.64,30833692.672,25567.65,14909.018,525,0,1,0,0,0,0,0,0,0
2004,UZB,KAZ,UZB,KAZ,227608.208,12030023.68,43151646.72,25864.349,15012.985,525,0,1,0,0,0,0,0,0,0
2005,UZB,KAZ,UZB,KAZ,254455.735,14307510.272,57123672.064,26167,15147.029,522,0,1,0,0,0,0,0,0,0
2006,UZB,KAZ,UZB,KAZ,319090.213,17030896.64,81003864.064,26488.251,15308.084,522,0,1,0,0,0,0,0,0,0
2007,UZB,KAZ,UZB,KAZ,538469.907,22311393.28,104849883.136,26868,15484.192,522,0,1,0,0,0,0,0,0,0
2008,UZB,KAZ,UZB,KAZ,516080.548,27934031.872,133441609.728,27302.799,15674,522,0,1,0,0,0,0,0,0,0
2009,UZB,KAZ,UZB,KAZ,304414.004,32816828.416,115308658.688,27767.401,16092.701,522,0,1,0,0,0,0,0,0,0
2010,UZB,KAZ,UZB,KAZ,473310.744,39332769.792,148047347.712,28562.401,16321.581,516,0,1,0,0,0,0,0,0,0
2011,UZB,KAZ,UZB,KAZ,770558.3910000001,45324320.768,188048965.632,29339.399,16556.601,516,0,1,0,0,0,0,0,0,0
2012,UZB,KAZ,UZB,KAZ,817199.9,51183443.968,203517198.336,29774.5,16791.426,516,0,1,0,0,0,0,0,0,0
2013,UZB,KAZ,UZB,KAZ,970083.488,56795656.192,231876280.32,30241.1,17037.508,516,0,1,0,0,0,0,0,0,0
2014,UZB,KAZ,UZB,KAZ,1017662.4,63067078.656,221415571.456,30757.7,17289.225,516,0,1,0,0,0,0,0,0,0
2015,UZB,KAZ,UZB,KAZ,725684.464,66903805.952,184388435.968,31298.901,17544.127,501,0,1,0,1,0,0,0,0,0
2016,UZB,KAZ,UZB,KAZ,587801.437,67220336.64,133657083.904,31848.2,17797.031,501,0,1,0,1,0,0,0,0,0
2017,UZB,KAZ,UZB,KAZ,977255.718,62081323.299,166805800.59600002,32388.599,18037.777,501,0,1,0,1,0,0,0,0,0
2018,UZB,KAZ,UZB,KAZ,1219612.433,52633143.808,179339994.859,32956.1,18276.451,501,0,1,0,1,0,0,0,0,0
2019,UZB,KAZ,UZB,KAZ,1205693.55,59907674.027,181667190.076,33580.349,18513.674,501,0,1,0,1,0,0,0,0,0
2020,UZB,KAZ,UZB,KAZ,780144.463,59894305.353,171082379.533,34232.052,18755.667,488,0,1,0,1,0,0,0,0,0
1995,UZB,KGZ,UZB,KGZ,88921.897,13350461.44,1661018.496,22785,4560.4000000000005,462,0,1,0,0,0,0,0,0,0
1996,UZB,KGZ,UZB,KGZ,131556.309,13948892.16,1827570.56,23225,4628.4000000000005,462,0,1,0,0,0,0,0,0,0
1998,UZB,KGZ,UZB,KGZ,122233.02,14988971.008,1645963.776,24051.001,4769,462,0,1,0,1,0,0,0,0,0
1999,UZB,KGZ,UZB,KGZ,49961.188,17078465.536000002,1249062.016,24311.649,4840.4000000000005,462,0,1,0,1,0,0,0,0,0
2000,UZB,KGZ,UZB,KGZ,74573.085,13760374.784,1369691.904,24650.4,4898.4000000000005,460,0,1,0,1,0,0,0,0,0
2001,UZB,KGZ,UZB,KGZ,66733.59,11401351.168,1525113.472,24964.451,4945.1,460,0,1,0,1,0,0,0,0,0
2002,UZB,KGZ,UZB,KGZ,60144.005000000005,9687951.36,1605640.576,25271.851,4990.7,460,0,1,0,1,0,0,0,0,0
2003,UZB,KGZ,UZB,KGZ,39214.888,10128112.64,1919012.736,25567.65,5043.3,460,0,1,0,1,0,0,0,0,0
2004,UZB,KGZ,UZB,KGZ,51881.159,12030023.68,2211535.36,25864.349,5104.7,460,0,1,0,1,0,0,0,0,0
2005,UZB,KGZ,UZB,KGZ,60112.086,14307510.272,2459876.096,26167,5162.6,460,0,1,0,1,0,0,0,0,0
2006,UZB,KGZ,UZB,KGZ,65000.380000000005,17030896.64,2834168.832,26488.251,5218.4000000000005,460,0,1,0,1,0,0,0,0,0
2007,UZB,KGZ,UZB,KGZ,120855.54,22311393.28,3802566.144,26868,5268.4000000000005,460,0,1,0,1,0,0,0,0,0
2008,UZB,KGZ,UZB,KGZ,160077.322,27934031.872,5139957.76,27302.799,5318.7,460,0,1,0,1,0,0,0,0,0
2009,UZB,KGZ,UZB,KGZ,114422.838,32816828.416,4690062.336,27767.401,5383.3,460,0,1,0,1,0,0,0,0,0
2010,UZB,KGZ,UZB,KGZ,93832.226,39332769.792,4794357.76,28562.401,5447.9000000000005,462,0,1,0,1,0,0,0,0,0
2011,UZB,KGZ,UZB,KGZ,84313.518,45324320.768,6197766.144,29339.399,5514.6,462,0,1,0,1,0,0,0,0,0
2012,UZB,KGZ,UZB,KGZ,63153.836,51183443.968,6605139.968,29774.5,5607.2,462,0,1,0,1,0,0,0,0,0
2013,UZB,KGZ,UZB,KGZ,97609.815,56795656.192,7226303.488,30241.1,5719.5,462,0,1,0,1,0,0,0,0,0
2014,UZB,KGZ,UZB,KGZ,106516.006,63067078.656,7468096.512,30757.7,5835.5,462,0,1,0,1,0,0,0,0,0
2015,UZB,KGZ,UZB,KGZ,59219.231,66903805.952,6678178.3040000005,31298.901,5956.9000000000005,463,0,1,0,1,0,0,0,0,0
2016,UZB,KGZ,UZB,KGZ,69766.73,67220336.64,6551287.808,31848.2,6082.7,463,0,1,0,1,0,0,0,0,0
2017,UZB,KGZ,UZB,KGZ,167801.162,62081323.299,7702934.8,32388.599,6198.2,463,0,1,0,1,0,0,0,0,0
2018,UZB,KGZ,UZB,KGZ,251157.054,52633143.808,8271108.638,32956.1,6322.8,463,0,1,0,1,0,0,0,0,0
2019,UZB,KGZ,UZB,KGZ,634430.81,59907674.027,8871026.074000001,33580.349,6456.2,463,0,1,0,1,0,0,0,0,0
2020,UZB,KGZ,UZB,KGZ,754763.263,59894305.353,7780874.537,34232.052,6579.9000000000005,465,0,1,0,1,0,0,0,0,0
1992,UZB,LTU,UZB,LTU,38776.782,12953800.704,8562311.168,21448.999,3700.114,3518,0,0,0,0,0,0,0,0,0
1994,UZB,LTU,UZB,LTU,18811.656,12899074.048,6958637.056,22377.001,3657.144,3518,0,0,0,0,0,0,0,0,0
1995,UZB,LTU,UZB,LTU,27246.471,13350461.44,7904896,22785,3629.102,3517,0,0,0,0,0,0,0,0,0
1996,UZB,LTU,UZB,LTU,16978.38,13948892.16,8426599.936,23225,3601.6130000000003,3517,0,0,0,0,0,0,0,0,0
1997,UZB,LTU,UZB,LTU,7586.683,14744603.648,10128700.416,23667,3575.137,3517,0,0,0,0,0,0,0,0,0
1998,UZB,LTU,UZB,LTU,3361.182,14988971.008,11254049.792,24051.001,3549.331,3517,0,0,0,0,0,0,0,0,0
1999,UZB,LTU,UZB,LTU,2890.815,17078465.536000002,10971374.592,24311.649,3524.2380000000003,3517,0,0,0,0,0,0,0,0,0
2000,UZB,LTU,UZB,LTU,18518.125,13760374.784,11434200.064,24650.4,3499.536,3515,0,0,0,0,0,0,0,0,0
2001,UZB,LTU,UZB,LTU,15118.359,11401351.168,12159224.832,24964.451,3470.818,3515,0,0,0,1,0,0,0,0,0
2002,UZB,LTU,UZB,LTU,6809.226000000001,9687951.36,14163949.568,25271.851,3443.067,3515,0,0,0,1,0,0,0,0,0
2003,UZB,LTU,UZB,LTU,7550.437,10128112.64,18608709.632,25567.65,3415.213,3515,0,0,0,1,0,0,0,0,0
2004,UZB,LTU,UZB,LTU,3713.497,12030023.68,22659295.232,25864.349,3377.0750000000003,3515,0,0,0,1,0,0,0,0,0
2005,UZB,LTU,UZB,LTU,14175.642,14307510.272,26085306.368,26167,3322.528,3513,0,0,0,1,0,0,0,0,0
2006,UZB,LTU,UZB,LTU,21476.478,17030896.64,30246361.088,26488.251,3269.909,3513,0,0,0,1,0,0,0,0,0
2007,UZB,LTU,UZB,LTU,22607.955,22311393.28,39325986.816,26868,3231.294,3513,0,0,0,1,0,0,0,0,0
2008,UZB,LTU,UZB,LTU,36109.779,27934031.872,47438364.672,27302.799,3198.231,3513,0,0,0,1,0,0,0,0,0
2009,UZB,LTU,UZB,LTU,5187.027,32816828.416,37050081.28,27767.401,3162.916,3513,0,0,0,1,0,0,0,0,0
2010,UZB,LTU,UZB,LTU,8119.242,39332769.792,36709511.168,28562.401,3097.282,3509,0,0,0,1,0,0,0,0,0
2011,UZB,LTU,UZB,LTU,4594.825,45324320.768,43083067.392,29339.399,3028.115,3509,0,0,0,1,0,0,0,0,0
2012,UZB,LTU,UZB,LTU,3868.245,51183443.968,42343559.168,29774.5,2987.773,3509,0,0,0,1,0,0,0,0,0
2013,UZB,LTU,UZB,LTU,25835.438,56795656.192,45931966.464,30241.1,2956.121,3509,0,0,0,1,0,0,0,0,0
2014,UZB,LTU,UZB,LTU,10250.829,63067078.656,48545251.328,30757.7,2932.367,3509,0,0,0,1,0,0,0,0,0
2015,UZB,LTU,UZB,LTU,4866.233,66903805.952,41402023.936,31298.901,2904.91,3506,0,0,0,1,0,0,0,0,0
2016,UZB,LTU,UZB,LTU,4109.9800000000005,67220336.64,42738876.416,31848.2,2872.298,3506,0,0,0,1,0,0,0,0,0
2017,UZB,LTU,UZB,LTU,7537.1,62081323.299,47758736.932,32388.599,2828.403,3506,0,0,0,1,0,0,0,0,0
2018,UZB,LTU,UZB,LTU,10760.663,52633143.808,53750911.866,32956.1,2801.543,3506,0,0,0,1,0,0,0,0,0
2019,UZB,LTU,UZB,LTU,21665.642,59907674.027,54697379.017000005,33580.349,2794.137,3506,0,0,0,1,0,0,0,0,0
2020,UZB,LTU,UZB,LTU,37405.515,59894305.353,56546957.475,34232.052,2794.885,3503,0,0,0,1,0,0,0,0,0
1994,UZB,LVA,UZB,LVA,710.4490000000001,12899074.048,5060854.784,22377.001,2520.742,3628,0,0,0,0,0,0,0,0,0
1995,UZB,LVA,UZB,LVA,2339.893,13350461.44,5235719.68,22785,2485.056,3627,0,0,0,0,0,0,0,0,0
1996,UZB,LVA,UZB,LVA,7726.111,13948892.16,5585292.8,23225,2457.222,3627,0,0,0,0,0,0,0,0,0
1997,UZB,LVA,UZB,LVA,5387.52,14744603.648,6133234.176,23667,2432.851,3627,0,0,0,0,0,0,0,0,0
1998,UZB,LVA,UZB,LVA,6319.991,14988971.008,6616957.44,24051.001,2410.019,3627,0,0,0,0,0,0,0,0,0
1999,UZB,LVA,UZB,LVA,3052.137,17078465.536000002,7288524.288,24311.649,2390.482,3627,0,0,0,1,0,0,0,0,0
2000,UZB,LVA,UZB,LVA,3842.784,13760374.784,7833068.544,24650.4,2367.55,3626,0,0,0,1,0,0,0,0,0
2001,UZB,LVA,UZB,LVA,2278.753,11401351.168,8313047.552,24964.451,2337.17,3626,0,0,0,1,0,0,0,0,0
2002,UZB,LVA,UZB,LVA,2241.029,9687951.36,9314784.256,25271.851,2310.173,3626,0,0,0,1,0,0,0,0,0
2003,UZB,LVA,UZB,LVA,5016.156,10128112.64,11186452.48,25567.65,2287.955,3626,0,0,0,1,0,0,0,0,0
2004,UZB,LVA,UZB,LVA,9029.916,12030023.68,13761569.792,25864.349,2263.122,3626,0,0,0,1,0,0,0,0,0
2005,UZB,LVA,UZB,LVA,14885.535,14307510.272,16041840.64,26167,2238.799,3624,0,0,0,1,0,0,0,0,0
2006,UZB,LVA,UZB,LVA,7781.301,17030896.64,19935045.632,26488.251,2218.357,3624,0,0,0,1,0,0,0,0,0
2007,UZB,LVA,UZB,LVA,10605.054,22311393.28,28765687.808,26868,2200.3250000000003,3624,0,0,0,1,0,0,0,0,0
2008,UZB,LVA,UZB,LVA,13187.307,27934031.872,33669367.808,27302.799,2177.322,3624,0,0,0,1,0,0,0,0,0
2009,UZB,LVA,UZB,LVA,3695.593,32816828.416,25875781.632,27767.401,2141.669,3624,0,0,0,1,0,0,0,0,0
2010,UZB,LVA,UZB,LVA,8942.527,39332769.792,24009680.896,28562.401,2097.555,3621,0,0,0,1,0,0,0,0,0
2011,UZB,LVA,UZB,LVA,9856.092,45324320.768,28480337.92,29339.399,2059.709,3621,0,0,0,1,0,0,0,0,0
2012,UZB,LVA,UZB,LVA,8459.609,51183443.968,28372578.304,29774.5,2034.319,3621,0,0,0,1,0,0,0,0,0
2013,UZB,LVA,UZB,LVA,12229.978,56795656.192,30956691.456,30241.1,2013.385,3621,0,0,0,1,0,0,0,0,0
2014,UZB,LVA,UZB,LVA,11876.874,63067078.656,31352250.368,30757.7,1993.782,3621,0,0,0,1,0,0,0,0,0
2015,UZB,LVA,UZB,LVA,10131.666,66903805.952,27026036.736,31298.901,1977.527,3618,0,0,0,1,0,0,0,0,0
2016,UZB,LVA,UZB,LVA,8881.935,67220336.64,27677390.848,31848.2,1960.424,3618,0,0,0,1,0,0,0,0,0
2017,UZB,LVA,UZB,LVA,73623.614,62081323.299,30483806.018,32388.599,1942.248,3618,0,0,0,1,0,0,0,0,0
2018,UZB,LVA,UZB,LVA,34651.616,52633143.808,34429023.435,32956.1,1927.174,3618,0,0,0,1,0,0,0,0,0
2019,UZB,LVA,UZB,LVA,32855.125,59907674.027,34308783.825,33580.349,1913.822,3618,0,0,0,1,0,0,0,0,0
2020,UZB,LVA,UZB,LVA,30613.264,59894305.353,33645460.617,34232.052,1900.449,3615,0,0,0,1,0,0,0,0,0
1994,UZB,MDA,UZB,MDA,1767.786,12899074.048,1702314.368,22377.001,3694,3229,0,0,0,0,0,0,0,0,0
1995,UZB,MDA,UZB,MDA,2073.291,13350461.44,1752995.328,22785,3675.099,3228,0,0,0,0,0,0,0,0,0
1996,UZB,MDA,UZB,MDA,2772.9210000000003,13948892.16,1695130.496,23225,3667.748,3228,0,0,0,0,0,0,0,0,0
1997,UZB,MDA,UZB,MDA,1048.798,14744603.648,1930071.424,23667,3654.208,3228,0,0,0,0,0,0,0,0,0
1998,UZB,MDA,UZB,MDA,751.238,14988971.008,1639497.216,24051.001,3652.732,3228,0,0,0,0,0,0,0,0,0
1999,UZB,MDA,UZB,MDA,138.085,17078465.536000002,1170785.024,24311.649,3647.001,3228,0,0,0,0,0,0,0,0,0
2000,UZB,MDA,UZB,MDA,202.038,13760374.784,1288420.224,24650.4,3639.592,3227,0,0,0,0,0,0,0,0,0
2001,UZB,MDA,UZB,MDA,87.96600000000001,11401351.168,1480656.896,24964.451,3631.462,3227,0,0,0,1,0,0,0,0,0
2002,UZB,MDA,UZB,MDA,155.522,9687951.36,1661818.112,25271.851,3623.062,3227,0,0,0,1,0,0,0,0,0
2003,UZB,MDA,UZB,MDA,934.679,10128112.64,1980901.504,25567.65,3612.874,3227,0,0,0,1,0,0,0,0,0
2004,UZB,MDA,UZB,MDA,722.466,12030023.68,2598231.552,25864.349,3603.945,3227,0,0,0,1,0,0,0,0,0
2005,UZB,MDA,UZB,MDA,1223.239,14307510.272,2988172.544,26167,3595.187,3223,0,0,0,1,0,0,0,0,0
2006,UZB,MDA,UZB,MDA,3981.584,17030896.64,3408454.144,26488.251,3585.2090000000003,3223,0,0,0,1,0,0,0,0,0
2007,UZB,MDA,UZB,MDA,14744.089,22311393.28,4402496,26868,3576.91,3223,0,0,0,1,0,0,0,0,0
2008,UZB,MDA,UZB,MDA,8834.804,27934031.872,6054806.016,27302.799,3570.108,3223,0,0,0,1,0,0,0,0,0
2009,UZB,MDA,UZB,MDA,1278.97,32816828.416,5439421.9520000005,27767.401,3565.6040000000003,3223,0,0,0,1,0,0,0,0,0
2010,UZB,MDA,UZB,MDA,3578.904,39332769.792,5811603.968,28562.401,3562.045,3218,0,0,0,1,0,0,0,0,0
2011,UZB,MDA,UZB,MDA,10604.089,45324320.768,7016162.816000001,29339.399,3559.986,3218,0,0,0,1,0,0,0,0,0
2012,UZB,MDA,UZB,MDA,8594.782000000001,51183443.968,7284686.336,29774.5,3559.519,3218,0,0,0,1,0,0,0,0,0
2013,UZB,MDA,UZB,MDA,9767.976,56795656.192,7969618.944,30241.1,3559,3218,0,0,0,1,0,0,0,0,0
2014,UZB,MDA,UZB,MDA,15446.902,63067078.656,7983270.912,30757.7,3556.397,3218,0,0,0,1,0,0,0,0,0
2015,UZB,MDA,UZB,MDA,12291.473,66903805.952,6512899.584,31298.901,3554.108,3214,0,0,0,1,0,0,0,0,0
2016,UZB,MDA,UZB,MDA,2832.942,67220336.64,6749515.776000001,31848.2,3552,3214,0,0,0,1,0,0,0,0,0
2017,UZB,MDA,UZB,MDA,7607.964,62081323.299,9669741.744,32388.599,2755.158,3214,0,0,0,1,0,0,0,0,0
2018,UZB,MDA,UZB,MDA,4051.806,52633143.808,11457443.185,32956.1,2708.214,3214,0,0,0,1,0,0,0,0,0
2019,UZB,MDA,UZB,MDA,8336.975,59907674.027,11971345.003,33580.349,2664.974,3214,0,0,0,1,0,0,0,0,0
2020,UZB,MDA,UZB,MDA,8575.031,59894305.353,11859730.544,34232.052,2620.495,3210,0,0,0,1,0,0,0,0,0
1996,UZB,RUS,UZB,RUS,649132.693,13948892.16,391721385.984,23225,148160.126,2373,0,0,0,0,0,0,0,0,0
1997,UZB,RUS,UZB,RUS,1015250.852,14744603.648,404926529.536,23667,147915.375,2373,0,0,0,0,0,0,0,0,0
1998,UZB,RUS,UZB,RUS,537392.287,14988971.008,270953119.744,24051.001,147670.776,2373,0,0,0,0,0,0,0,0,0
1999,UZB,RUS,UZB,RUS,467571.01,17078465.536000002,195905765.376,24311.649,147214.783,2373,0,0,0,0,0,0,0,0,0
2000,UZB,RUS,UZB,RUS,663267.909,13760374.784,259708502.016,24650.4,146596.863,2375,0,0,0,0,0,0,0,0,0
2001,UZB,RUS,UZB,RUS,583392.664,11401351.168,306602672.128,24964.451,145976.471,2375,0,0,0,0,0,0,0,0,0
2002,UZB,RUS,UZB,RUS,344030.646,9687951.36,345110446.08,25271.851,145408.035,2375,0,0,0,0,0,0,0,0,0
2003,UZB,RUS,UZB,RUS,426325.985,10128112.64,430347780.096,25567.65,144667.465,2375,0,0,0,0,0,0,0,0,0
2004,UZB,RUS,UZB,RUS,613304.567,12030023.68,591016689.664,25864.349,143821.213,2375,0,0,0,0,0,0,0,0,0
2005,UZB,RUS,UZB,RUS,857542.823,14307510.272,764000927.744,26167,143113.892,2377,0,0,0,0,0,0,0,0,0
2006,UZB,RUS,UZB,RUS,1274231.442,17030896.64,989930520.576,26488.251,142487.259,2377,0,0,0,0,0,0,0,0,0
2007,UZB,RUS,UZB,RUS,1459557.046,22311393.28,1299705233.408,26868,142114.899,2377,0,0,0,0,0,0,0,0,0
2008,UZB,RUS,UZB,RUS,1297318.269,27934031.872,1660844376.064,27302.799,141956.40600000002,2377,0,0,0,0,0,0,0,0,0
2009,UZB,RUS,UZB,RUS,846344.209,32816828.416,1222643679.232,27767.401,141909.241,2377,0,0,0,0,0,0,0,0,0
2010,UZB,RUS,UZB,RUS,1513472.151,39332769.792,1524916158.464,28562.401,142385.529,2379,0,0,0,0,0,0,0,0,0
2011,UZB,RUS,UZB,RUS,1756215.447,45324320.768,1904792961.024,29339.399,142956.467,2379,0,0,0,0,0,0,0,0,0
2012,UZB,RUS,UZB,RUS,1390799.227,51183443.968,2017470971.904,29774.5,143177.994,2379,0,0,0,1,0,0,0,0,0
2013,UZB,RUS,UZB,RUS,1256885.428,56795656.192,2096777003.008,30241.1,143499.863,2379,0,0,0,1,0,0,0,0,0
2014,UZB,RUS,UZB,RUS,869828.734,63067078.656,2063662317.568,30757.7,143819.672,2379,0,0,0,1,0,0,0,0,0
2015,UZB,RUS,UZB,RUS,575837.496,66903805.952,1365865267.2,31298.901,144096.863,2381,0,0,0,1,0,0,0,0,0
2016,UZB,RUS,UZB,RUS,777087.844,67220336.64,1283162374.144,31848.2,144342.392,2381,0,0,0,1,0,0,0,0,0
2017,UZB,RUS,UZB,RUS,1453672.277,62081323.299,1574199387.071,32388.599,144496.73500000002,2381,0,0,0,1,0,0,0,0,0
2018,UZB,RUS,UZB,RUS,1636425.444,52633143.808,1657329646.184,32956.1,144477.859,2381,0,0,0,1,0,0,0,0,0
2019,UZB,RUS,UZB,RUS,2034723.444,59907674.027,1693113904.263,33580.349,144406.265,2381,0,0,0,1,0,0,0,0,0
2020,UZB,RUS,UZB,RUS,1255475.768,59894305.353,1488321875.49,34232.052,144073.135,2383,0,0,0,1,0,0,0,0,0
2000,UZB,TJK,UZB,TJK,185197,13760374.784,860550.272,24650.4,6186.152,314,0,1,0,0,0,0,0,0,0
2016,UZB,TJK,UZB,TJK,33630.206,67220336.64,6951656.96,31848.2,8734.951000000001,313,0,1,0,1,0,0,0,0,0
2017,UZB,TJK,UZB,TJK,75273.866,62081323.299,7536439.875,32388.599,8880.27,313,0,1,0,1,0,0,0,0,0
2018,UZB,TJK,UZB,TJK,137027.131,52633143.808,7765014.424000001,32956.1,9100.847,313,0,1,0,1,0,0,0,0,0
2019,UZB,TJK,UZB,TJK,190171.663,59907674.027,8300784.857,33580.349,9321.023,313,0,1,0,1,0,0,0,0,0
2020,UZB,TJK,UZB,TJK,302219.835,59894305.353,8133996.648,34232.052,9537.642,313,0,1,0,1,0,0,0,0,0
1997,UZB,TKM,UZB,TKM,39241.438,14744603.648,2450084.864,23667,4335.991,950,0,1,0,0,0,0,0,0,0
1998,UZB,TKM,UZB,TKM,39628.154,14988971.008,2605688.064,24051.001,4395.293,950,0,1,0,0,0,0,0,0,0
1999,UZB,TKM,UZB,TKM,49779.71,17078465.536000002,2450686.72,24311.649,4449.427,950,0,1,0,0,0,0,0,0,0
2000,UZB,TKM,UZB,TKM,35335.724,13760374.784,2904662.528,24650.4,4501.419,949,0,1,0,0,0,0,0,0,0
2017,UZB,TKM,UZB,TKM,53177.287,62081323.299,37926285.714,32388.599,5757.667,935,0,1,0,0,0,0,0,0,0
2018,UZB,TKM,UZB,TKM,35230.826,52633143.808,40765428.571,32956.1,5850.902,935,0,1,0,0,0,0,0,0,0
2019,UZB,TKM,UZB,TKM,51464.685,59907674.027,45231428.571,33580.349,5942.094,935,0,1,0,0,0,0,0,0,0
1996,UZB,UKR,UZB,UKR,60645.479,13948892.16,44558077.952,23225,51057.19,2866,0,0,0,0,0,0,0,0,0
1997,UZB,UKR,UZB,UKR,126254.872,14744603.648,50150400,23667,50594.105,2866,0,0,0,0,0,0,0,0,0
1998,UZB,UKR,UZB,UKR,29564.062,14988971.008,41883242.496,24051.001,50143.94,2866,0,0,0,0,0,0,0,0,0
1999,UZB,UKR,UZB,UKR,87252.803,17078465.536000002,31580639.232,24311.649,49673.351,2866,0,0,0,0,0,0,0,0,0
2000,UZB,UKR,UZB,UKR,177744.7,13760374.784,31261528.064,24650.4,49175.846,2867,0,0,0,0,0,0,0,0,0
2001,UZB,UKR,UZB,UKR,192973.07,11401351.168,38009344,24964.451,48683.865,2867,0,0,0,0,0,0,0,0,0
2002,UZB,UKR,UZB,UKR,27772.51,9687951.36,42392895.488,25271.851,48202.499,2867,0,0,0,0,0,0,0,0,0
2003,UZB,UKR,UZB,UKR,160435.34,10128112.64,50132955.136,25567.65,47812.95,2867,0,0,0,0,0,0,0,0,0
2004,UZB,UKR,UZB,UKR,69469.43000000001,12030023.68,64883060.736,25864.349,47451.599,2867,0,0,0,0,0,0,0,0,0
2005,UZB,UKR,UZB,UKR,205320.456,14307510.272,86142017.536,26167,47105.148,2867,0,0,0,0,0,0,0,0,0
2006,UZB,UKR,UZB,UKR,418045.962,17030896.64,107753070.592,26488.251,46787.75,2867,0,0,0,0,0,0,0,0,0
2007,UZB,UKR,UZB,UKR,546008.031,22311393.28,142719008.768,26868,46509.35,2867,0,0,0,0,0,0,0,0,0
2008,UZB,UKR,UZB,UKR,2118238.229,27934031.872,179992412.16,27302.799,46258.202,2867,0,0,0,1,0,0,0,0,0
2009,UZB,UKR,UZB,UKR,1640771.083,32816828.416,117227765.76,27767.401,46053.299,2867,0,0,0,1,0,0,0,0,0
2010,UZB,UKR,UZB,UKR,81732.82,39332769.792,136419303.424,28562.401,45870.701,2868,0,0,0,1,0,0,0,0,0
2011,UZB,UKR,UZB,UKR,643873.034,45324320.768,163421732.864,29339.399,45706.1,2868,0,0,0,1,0,0,0,0,0
2012,UZB,UKR,UZB,UKR,108961.763,51183443.968,176603430.912,29774.5,45593.3,2868,0,0,0,1,0,0,0,0,0
2013,UZB,UKR,UZB,UKR,91630.378,56795656.192,177430609.92000002,30241.1,45489.601,2868,0,0,0,1,0,0,0,0,0
2014,UZB,UKR,UZB,UKR,72842.587,63067078.656,133503410.176,30757.7,45271.946,2868,0,0,0,1,0,0,0,0,0
2015,UZB,UKR,UZB,UKR,62329.53,66903805.952,91030962.176,31298.901,45154.03,2868,0,0,0,1,0,0,0,0,0
2016,UZB,UKR,UZB,UKR,71060.182,67220336.64,93270482.944,31848.2,45004.646,2868,0,0,0,1,0,0,0,0,0
2017,UZB,UKR,UZB,UKR,122705.398,62081323.299,112090530.369,32388.599,44831.135,2868,0,0,0,1,0,0,0,0,0
2018,UZB,UKR,UZB,UKR,121381.088,52633143.808,130891049.797,32956.1,44622.517,2868,0,0,0,1,0,0,0,0,0
2019,UZB,UKR,UZB,UKR,113627.643,59907674.027,153882982.016,33580.349,44386.204,2868,0,0,0,1,0,0,0,0,0
2020,UZB,UKR,UZB,UKR,148179.481,59894305.353,156617861.449,34232.052,44132.05,2869,0,0,0,1,0,0,0,0,0
